ISO-10303-21;
HEADER;
/* Generated by software containing ST-Developer
 * from STEP Tools, Inc. (www.steptools.com) 
 */

FILE_DESCRIPTION(
/* description */ (''),
/* implementation_level */ '2;1');

FILE_NAME(
/* name */ 'table.step',
/* time_stamp */ '2026-08-01T17:20:03+05:30',
/* author */ (''),
/* organization */ (''),
/* preprocessor_version */ 'ST-DEVELOPER v20.1',
/* originating_system */ 'Autodesk Translation Framework v15.8.0.0',
/* authorisation */ '');

FILE_SCHEMA (('AUTOMOTIVE_DESIGN { 1 0 10303 214 3 1 1 }'));
ENDSEC;

DATA;
#10=MECHANICAL_DESIGN_GEOMETRIC_PRESENTATION_REPRESENTATION('',(#82,#83,
#84,#85,#86,#87,#88,#89,#90,#91,#92,#93,#94,#95,#96,#97,#98,#99,#100,#101,
#102,#103,#104,#105,#106,#107,#108,#109,#110,#111,#112,#113,#114,#115,#116,
#117,#118,#119,#120,#121,#122,#123,#124,#125,#126,#127,#128,#129,#130,#131,
#132,#133,#134,#135,#136,#137,#138,#139,#140,#141,#142),#7216);
#11=SHAPE_REPRESENTATION_RELATIONSHIP('SRR','None',#7223,#12);
#12=ADVANCED_BREP_SHAPE_REPRESENTATION('',(#13,#14),#7215);
#13=MANIFOLD_SOLID_BREP('BASE',#4099);
#14=MANIFOLD_SOLID_BREP('TOP',#4100);
#15=FACE_BOUND('',#625,.T.);
#16=FACE_BOUND('',#629,.T.);
#17=FACE_BOUND('',#713,.T.);
#18=FACE_BOUND('',#717,.T.);
#19=FACE_BOUND('',#718,.T.);
#20=FACE_BOUND('',#721,.T.);
#21=FACE_BOUND('',#722,.T.);
#22=FACE_BOUND('',#725,.T.);
#23=FACE_BOUND('',#726,.T.);
#24=FACE_BOUND('',#729,.T.);
#25=FACE_BOUND('',#730,.T.);
#26=FACE_BOUND('',#733,.T.);
#27=FACE_BOUND('',#734,.T.);
#28=FACE_BOUND('',#737,.T.);
#29=FACE_BOUND('',#738,.T.);
#30=FACE_BOUND('',#741,.T.);
#31=FACE_BOUND('',#742,.T.);
#32=FACE_BOUND('',#745,.T.);
#33=FACE_BOUND('',#746,.T.);
#34=FACE_BOUND('',#749,.T.);
#35=FACE_BOUND('',#750,.T.);
#36=TOROIDAL_SURFACE('',#4192,64.5119115182985,10.5);
#37=TOROIDAL_SURFACE('',#4535,97.3908209967419,2.5);
#38=TOROIDAL_SURFACE('',#4540,14.,3.5);
#39=B_SPLINE_CURVE_WITH_KNOTS('',3,(#5778,#5779,#5780,#5781,#5782,#5783,
#5784,#5785,#5786,#5787),.UNSPECIFIED.,.F.,.F.,(4,2,2,2,4),(4.66533133758415,
4.85973676312591,5.05414218866766,5.24853380284691,5.43224164151362),
 .UNSPECIFIED.);
#40=B_SPLINE_CURVE_WITH_KNOTS('',3,(#5808,#5809,#5810,#5811,#5812,#5813,
#5814,#5815,#5816,#5817),.UNSPECIFIED.,.F.,.F.,(4,2,2,2,4),(4.66533133758415,
4.85973676312591,5.05414218866766,5.24853380284691,5.43224164151362),
 .UNSPECIFIED.);
#41=B_SPLINE_CURVE_WITH_KNOTS('',3,(#5838,#5839,#5840,#5841,#5842,#5843,
#5844,#5845,#5846,#5847),.UNSPECIFIED.,.F.,.F.,(4,2,2,2,4),(4.66533133758415,
4.8597367631259,5.05414218866766,5.24853380284691,5.43224164151362),
 .UNSPECIFIED.);
#42=B_SPLINE_CURVE_WITH_KNOTS('',3,(#5868,#5869,#5870,#5871,#5872,#5873,
#5874,#5875,#5876,#5877),.UNSPECIFIED.,.F.,.F.,(4,2,2,2,4),(4.66533133758415,
4.8597367631259,5.05414218866766,5.24853380284691,5.43224164151362),
 .UNSPECIFIED.);
#43=B_SPLINE_CURVE_WITH_KNOTS('',3,(#5898,#5899,#5900,#5901,#5902,#5903,
#5904,#5905,#5906,#5907),.UNSPECIFIED.,.F.,.F.,(4,2,2,2,4),(4.66533133758415,
4.8597367631259,5.05414218866766,5.24853380284691,5.43224164151362),
 .UNSPECIFIED.);
#44=B_SPLINE_CURVE_WITH_KNOTS('',3,(#5928,#5929,#5930,#5931,#5932,#5933,
#5934,#5935,#5936,#5937),.UNSPECIFIED.,.F.,.F.,(4,2,2,2,4),(4.66533133758415,
4.85973676312591,5.05414218866766,5.24853380284691,5.43224164151362),
 .UNSPECIFIED.);
#45=B_SPLINE_CURVE_WITH_KNOTS('',3,(#5958,#5959,#5960,#5961,#5962,#5963,
#5964,#5965,#5966,#5967),.UNSPECIFIED.,.F.,.F.,(4,2,2,2,4),(4.66533133758415,
4.8597367631259,5.05414218866766,5.24853380284691,5.43224164151362),
 .UNSPECIFIED.);
#46=B_SPLINE_CURVE_WITH_KNOTS('',3,(#5982,#5983,#5984,#5985,#5986,#5987,
#5988,#5989,#5990,#5991),.UNSPECIFIED.,.F.,.F.,(4,2,2,2,4),(4.66533133758415,
4.85973676312591,5.05414218866766,5.24853380284691,5.43224164151362),
 .UNSPECIFIED.);
#47=B_SPLINE_CURVE_WITH_KNOTS('',3,(#6036,#6037,#6038,#6039,#6040,#6041,
#6042,#6043,#6044,#6045),.UNSPECIFIED.,.F.,.F.,(4,2,2,2,4),(4.66533133758415,
4.8597367631259,5.05414218866766,5.24853380284691,5.43224164151362),
 .UNSPECIFIED.);
#48=B_SPLINE_CURVE_WITH_KNOTS('',3,(#6054,#6055,#6056,#6057,#6058,#6059,
#6060,#6061,#6062,#6063),.UNSPECIFIED.,.F.,.F.,(4,2,2,2,4),(4.66533133758415,
4.8597367631259,5.05414218866766,5.24853380284691,5.43224164151362),
 .UNSPECIFIED.);
#49=B_SPLINE_CURVE_WITH_KNOTS('',3,(#6071,#6072,#6073,#6074,#6075,#6076,
#6077,#6078,#6079,#6080),.UNSPECIFIED.,.F.,.F.,(4,2,2,2,4),(4.66533133758415,
4.8597367631259,5.05414218866766,5.24853380284691,5.43224164151362),
 .UNSPECIFIED.);
#50=B_SPLINE_CURVE_WITH_KNOTS('',3,(#6088,#6089,#6090,#6091,#6092,#6093,
#6094,#6095,#6096,#6097),.UNSPECIFIED.,.F.,.F.,(4,2,2,2,4),(4.66533133758415,
4.8597367631259,5.05414218866766,5.24853380284691,5.43224164151362),
 .UNSPECIFIED.);
#51=B_SPLINE_CURVE_WITH_KNOTS('',3,(#6105,#6106,#6107,#6108,#6109,#6110,
#6111,#6112,#6113,#6114),.UNSPECIFIED.,.F.,.F.,(4,2,2,2,4),(4.66533133758415,
4.8597367631259,5.05414218866766,5.24853380284691,5.43224164151362),
 .UNSPECIFIED.);
#52=B_SPLINE_CURVE_WITH_KNOTS('',3,(#6122,#6123,#6124,#6125,#6126,#6127,
#6128,#6129,#6130,#6131),.UNSPECIFIED.,.F.,.F.,(4,2,2,2,4),(4.66533133758415,
4.85973676312591,5.05414218866766,5.24853380284691,5.43224164151362),
 .UNSPECIFIED.);
#53=B_SPLINE_CURVE_WITH_KNOTS('',3,(#6139,#6140,#6141,#6142,#6143,#6144,
#6145,#6146,#6147,#6148),.UNSPECIFIED.,.F.,.F.,(4,2,2,2,4),(4.66533133758415,
4.8597367631259,5.05414218866766,5.24853380284691,5.43224164151362),
 .UNSPECIFIED.);
#54=B_SPLINE_CURVE_WITH_KNOTS('',3,(#6156,#6157,#6158,#6159,#6160,#6161,
#6162,#6163,#6164,#6165),.UNSPECIFIED.,.F.,.F.,(4,2,2,2,4),(4.66533133758415,
4.85973676312591,5.05414218866766,5.24853380284691,5.43224164151362),
 .UNSPECIFIED.);
#55=B_SPLINE_CURVE_WITH_KNOTS('',3,(#6830,#6831,#6832,#6833,#6834,#6835),
 .UNSPECIFIED.,.F.,.F.,(4,2,4),(1.11073071311216,1.20329277102945,1.24445067604755),
 .UNSPECIFIED.);
#56=B_SPLINE_CURVE_WITH_KNOTS('',3,(#6843,#6844,#6845,#6846,#6847,#6848),
 .UNSPECIFIED.,.F.,.F.,(4,2,4),(2.94045789165379,2.99459862744838,3.14266352916103),
 .UNSPECIFIED.);
#57=B_SPLINE_CURVE_WITH_KNOTS('',3,(#6853,#6854,#6855,#6856,#6857,#6858),
 .UNSPECIFIED.,.F.,.F.,(4,2,4),(0.235441163189786,0.277687696324392,0.370262355710541),
 .UNSPECIFIED.);
#58=B_SPLINE_CURVE_WITH_KNOTS('',3,(#6871,#6872,#6873,#6874,#6875,#6876),
 .UNSPECIFIED.,.F.,.F.,(4,2,4),(1.11073071311215,1.20329277102945,1.24445067604755),
 .UNSPECIFIED.);
#59=B_SPLINE_CURVE_WITH_KNOTS('',3,(#6884,#6885,#6886,#6887,#6888,#6889),
 .UNSPECIFIED.,.F.,.F.,(4,2,4),(2.94045789165379,2.99459862744838,3.14266352916103),
 .UNSPECIFIED.);
#60=B_SPLINE_CURVE_WITH_KNOTS('',3,(#6894,#6895,#6896,#6897,#6898,#6899),
 .UNSPECIFIED.,.F.,.F.,(4,2,4),(0.235441163189787,0.277687696324394,0.37026235571054),
 .UNSPECIFIED.);
#61=B_SPLINE_CURVE_WITH_KNOTS('',3,(#6912,#6913,#6914,#6915,#6916,#6917),
 .UNSPECIFIED.,.F.,.F.,(4,2,4),(1.11073071311216,1.20329277102945,1.24445067604756),
 .UNSPECIFIED.);
#62=B_SPLINE_CURVE_WITH_KNOTS('',3,(#6925,#6926,#6927,#6928,#6929,#6930),
 .UNSPECIFIED.,.F.,.F.,(4,2,4),(2.94045789165378,2.99459862744834,3.14266352916102),
 .UNSPECIFIED.);
#63=B_SPLINE_CURVE_WITH_KNOTS('',3,(#6935,#6936,#6937,#6938,#6939,#6940),
 .UNSPECIFIED.,.F.,.F.,(4,2,4),(0.235441163189787,0.277687696324392,0.370262355710541),
 .UNSPECIFIED.);
#64=B_SPLINE_CURVE_WITH_KNOTS('',3,(#6953,#6954,#6955,#6956,#6957,#6958),
 .UNSPECIFIED.,.F.,.F.,(4,2,4),(1.11073071311215,1.20329277102945,1.24445067604755),
 .UNSPECIFIED.);
#65=B_SPLINE_CURVE_WITH_KNOTS('',3,(#6966,#6967,#6968,#6969,#6970,#6971),
 .UNSPECIFIED.,.F.,.F.,(4,2,4),(2.9404578916538,2.9945986274484,3.14266352916104),
 .UNSPECIFIED.);
#66=B_SPLINE_CURVE_WITH_KNOTS('',3,(#6976,#6977,#6978,#6979,#6980,#6981),
 .UNSPECIFIED.,.F.,.F.,(4,2,4),(0.235441163189788,0.277687696324392,0.37026235571054),
 .UNSPECIFIED.);
#67=B_SPLINE_CURVE_WITH_KNOTS('',3,(#6994,#6995,#6996,#6997,#6998,#6999),
 .UNSPECIFIED.,.F.,.F.,(4,2,4),(1.11073071311216,1.20329277102945,1.24445067604755),
 .UNSPECIFIED.);
#68=B_SPLINE_CURVE_WITH_KNOTS('',3,(#7007,#7008,#7009,#7010,#7011,#7012),
 .UNSPECIFIED.,.F.,.F.,(4,2,4),(2.94045789165385,2.99459862744843,3.14266352916109),
 .UNSPECIFIED.);
#69=B_SPLINE_CURVE_WITH_KNOTS('',3,(#7017,#7018,#7019,#7020,#7021,#7022),
 .UNSPECIFIED.,.F.,.F.,(4,2,4),(0.235441163189788,0.277687696324394,0.370262355710542),
 .UNSPECIFIED.);
#70=B_SPLINE_CURVE_WITH_KNOTS('',3,(#7035,#7036,#7037,#7038,#7039,#7040),
 .UNSPECIFIED.,.F.,.F.,(4,2,4),(1.11073071311215,1.20329277102944,1.24445067604755),
 .UNSPECIFIED.);
#71=B_SPLINE_CURVE_WITH_KNOTS('',3,(#7048,#7049,#7050,#7051,#7052,#7053),
 .UNSPECIFIED.,.F.,.F.,(4,2,4),(2.94045789165372,2.99459862744836,3.14266352916096),
 .UNSPECIFIED.);
#72=B_SPLINE_CURVE_WITH_KNOTS('',3,(#7058,#7059,#7060,#7061,#7062,#7063),
 .UNSPECIFIED.,.F.,.F.,(4,2,4),(0.235441163189791,0.277687696324394,0.37026235571054),
 .UNSPECIFIED.);
#73=B_SPLINE_CURVE_WITH_KNOTS('',3,(#7076,#7077,#7078,#7079,#7080,#7081),
 .UNSPECIFIED.,.F.,.F.,(4,2,4),(1.11073071311216,1.20329277102945,1.24445067604756),
 .UNSPECIFIED.);
#74=B_SPLINE_CURVE_WITH_KNOTS('',3,(#7089,#7090,#7091,#7092,#7093,#7094),
 .UNSPECIFIED.,.F.,.F.,(4,2,4),(2.94045789165378,2.99459862744837,3.14266352916102),
 .UNSPECIFIED.);
#75=B_SPLINE_CURVE_WITH_KNOTS('',3,(#7099,#7100,#7101,#7102,#7103,#7104),
 .UNSPECIFIED.,.F.,.F.,(4,2,4),(0.235441163189789,0.277687696324394,0.370262355710541),
 .UNSPECIFIED.);
#76=B_SPLINE_CURVE_WITH_KNOTS('',3,(#7117,#7118,#7119,#7120,#7121,#7122),
 .UNSPECIFIED.,.F.,.F.,(4,2,4),(1.11073071311216,1.20329277102945,1.24445067604755),
 .UNSPECIFIED.);
#77=B_SPLINE_CURVE_WITH_KNOTS('',3,(#7130,#7131,#7132,#7133,#7134,#7135),
 .UNSPECIFIED.,.F.,.F.,(4,2,4),(2.94045789165381,2.99459862744839,3.14266352916105),
 .UNSPECIFIED.);
#78=B_SPLINE_CURVE_WITH_KNOTS('',3,(#7140,#7141,#7142,#7143,#7144,#7145),
 .UNSPECIFIED.,.F.,.F.,(4,2,4),(0.235441163189789,0.277687696324394,0.370262355710541),
 .UNSPECIFIED.);
#79=B_SPLINE_CURVE_WITH_KNOTS('',3,(#7158,#7159,#7160,#7161,#7162,#7163),
 .UNSPECIFIED.,.F.,.F.,(4,2,4),(1.11073071311216,1.20329277102945,1.24445067604756),
 .UNSPECIFIED.);
#80=B_SPLINE_CURVE_WITH_KNOTS('',3,(#7171,#7172,#7173,#7174,#7175,#7176),
 .UNSPECIFIED.,.F.,.F.,(4,2,4),(2.94045789165376,2.99459862744837,3.142663529161),
 .UNSPECIFIED.);
#81=B_SPLINE_CURVE_WITH_KNOTS('',3,(#7181,#7182,#7183,#7184,#7185,#7186),
 .UNSPECIFIED.,.F.,.F.,(4,2,4),(0.235441163189788,0.277687696324392,0.37026235571054),
 .UNSPECIFIED.);
#82=STYLED_ITEM('',(#7234),#3868);
#83=STYLED_ITEM('',(#7234),#3869);
#84=STYLED_ITEM('',(#7234),#3870);
#85=STYLED_ITEM('',(#7234),#3871);
#86=STYLED_ITEM('',(#7234),#3872);
#87=STYLED_ITEM('',(#7234),#3873);
#88=STYLED_ITEM('',(#7234),#3874);
#89=STYLED_ITEM('',(#7234),#3875);
#90=STYLED_ITEM('',(#7234),#3876);
#91=STYLED_ITEM('',(#7234),#3877);
#92=STYLED_ITEM('',(#7234),#3878);
#93=STYLED_ITEM('',(#7234),#3879);
#94=STYLED_ITEM('',(#7234),#3880);
#95=STYLED_ITEM('',(#7234),#3881);
#96=STYLED_ITEM('',(#7234),#3882);
#97=STYLED_ITEM('',(#7234),#3883);
#98=STYLED_ITEM('',(#7234),#3884);
#99=STYLED_ITEM('',(#7234),#3885);
#100=STYLED_ITEM('',(#7234),#3886);
#101=STYLED_ITEM('',(#7234),#3887);
#102=STYLED_ITEM('',(#7234),#3888);
#103=STYLED_ITEM('',(#7234),#3889);
#104=STYLED_ITEM('',(#7234),#3890);
#105=STYLED_ITEM('',(#7234),#3899);
#106=STYLED_ITEM('',(#7234),#3900);
#107=STYLED_ITEM('',(#7234),#3901);
#108=STYLED_ITEM('',(#7234),#3902);
#109=STYLED_ITEM('',(#7234),#3903);
#110=STYLED_ITEM('',(#7234),#3904);
#111=STYLED_ITEM('',(#7234),#3906);
#112=STYLED_ITEM('',(#7234),#3907);
#113=STYLED_ITEM('',(#7234),#3908);
#114=STYLED_ITEM('',(#7234),#3912);
#115=STYLED_ITEM('',(#7234),#3914);
#116=STYLED_ITEM('',(#7234),#3915);
#117=STYLED_ITEM('',(#7234),#3918);
#118=STYLED_ITEM('',(#7234),#3919);
#119=STYLED_ITEM('',(#7234),#3920);
#120=STYLED_ITEM('',(#7234),#3922);
#121=STYLED_ITEM('',(#7234),#3923);
#122=STYLED_ITEM('',(#7234),#3924);
#123=STYLED_ITEM('',(#7234),#3926);
#124=STYLED_ITEM('',(#7234),#3927);
#125=STYLED_ITEM('',(#7234),#3928);
#126=STYLED_ITEM('',(#7234),#3930);
#127=STYLED_ITEM('',(#7234),#3931);
#128=STYLED_ITEM('',(#7234),#3932);
#129=STYLED_ITEM('',(#7234),#3934);
#130=STYLED_ITEM('',(#7233),#13);
#131=STYLED_ITEM('',(#7234),#4024);
#132=STYLED_ITEM('',(#7234),#4026);
#133=STYLED_ITEM('',(#7234),#4028);
#134=STYLED_ITEM('',(#7234),#4030);
#135=STYLED_ITEM('',(#7234),#4032);
#136=STYLED_ITEM('',(#7234),#4034);
#137=STYLED_ITEM('',(#7234),#4036);
#138=STYLED_ITEM('',(#7234),#4038);
#139=STYLED_ITEM('',(#7234),#4040);
#140=STYLED_ITEM('',(#7235),#4096);
#141=STYLED_ITEM('',(#7234),#4098);
#142=STYLED_ITEM('',(#7233),#14);
#143=PLANE('',#4117);
#144=PLANE('',#4118);
#145=PLANE('',#4120);
#146=PLANE('',#4123);
#147=PLANE('',#4124);
#148=PLANE('',#4126);
#149=PLANE('',#4129);
#150=PLANE('',#4130);
#151=PLANE('',#4132);
#152=PLANE('',#4135);
#153=PLANE('',#4136);
#154=PLANE('',#4138);
#155=PLANE('',#4141);
#156=PLANE('',#4142);
#157=PLANE('',#4144);
#158=PLANE('',#4147);
#159=PLANE('',#4148);
#160=PLANE('',#4150);
#161=PLANE('',#4153);
#162=PLANE('',#4154);
#163=PLANE('',#4156);
#164=PLANE('',#4159);
#165=PLANE('',#4160);
#166=PLANE('',#4162);
#167=PLANE('',#4163);
#168=PLANE('',#4166);
#169=PLANE('',#4169);
#170=PLANE('',#4172);
#171=PLANE('',#4175);
#172=PLANE('',#4178);
#173=PLANE('',#4181);
#174=PLANE('',#4184);
#175=PLANE('',#4187);
#176=PLANE('',#4190);
#177=PLANE('',#4218);
#178=PLANE('',#4219);
#179=PLANE('',#4221);
#180=PLANE('',#4222);
#181=PLANE('',#4224);
#182=PLANE('',#4225);
#183=PLANE('',#4227);
#184=PLANE('',#4228);
#185=PLANE('',#4230);
#186=PLANE('',#4231);
#187=PLANE('',#4233);
#188=PLANE('',#4234);
#189=PLANE('',#4236);
#190=PLANE('',#4237);
#191=PLANE('',#4239);
#192=PLANE('',#4240);
#193=PLANE('',#4242);
#194=PLANE('',#4243);
#195=PLANE('',#4245);
#196=PLANE('',#4246);
#197=PLANE('',#4248);
#198=PLANE('',#4249);
#199=PLANE('',#4251);
#200=PLANE('',#4252);
#201=PLANE('',#4254);
#202=PLANE('',#4255);
#203=PLANE('',#4257);
#204=PLANE('',#4258);
#205=PLANE('',#4260);
#206=PLANE('',#4261);
#207=PLANE('',#4263);
#208=PLANE('',#4264);
#209=PLANE('',#4268);
#210=PLANE('',#4273);
#211=PLANE('',#4274);
#212=PLANE('',#4280);
#213=PLANE('',#4284);
#214=PLANE('',#4285);
#215=PLANE('',#4289);
#216=PLANE('',#4293);
#217=PLANE('',#4294);
#218=PLANE('',#4298);
#219=PLANE('',#4302);
#220=PLANE('',#4303);
#221=PLANE('',#4307);
#222=PLANE('',#4311);
#223=PLANE('',#4312);
#224=PLANE('',#4316);
#225=PLANE('',#4320);
#226=PLANE('',#4321);
#227=PLANE('',#4325);
#228=PLANE('',#4329);
#229=PLANE('',#4333);
#230=PLANE('',#4337);
#231=PLANE('',#4341);
#232=PLANE('',#4345);
#233=PLANE('',#4349);
#234=PLANE('',#4353);
#235=PLANE('',#4354);
#236=PLANE('',#4355);
#237=PLANE('',#4359);
#238=PLANE('',#4363);
#239=PLANE('',#4364);
#240=PLANE('',#4368);
#241=PLANE('',#4372);
#242=PLANE('',#4373);
#243=PLANE('',#4377);
#244=PLANE('',#4381);
#245=PLANE('',#4385);
#246=PLANE('',#4389);
#247=PLANE('',#4393);
#248=PLANE('',#4397);
#249=PLANE('',#4401);
#250=PLANE('',#4405);
#251=PLANE('',#4409);
#252=PLANE('',#4413);
#253=PLANE('',#4417);
#254=PLANE('',#4421);
#255=PLANE('',#4425);
#256=PLANE('',#4429);
#257=PLANE('',#4433);
#258=PLANE('',#4434);
#259=PLANE('',#4435);
#260=PLANE('',#4437);
#261=PLANE('',#4439);
#262=PLANE('',#4441);
#263=PLANE('',#4443);
#264=PLANE('',#4445);
#265=PLANE('',#4447);
#266=PLANE('',#4449);
#267=PLANE('',#4451);
#268=PLANE('',#4453);
#269=PLANE('',#4456);
#270=PLANE('',#4458);
#271=PLANE('',#4460);
#272=PLANE('',#4462);
#273=PLANE('',#4464);
#274=PLANE('',#4466);
#275=PLANE('',#4468);
#276=PLANE('',#4470);
#277=PLANE('',#4472);
#278=PLANE('',#4473);
#279=PLANE('',#4474);
#280=PLANE('',#4477);
#281=PLANE('',#4478);
#282=PLANE('',#4479);
#283=PLANE('',#4480);
#284=PLANE('',#4481);
#285=PLANE('',#4484);
#286=PLANE('',#4485);
#287=PLANE('',#4486);
#288=PLANE('',#4487);
#289=PLANE('',#4488);
#290=PLANE('',#4491);
#291=PLANE('',#4492);
#292=PLANE('',#4493);
#293=PLANE('',#4494);
#294=PLANE('',#4495);
#295=PLANE('',#4498);
#296=PLANE('',#4499);
#297=PLANE('',#4500);
#298=PLANE('',#4501);
#299=PLANE('',#4502);
#300=PLANE('',#4505);
#301=PLANE('',#4506);
#302=PLANE('',#4507);
#303=PLANE('',#4508);
#304=PLANE('',#4509);
#305=PLANE('',#4512);
#306=PLANE('',#4513);
#307=PLANE('',#4514);
#308=PLANE('',#4515);
#309=PLANE('',#4516);
#310=PLANE('',#4519);
#311=PLANE('',#4520);
#312=PLANE('',#4521);
#313=PLANE('',#4522);
#314=PLANE('',#4523);
#315=PLANE('',#4526);
#316=PLANE('',#4527);
#317=PLANE('',#4528);
#318=PLANE('',#4529);
#319=PLANE('',#4530);
#320=PLANE('',#4533);
#321=PLANE('',#4534);
#322=FACE_OUTER_BOUND('',#555,.T.);
#323=FACE_OUTER_BOUND('',#556,.T.);
#324=FACE_OUTER_BOUND('',#557,.T.);
#325=FACE_OUTER_BOUND('',#558,.T.);
#326=FACE_OUTER_BOUND('',#559,.T.);
#327=FACE_OUTER_BOUND('',#560,.T.);
#328=FACE_OUTER_BOUND('',#561,.T.);
#329=FACE_OUTER_BOUND('',#562,.T.);
#330=FACE_OUTER_BOUND('',#563,.T.);
#331=FACE_OUTER_BOUND('',#564,.T.);
#332=FACE_OUTER_BOUND('',#565,.T.);
#333=FACE_OUTER_BOUND('',#566,.T.);
#334=FACE_OUTER_BOUND('',#567,.T.);
#335=FACE_OUTER_BOUND('',#568,.T.);
#336=FACE_OUTER_BOUND('',#569,.T.);
#337=FACE_OUTER_BOUND('',#570,.T.);
#338=FACE_OUTER_BOUND('',#571,.T.);
#339=FACE_OUTER_BOUND('',#572,.T.);
#340=FACE_OUTER_BOUND('',#573,.T.);
#341=FACE_OUTER_BOUND('',#574,.T.);
#342=FACE_OUTER_BOUND('',#575,.T.);
#343=FACE_OUTER_BOUND('',#576,.T.);
#344=FACE_OUTER_BOUND('',#577,.T.);
#345=FACE_OUTER_BOUND('',#578,.T.);
#346=FACE_OUTER_BOUND('',#579,.T.);
#347=FACE_OUTER_BOUND('',#580,.T.);
#348=FACE_OUTER_BOUND('',#581,.T.);
#349=FACE_OUTER_BOUND('',#582,.T.);
#350=FACE_OUTER_BOUND('',#583,.T.);
#351=FACE_OUTER_BOUND('',#584,.T.);
#352=FACE_OUTER_BOUND('',#585,.T.);
#353=FACE_OUTER_BOUND('',#586,.T.);
#354=FACE_OUTER_BOUND('',#587,.T.);
#355=FACE_OUTER_BOUND('',#588,.T.);
#356=FACE_OUTER_BOUND('',#589,.T.);
#357=FACE_OUTER_BOUND('',#590,.T.);
#358=FACE_OUTER_BOUND('',#591,.T.);
#359=FACE_OUTER_BOUND('',#592,.T.);
#360=FACE_OUTER_BOUND('',#593,.T.);
#361=FACE_OUTER_BOUND('',#594,.T.);
#362=FACE_OUTER_BOUND('',#595,.T.);
#363=FACE_OUTER_BOUND('',#596,.T.);
#364=FACE_OUTER_BOUND('',#597,.T.);
#365=FACE_OUTER_BOUND('',#598,.T.);
#366=FACE_OUTER_BOUND('',#599,.T.);
#367=FACE_OUTER_BOUND('',#600,.T.);
#368=FACE_OUTER_BOUND('',#601,.T.);
#369=FACE_OUTER_BOUND('',#602,.T.);
#370=FACE_OUTER_BOUND('',#603,.T.);
#371=FACE_OUTER_BOUND('',#604,.T.);
#372=FACE_OUTER_BOUND('',#605,.T.);
#373=FACE_OUTER_BOUND('',#606,.T.);
#374=FACE_OUTER_BOUND('',#607,.T.);
#375=FACE_OUTER_BOUND('',#608,.T.);
#376=FACE_OUTER_BOUND('',#609,.T.);
#377=FACE_OUTER_BOUND('',#610,.T.);
#378=FACE_OUTER_BOUND('',#611,.T.);
#379=FACE_OUTER_BOUND('',#612,.T.);
#380=FACE_OUTER_BOUND('',#613,.T.);
#381=FACE_OUTER_BOUND('',#614,.T.);
#382=FACE_OUTER_BOUND('',#615,.T.);
#383=FACE_OUTER_BOUND('',#616,.T.);
#384=FACE_OUTER_BOUND('',#617,.T.);
#385=FACE_OUTER_BOUND('',#618,.T.);
#386=FACE_OUTER_BOUND('',#619,.T.);
#387=FACE_OUTER_BOUND('',#620,.T.);
#388=FACE_OUTER_BOUND('',#621,.T.);
#389=FACE_OUTER_BOUND('',#622,.T.);
#390=FACE_OUTER_BOUND('',#623,.T.);
#391=FACE_OUTER_BOUND('',#624,.T.);
#392=FACE_OUTER_BOUND('',#626,.T.);
#393=FACE_OUTER_BOUND('',#627,.T.);
#394=FACE_OUTER_BOUND('',#628,.T.);
#395=FACE_OUTER_BOUND('',#630,.T.);
#396=FACE_OUTER_BOUND('',#631,.T.);
#397=FACE_OUTER_BOUND('',#632,.T.);
#398=FACE_OUTER_BOUND('',#633,.T.);
#399=FACE_OUTER_BOUND('',#634,.T.);
#400=FACE_OUTER_BOUND('',#635,.T.);
#401=FACE_OUTER_BOUND('',#636,.T.);
#402=FACE_OUTER_BOUND('',#637,.T.);
#403=FACE_OUTER_BOUND('',#638,.T.);
#404=FACE_OUTER_BOUND('',#639,.T.);
#405=FACE_OUTER_BOUND('',#640,.T.);
#406=FACE_OUTER_BOUND('',#641,.T.);
#407=FACE_OUTER_BOUND('',#642,.T.);
#408=FACE_OUTER_BOUND('',#643,.T.);
#409=FACE_OUTER_BOUND('',#644,.T.);
#410=FACE_OUTER_BOUND('',#645,.T.);
#411=FACE_OUTER_BOUND('',#646,.T.);
#412=FACE_OUTER_BOUND('',#647,.T.);
#413=FACE_OUTER_BOUND('',#648,.T.);
#414=FACE_OUTER_BOUND('',#649,.T.);
#415=FACE_OUTER_BOUND('',#650,.T.);
#416=FACE_OUTER_BOUND('',#651,.T.);
#417=FACE_OUTER_BOUND('',#652,.T.);
#418=FACE_OUTER_BOUND('',#653,.T.);
#419=FACE_OUTER_BOUND('',#654,.T.);
#420=FACE_OUTER_BOUND('',#655,.T.);
#421=FACE_OUTER_BOUND('',#656,.T.);
#422=FACE_OUTER_BOUND('',#657,.T.);
#423=FACE_OUTER_BOUND('',#658,.T.);
#424=FACE_OUTER_BOUND('',#659,.T.);
#425=FACE_OUTER_BOUND('',#660,.T.);
#426=FACE_OUTER_BOUND('',#661,.T.);
#427=FACE_OUTER_BOUND('',#662,.T.);
#428=FACE_OUTER_BOUND('',#663,.T.);
#429=FACE_OUTER_BOUND('',#664,.T.);
#430=FACE_OUTER_BOUND('',#665,.T.);
#431=FACE_OUTER_BOUND('',#666,.T.);
#432=FACE_OUTER_BOUND('',#667,.T.);
#433=FACE_OUTER_BOUND('',#668,.T.);
#434=FACE_OUTER_BOUND('',#669,.T.);
#435=FACE_OUTER_BOUND('',#670,.T.);
#436=FACE_OUTER_BOUND('',#671,.T.);
#437=FACE_OUTER_BOUND('',#672,.T.);
#438=FACE_OUTER_BOUND('',#673,.T.);
#439=FACE_OUTER_BOUND('',#674,.T.);
#440=FACE_OUTER_BOUND('',#675,.T.);
#441=FACE_OUTER_BOUND('',#676,.T.);
#442=FACE_OUTER_BOUND('',#677,.T.);
#443=FACE_OUTER_BOUND('',#678,.T.);
#444=FACE_OUTER_BOUND('',#679,.T.);
#445=FACE_OUTER_BOUND('',#680,.T.);
#446=FACE_OUTER_BOUND('',#681,.T.);
#447=FACE_OUTER_BOUND('',#682,.T.);
#448=FACE_OUTER_BOUND('',#683,.T.);
#449=FACE_OUTER_BOUND('',#684,.T.);
#450=FACE_OUTER_BOUND('',#685,.T.);
#451=FACE_OUTER_BOUND('',#686,.T.);
#452=FACE_OUTER_BOUND('',#687,.T.);
#453=FACE_OUTER_BOUND('',#688,.T.);
#454=FACE_OUTER_BOUND('',#689,.T.);
#455=FACE_OUTER_BOUND('',#690,.T.);
#456=FACE_OUTER_BOUND('',#691,.T.);
#457=FACE_OUTER_BOUND('',#692,.T.);
#458=FACE_OUTER_BOUND('',#693,.T.);
#459=FACE_OUTER_BOUND('',#694,.T.);
#460=FACE_OUTER_BOUND('',#695,.T.);
#461=FACE_OUTER_BOUND('',#696,.T.);
#462=FACE_OUTER_BOUND('',#697,.T.);
#463=FACE_OUTER_BOUND('',#698,.T.);
#464=FACE_OUTER_BOUND('',#699,.T.);
#465=FACE_OUTER_BOUND('',#700,.T.);
#466=FACE_OUTER_BOUND('',#701,.T.);
#467=FACE_OUTER_BOUND('',#702,.T.);
#468=FACE_OUTER_BOUND('',#703,.T.);
#469=FACE_OUTER_BOUND('',#704,.T.);
#470=FACE_OUTER_BOUND('',#705,.T.);
#471=FACE_OUTER_BOUND('',#706,.T.);
#472=FACE_OUTER_BOUND('',#707,.T.);
#473=FACE_OUTER_BOUND('',#708,.T.);
#474=FACE_OUTER_BOUND('',#709,.T.);
#475=FACE_OUTER_BOUND('',#710,.T.);
#476=FACE_OUTER_BOUND('',#711,.T.);
#477=FACE_OUTER_BOUND('',#712,.T.);
#478=FACE_OUTER_BOUND('',#714,.T.);
#479=FACE_OUTER_BOUND('',#715,.T.);
#480=FACE_OUTER_BOUND('',#716,.T.);
#481=FACE_OUTER_BOUND('',#719,.T.);
#482=FACE_OUTER_BOUND('',#720,.T.);
#483=FACE_OUTER_BOUND('',#723,.T.);
#484=FACE_OUTER_BOUND('',#724,.T.);
#485=FACE_OUTER_BOUND('',#727,.T.);
#486=FACE_OUTER_BOUND('',#728,.T.);
#487=FACE_OUTER_BOUND('',#731,.T.);
#488=FACE_OUTER_BOUND('',#732,.T.);
#489=FACE_OUTER_BOUND('',#735,.T.);
#490=FACE_OUTER_BOUND('',#736,.T.);
#491=FACE_OUTER_BOUND('',#739,.T.);
#492=FACE_OUTER_BOUND('',#740,.T.);
#493=FACE_OUTER_BOUND('',#743,.T.);
#494=FACE_OUTER_BOUND('',#744,.T.);
#495=FACE_OUTER_BOUND('',#747,.T.);
#496=FACE_OUTER_BOUND('',#748,.T.);
#497=FACE_OUTER_BOUND('',#751,.T.);
#498=FACE_OUTER_BOUND('',#752,.T.);
#499=FACE_OUTER_BOUND('',#753,.T.);
#500=FACE_OUTER_BOUND('',#754,.T.);
#501=FACE_OUTER_BOUND('',#755,.T.);
#502=FACE_OUTER_BOUND('',#756,.T.);
#503=FACE_OUTER_BOUND('',#757,.T.);
#504=FACE_OUTER_BOUND('',#758,.T.);
#505=FACE_OUTER_BOUND('',#759,.T.);
#506=FACE_OUTER_BOUND('',#760,.T.);
#507=FACE_OUTER_BOUND('',#761,.T.);
#508=FACE_OUTER_BOUND('',#762,.T.);
#509=FACE_OUTER_BOUND('',#763,.T.);
#510=FACE_OUTER_BOUND('',#764,.T.);
#511=FACE_OUTER_BOUND('',#765,.T.);
#512=FACE_OUTER_BOUND('',#766,.T.);
#513=FACE_OUTER_BOUND('',#767,.T.);
#514=FACE_OUTER_BOUND('',#768,.T.);
#515=FACE_OUTER_BOUND('',#769,.T.);
#516=FACE_OUTER_BOUND('',#770,.T.);
#517=FACE_OUTER_BOUND('',#771,.T.);
#518=FACE_OUTER_BOUND('',#772,.T.);
#519=FACE_OUTER_BOUND('',#773,.T.);
#520=FACE_OUTER_BOUND('',#774,.T.);
#521=FACE_OUTER_BOUND('',#775,.T.);
#522=FACE_OUTER_BOUND('',#776,.T.);
#523=FACE_OUTER_BOUND('',#777,.T.);
#524=FACE_OUTER_BOUND('',#778,.T.);
#525=FACE_OUTER_BOUND('',#779,.T.);
#526=FACE_OUTER_BOUND('',#780,.T.);
#527=FACE_OUTER_BOUND('',#781,.T.);
#528=FACE_OUTER_BOUND('',#782,.T.);
#529=FACE_OUTER_BOUND('',#783,.T.);
#530=FACE_OUTER_BOUND('',#784,.T.);
#531=FACE_OUTER_BOUND('',#785,.T.);
#532=FACE_OUTER_BOUND('',#786,.T.);
#533=FACE_OUTER_BOUND('',#787,.T.);
#534=FACE_OUTER_BOUND('',#788,.T.);
#535=FACE_OUTER_BOUND('',#789,.T.);
#536=FACE_OUTER_BOUND('',#790,.T.);
#537=FACE_OUTER_BOUND('',#791,.T.);
#538=FACE_OUTER_BOUND('',#792,.T.);
#539=FACE_OUTER_BOUND('',#793,.T.);
#540=FACE_OUTER_BOUND('',#794,.T.);
#541=FACE_OUTER_BOUND('',#795,.T.);
#542=FACE_OUTER_BOUND('',#796,.T.);
#543=FACE_OUTER_BOUND('',#797,.T.);
#544=FACE_OUTER_BOUND('',#798,.T.);
#545=FACE_OUTER_BOUND('',#799,.T.);
#546=FACE_OUTER_BOUND('',#800,.T.);
#547=FACE_OUTER_BOUND('',#801,.T.);
#548=FACE_OUTER_BOUND('',#802,.T.);
#549=FACE_OUTER_BOUND('',#803,.T.);
#550=FACE_OUTER_BOUND('',#804,.T.);
#551=FACE_OUTER_BOUND('',#805,.T.);
#552=FACE_OUTER_BOUND('',#806,.T.);
#553=FACE_OUTER_BOUND('',#807,.T.);
#554=FACE_OUTER_BOUND('',#808,.T.);
#555=EDGE_LOOP('',(#2643,#2644,#2645,#2646));
#556=EDGE_LOOP('',(#2647));
#557=EDGE_LOOP('',(#2648));
#558=EDGE_LOOP('',(#2649,#2650,#2651,#2652));
#559=EDGE_LOOP('',(#2653,#2654,#2655,#2656));
#560=EDGE_LOOP('',(#2657,#2658,#2659,#2660));
#561=EDGE_LOOP('',(#2661,#2662,#2663,#2664));
#562=EDGE_LOOP('',(#2665,#2666,#2667,#2668));
#563=EDGE_LOOP('',(#2669,#2670,#2671,#2672));
#564=EDGE_LOOP('',(#2673,#2674,#2675,#2676));
#565=EDGE_LOOP('',(#2677,#2678,#2679,#2680));
#566=EDGE_LOOP('',(#2681,#2682,#2683,#2684));
#567=EDGE_LOOP('',(#2685,#2686,#2687,#2688));
#568=EDGE_LOOP('',(#2689,#2690,#2691,#2692));
#569=EDGE_LOOP('',(#2693,#2694,#2695,#2696));
#570=EDGE_LOOP('',(#2697,#2698,#2699,#2700));
#571=EDGE_LOOP('',(#2701,#2702,#2703,#2704));
#572=EDGE_LOOP('',(#2705,#2706,#2707,#2708));
#573=EDGE_LOOP('',(#2709,#2710,#2711,#2712));
#574=EDGE_LOOP('',(#2713,#2714,#2715,#2716));
#575=EDGE_LOOP('',(#2717,#2718,#2719,#2720));
#576=EDGE_LOOP('',(#2721,#2722,#2723,#2724));
#577=EDGE_LOOP('',(#2725,#2726,#2727,#2728));
#578=EDGE_LOOP('',(#2729,#2730,#2731,#2732));
#579=EDGE_LOOP('',(#2733,#2734,#2735,#2736));
#580=EDGE_LOOP('',(#2737,#2738,#2739,#2740));
#581=EDGE_LOOP('',(#2741,#2742,#2743,#2744));
#582=EDGE_LOOP('',(#2745,#2746,#2747,#2748));
#583=EDGE_LOOP('',(#2749,#2750,#2751,#2752));
#584=EDGE_LOOP('',(#2753,#2754,#2755,#2756));
#585=EDGE_LOOP('',(#2757,#2758,#2759,#2760));
#586=EDGE_LOOP('',(#2761,#2762,#2763,#2764));
#587=EDGE_LOOP('',(#2765,#2766,#2767,#2768));
#588=EDGE_LOOP('',(#2769,#2770,#2771,#2772));
#589=EDGE_LOOP('',(#2773,#2774,#2775,#2776));
#590=EDGE_LOOP('',(#2777,#2778,#2779,#2780,#2781,#2782,#2783,#2784,#2785,
#2786,#2787,#2788,#2789,#2790,#2791,#2792,#2793,#2794,#2795,#2796,#2797,
#2798,#2799,#2800,#2801,#2802,#2803,#2804,#2805,#2806,#2807,#2808,#2809,
#2810,#2811,#2812,#2813,#2814,#2815,#2816,#2817,#2818,#2819,#2820,#2821,
#2822,#2823,#2824,#2825,#2826,#2827,#2828,#2829,#2830,#2831,#2832,#2833,
#2834,#2835,#2836,#2837,#2838,#2839,#2840,#2841,#2842,#2843));
#591=EDGE_LOOP('',(#2844,#2845,#2846,#2847));
#592=EDGE_LOOP('',(#2848,#2849,#2850,#2851));
#593=EDGE_LOOP('',(#2852,#2853,#2854,#2855));
#594=EDGE_LOOP('',(#2856,#2857,#2858,#2859));
#595=EDGE_LOOP('',(#2860,#2861,#2862,#2863));
#596=EDGE_LOOP('',(#2864,#2865,#2866,#2867));
#597=EDGE_LOOP('',(#2868,#2869,#2870,#2871));
#598=EDGE_LOOP('',(#2872,#2873,#2874,#2875));
#599=EDGE_LOOP('',(#2876,#2877,#2878,#2879));
#600=EDGE_LOOP('',(#2880,#2881,#2882,#2883));
#601=EDGE_LOOP('',(#2884,#2885,#2886,#2887));
#602=EDGE_LOOP('',(#2888,#2889,#2890,#2891));
#603=EDGE_LOOP('',(#2892,#2893,#2894,#2895));
#604=EDGE_LOOP('',(#2896,#2897,#2898,#2899));
#605=EDGE_LOOP('',(#2900,#2901,#2902,#2903));
#606=EDGE_LOOP('',(#2904,#2905,#2906,#2907));
#607=EDGE_LOOP('',(#2908,#2909,#2910,#2911));
#608=EDGE_LOOP('',(#2912,#2913,#2914,#2915));
#609=EDGE_LOOP('',(#2916,#2917,#2918,#2919));
#610=EDGE_LOOP('',(#2920,#2921,#2922,#2923));
#611=EDGE_LOOP('',(#2924,#2925,#2926,#2927));
#612=EDGE_LOOP('',(#2928,#2929,#2930,#2931));
#613=EDGE_LOOP('',(#2932,#2933,#2934,#2935));
#614=EDGE_LOOP('',(#2936,#2937,#2938,#2939));
#615=EDGE_LOOP('',(#2940,#2941,#2942,#2943));
#616=EDGE_LOOP('',(#2944,#2945,#2946,#2947));
#617=EDGE_LOOP('',(#2948,#2949,#2950,#2951));
#618=EDGE_LOOP('',(#2952,#2953,#2954,#2955));
#619=EDGE_LOOP('',(#2956,#2957,#2958,#2959));
#620=EDGE_LOOP('',(#2960,#2961,#2962,#2963));
#621=EDGE_LOOP('',(#2964,#2965,#2966,#2967));
#622=EDGE_LOOP('',(#2968,#2969,#2970,#2971));
#623=EDGE_LOOP('',(#2972,#2973,#2974,#2975,#2976,#2977,#2978,#2979,#2980,
#2981,#2982,#2983,#2984,#2985,#2986,#2987,#2988,#2989,#2990,#2991,#2992,
#2993,#2994,#2995,#2996,#2997,#2998,#2999,#3000,#3001,#3002,#3003,#3004,
#3005,#3006,#3007,#3008,#3009,#3010,#3011,#3012,#3013,#3014,#3015,#3016,
#3017,#3018,#3019,#3020,#3021,#3022,#3023,#3024,#3025,#3026,#3027,#3028,
#3029,#3030,#3031,#3032,#3033,#3034,#3035,#3036,#3037,#3038));
#624=EDGE_LOOP('',(#3039));
#625=EDGE_LOOP('',(#3040));
#626=EDGE_LOOP('',(#3041,#3042,#3043,#3044,#3045));
#627=EDGE_LOOP('',(#3046));
#628=EDGE_LOOP('',(#3047));
#629=EDGE_LOOP('',(#3048));
#630=EDGE_LOOP('',(#3049,#3050,#3051,#3052));
#631=EDGE_LOOP('',(#3053));
#632=EDGE_LOOP('',(#3054,#3055,#3056,#3057));
#633=EDGE_LOOP('',(#3058));
#634=EDGE_LOOP('',(#3059,#3060,#3061,#3062));
#635=EDGE_LOOP('',(#3063,#3064,#3065,#3066));
#636=EDGE_LOOP('',(#3067,#3068,#3069,#3070));
#637=EDGE_LOOP('',(#3071,#3072,#3073,#3074));
#638=EDGE_LOOP('',(#3075,#3076,#3077,#3078));
#639=EDGE_LOOP('',(#3079,#3080,#3081,#3082));
#640=EDGE_LOOP('',(#3083,#3084,#3085,#3086));
#641=EDGE_LOOP('',(#3087,#3088,#3089,#3090));
#642=EDGE_LOOP('',(#3091,#3092,#3093,#3094));
#643=EDGE_LOOP('',(#3095,#3096,#3097,#3098));
#644=EDGE_LOOP('',(#3099,#3100,#3101,#3102));
#645=EDGE_LOOP('',(#3103,#3104,#3105,#3106));
#646=EDGE_LOOP('',(#3107,#3108,#3109,#3110));
#647=EDGE_LOOP('',(#3111,#3112,#3113,#3114));
#648=EDGE_LOOP('',(#3115,#3116,#3117,#3118));
#649=EDGE_LOOP('',(#3119,#3120,#3121,#3122));
#650=EDGE_LOOP('',(#3123,#3124,#3125,#3126));
#651=EDGE_LOOP('',(#3127,#3128,#3129,#3130));
#652=EDGE_LOOP('',(#3131,#3132,#3133,#3134));
#653=EDGE_LOOP('',(#3135,#3136,#3137,#3138));
#654=EDGE_LOOP('',(#3139,#3140,#3141,#3142));
#655=EDGE_LOOP('',(#3143,#3144,#3145,#3146));
#656=EDGE_LOOP('',(#3147,#3148,#3149,#3150));
#657=EDGE_LOOP('',(#3151,#3152,#3153,#3154));
#658=EDGE_LOOP('',(#3155,#3156,#3157,#3158));
#659=EDGE_LOOP('',(#3159,#3160,#3161,#3162));
#660=EDGE_LOOP('',(#3163));
#661=EDGE_LOOP('',(#3164,#3165,#3166,#3167));
#662=EDGE_LOOP('',(#3168));
#663=EDGE_LOOP('',(#3169,#3170,#3171,#3172));
#664=EDGE_LOOP('',(#3173));
#665=EDGE_LOOP('',(#3174,#3175,#3176,#3177));
#666=EDGE_LOOP('',(#3178));
#667=EDGE_LOOP('',(#3179,#3180,#3181,#3182));
#668=EDGE_LOOP('',(#3183,#3184,#3185,#3186));
#669=EDGE_LOOP('',(#3187,#3188,#3189,#3190));
#670=EDGE_LOOP('',(#3191,#3192,#3193,#3194));
#671=EDGE_LOOP('',(#3195,#3196,#3197,#3198));
#672=EDGE_LOOP('',(#3199,#3200,#3201,#3202));
#673=EDGE_LOOP('',(#3203,#3204,#3205,#3206));
#674=EDGE_LOOP('',(#3207,#3208,#3209,#3210));
#675=EDGE_LOOP('',(#3211,#3212,#3213,#3214));
#676=EDGE_LOOP('',(#3215,#3216,#3217,#3218));
#677=EDGE_LOOP('',(#3219,#3220,#3221,#3222));
#678=EDGE_LOOP('',(#3223,#3224,#3225,#3226));
#679=EDGE_LOOP('',(#3227,#3228,#3229,#3230));
#680=EDGE_LOOP('',(#3231,#3232,#3233,#3234));
#681=EDGE_LOOP('',(#3235,#3236,#3237,#3238));
#682=EDGE_LOOP('',(#3239,#3240,#3241,#3242));
#683=EDGE_LOOP('',(#3243,#3244,#3245,#3246));
#684=EDGE_LOOP('',(#3247,#3248,#3249,#3250));
#685=EDGE_LOOP('',(#3251,#3252,#3253,#3254));
#686=EDGE_LOOP('',(#3255,#3256,#3257,#3258));
#687=EDGE_LOOP('',(#3259,#3260,#3261,#3262));
#688=EDGE_LOOP('',(#3263));
#689=EDGE_LOOP('',(#3264,#3265,#3266,#3267));
#690=EDGE_LOOP('',(#3268));
#691=EDGE_LOOP('',(#3269,#3270,#3271,#3272));
#692=EDGE_LOOP('',(#3273));
#693=EDGE_LOOP('',(#3274,#3275,#3276,#3277));
#694=EDGE_LOOP('',(#3278,#3279,#3280,#3281));
#695=EDGE_LOOP('',(#3282,#3283,#3284,#3285));
#696=EDGE_LOOP('',(#3286,#3287,#3288,#3289));
#697=EDGE_LOOP('',(#3290,#3291,#3292,#3293));
#698=EDGE_LOOP('',(#3294,#3295,#3296,#3297));
#699=EDGE_LOOP('',(#3298,#3299,#3300,#3301));
#700=EDGE_LOOP('',(#3302,#3303,#3304,#3305));
#701=EDGE_LOOP('',(#3306,#3307,#3308,#3309));
#702=EDGE_LOOP('',(#3310,#3311,#3312,#3313));
#703=EDGE_LOOP('',(#3314,#3315,#3316,#3317));
#704=EDGE_LOOP('',(#3318,#3319,#3320,#3321));
#705=EDGE_LOOP('',(#3322,#3323,#3324,#3325));
#706=EDGE_LOOP('',(#3326,#3327,#3328,#3329));
#707=EDGE_LOOP('',(#3330,#3331,#3332,#3333));
#708=EDGE_LOOP('',(#3334,#3335,#3336,#3337));
#709=EDGE_LOOP('',(#3338,#3339,#3340,#3341));
#710=EDGE_LOOP('',(#3342,#3343,#3344,#3345));
#711=EDGE_LOOP('',(#3346,#3347,#3348,#3349));
#712=EDGE_LOOP('',(#3350,#3351,#3352,#3353,#3354,#3355,#3356,#3357,#3358,
#3359,#3360,#3361,#3362,#3363,#3364,#3365,#3366,#3367));
#713=EDGE_LOOP('',(#3368));
#714=EDGE_LOOP('',(#3369));
#715=EDGE_LOOP('',(#3370,#3371));
#716=EDGE_LOOP('',(#3372,#3373,#3374,#3375,#3376));
#717=EDGE_LOOP('',(#3377));
#718=EDGE_LOOP('',(#3378,#3379,#3380,#3381));
#719=EDGE_LOOP('',(#3382,#3383));
#720=EDGE_LOOP('',(#3384,#3385,#3386,#3387,#3388));
#721=EDGE_LOOP('',(#3389,#3390,#3391,#3392));
#722=EDGE_LOOP('',(#3393));
#723=EDGE_LOOP('',(#3394,#3395));
#724=EDGE_LOOP('',(#3396,#3397,#3398,#3399,#3400));
#725=EDGE_LOOP('',(#3401,#3402,#3403,#3404));
#726=EDGE_LOOP('',(#3405));
#727=EDGE_LOOP('',(#3406,#3407));
#728=EDGE_LOOP('',(#3408,#3409,#3410,#3411,#3412));
#729=EDGE_LOOP('',(#3413));
#730=EDGE_LOOP('',(#3414,#3415,#3416,#3417));
#731=EDGE_LOOP('',(#3418,#3419));
#732=EDGE_LOOP('',(#3420,#3421,#3422,#3423,#3424,#3425));
#733=EDGE_LOOP('',(#3426));
#734=EDGE_LOOP('',(#3427,#3428,#3429,#3430));
#735=EDGE_LOOP('',(#3431,#3432));
#736=EDGE_LOOP('',(#3433,#3434,#3435,#3436,#3437));
#737=EDGE_LOOP('',(#3438,#3439,#3440,#3441));
#738=EDGE_LOOP('',(#3442));
#739=EDGE_LOOP('',(#3443,#3444));
#740=EDGE_LOOP('',(#3445,#3446,#3447,#3448,#3449));
#741=EDGE_LOOP('',(#3450,#3451,#3452,#3453));
#742=EDGE_LOOP('',(#3454));
#743=EDGE_LOOP('',(#3455,#3456));
#744=EDGE_LOOP('',(#3457,#3458,#3459,#3460,#3461));
#745=EDGE_LOOP('',(#3462,#3463,#3464,#3465));
#746=EDGE_LOOP('',(#3466));
#747=EDGE_LOOP('',(#3467,#3468));
#748=EDGE_LOOP('',(#3469,#3470,#3471,#3472,#3473));
#749=EDGE_LOOP('',(#3474));
#750=EDGE_LOOP('',(#3475,#3476,#3477,#3478));
#751=EDGE_LOOP('',(#3479,#3480,#3481,#3482,#3483,#3484));
#752=EDGE_LOOP('',(#3485,#3486,#3487,#3488));
#753=EDGE_LOOP('',(#3489,#3490,#3491,#3492,#3493));
#754=EDGE_LOOP('',(#3494,#3495,#3496,#3497,#3498,#3499));
#755=EDGE_LOOP('',(#3500,#3501,#3502,#3503,#3504));
#756=EDGE_LOOP('',(#3505,#3506,#3507,#3508,#3509));
#757=EDGE_LOOP('',(#3510,#3511,#3512,#3513,#3514,#3515));
#758=EDGE_LOOP('',(#3516,#3517,#3518,#3519));
#759=EDGE_LOOP('',(#3520,#3521,#3522,#3523,#3524));
#760=EDGE_LOOP('',(#3525,#3526,#3527,#3528,#3529,#3530));
#761=EDGE_LOOP('',(#3531,#3532,#3533,#3534,#3535));
#762=EDGE_LOOP('',(#3536,#3537,#3538,#3539,#3540));
#763=EDGE_LOOP('',(#3541,#3542,#3543,#3544,#3545,#3546));
#764=EDGE_LOOP('',(#3547,#3548,#3549,#3550));
#765=EDGE_LOOP('',(#3551,#3552,#3553,#3554,#3555));
#766=EDGE_LOOP('',(#3556,#3557,#3558,#3559,#3560,#3561));
#767=EDGE_LOOP('',(#3562,#3563,#3564,#3565,#3566));
#768=EDGE_LOOP('',(#3567,#3568,#3569,#3570,#3571));
#769=EDGE_LOOP('',(#3572,#3573,#3574,#3575,#3576,#3577));
#770=EDGE_LOOP('',(#3578,#3579,#3580,#3581));
#771=EDGE_LOOP('',(#3582,#3583,#3584,#3585,#3586));
#772=EDGE_LOOP('',(#3587,#3588,#3589,#3590,#3591,#3592));
#773=EDGE_LOOP('',(#3593,#3594,#3595,#3596,#3597));
#774=EDGE_LOOP('',(#3598,#3599,#3600,#3601,#3602));
#775=EDGE_LOOP('',(#3603,#3604,#3605,#3606,#3607,#3608));
#776=EDGE_LOOP('',(#3609,#3610,#3611,#3612));
#777=EDGE_LOOP('',(#3613,#3614,#3615,#3616,#3617));
#778=EDGE_LOOP('',(#3618,#3619,#3620,#3621,#3622,#3623));
#779=EDGE_LOOP('',(#3624,#3625,#3626,#3627,#3628));
#780=EDGE_LOOP('',(#3629,#3630,#3631,#3632,#3633));
#781=EDGE_LOOP('',(#3634,#3635,#3636,#3637,#3638,#3639));
#782=EDGE_LOOP('',(#3640,#3641,#3642,#3643));
#783=EDGE_LOOP('',(#3644,#3645,#3646,#3647,#3648));
#784=EDGE_LOOP('',(#3649,#3650,#3651,#3652,#3653,#3654));
#785=EDGE_LOOP('',(#3655,#3656,#3657,#3658,#3659));
#786=EDGE_LOOP('',(#3660,#3661,#3662,#3663,#3664));
#787=EDGE_LOOP('',(#3665,#3666,#3667,#3668,#3669,#3670));
#788=EDGE_LOOP('',(#3671,#3672,#3673,#3674));
#789=EDGE_LOOP('',(#3675,#3676,#3677,#3678,#3679));
#790=EDGE_LOOP('',(#3680,#3681,#3682,#3683,#3684,#3685));
#791=EDGE_LOOP('',(#3686,#3687,#3688,#3689,#3690));
#792=EDGE_LOOP('',(#3691,#3692,#3693,#3694,#3695));
#793=EDGE_LOOP('',(#3696,#3697,#3698,#3699,#3700,#3701));
#794=EDGE_LOOP('',(#3702,#3703,#3704,#3705));
#795=EDGE_LOOP('',(#3706,#3707,#3708,#3709,#3710));
#796=EDGE_LOOP('',(#3711,#3712,#3713,#3714,#3715,#3716));
#797=EDGE_LOOP('',(#3717,#3718,#3719,#3720,#3721));
#798=EDGE_LOOP('',(#3722,#3723,#3724,#3725,#3726));
#799=EDGE_LOOP('',(#3727,#3728,#3729,#3730,#3731,#3732));
#800=EDGE_LOOP('',(#3733,#3734,#3735,#3736));
#801=EDGE_LOOP('',(#3737,#3738,#3739,#3740,#3741));
#802=EDGE_LOOP('',(#3742,#3743,#3744,#3745,#3746,#3747));
#803=EDGE_LOOP('',(#3748,#3749,#3750,#3751,#3752));
#804=EDGE_LOOP('',(#3753,#3754,#3755,#3756,#3757));
#805=EDGE_LOOP('',(#3758,#3759,#3760,#3761,#3762,#3763,#3764,#3765,#3766,
#3767,#3768,#3769,#3770,#3771,#3772,#3773,#3774,#3775,#3776,#3777,#3778,
#3779,#3780,#3781,#3782,#3783,#3784,#3785,#3786,#3787,#3788,#3789,#3790,
#3791,#3792,#3793,#3794,#3795,#3796,#3797,#3798));
#806=EDGE_LOOP('',(#3799,#3800,#3801,#3802,#3803));
#807=EDGE_LOOP('',(#3804,#3805,#3806,#3807,#3808,#3809));
#808=EDGE_LOOP('',(#3810,#3811,#3812,#3813,#3814));
#809=LINE('',#5759,#1154);
#810=LINE('',#5770,#1155);
#811=LINE('',#5773,#1156);
#812=LINE('',#5776,#1157);
#813=LINE('',#5788,#1158);
#814=LINE('',#5791,#1159);
#815=LINE('',#5793,#1160);
#816=LINE('',#5800,#1161);
#817=LINE('',#5803,#1162);
#818=LINE('',#5806,#1163);
#819=LINE('',#5818,#1164);
#820=LINE('',#5821,#1165);
#821=LINE('',#5823,#1166);
#822=LINE('',#5830,#1167);
#823=LINE('',#5833,#1168);
#824=LINE('',#5836,#1169);
#825=LINE('',#5848,#1170);
#826=LINE('',#5851,#1171);
#827=LINE('',#5853,#1172);
#828=LINE('',#5860,#1173);
#829=LINE('',#5863,#1174);
#830=LINE('',#5866,#1175);
#831=LINE('',#5878,#1176);
#832=LINE('',#5881,#1177);
#833=LINE('',#5883,#1178);
#834=LINE('',#5890,#1179);
#835=LINE('',#5893,#1180);
#836=LINE('',#5896,#1181);
#837=LINE('',#5908,#1182);
#838=LINE('',#5911,#1183);
#839=LINE('',#5913,#1184);
#840=LINE('',#5920,#1185);
#841=LINE('',#5923,#1186);
#842=LINE('',#5926,#1187);
#843=LINE('',#5938,#1188);
#844=LINE('',#5941,#1189);
#845=LINE('',#5943,#1190);
#846=LINE('',#5950,#1191);
#847=LINE('',#5953,#1192);
#848=LINE('',#5956,#1193);
#849=LINE('',#5968,#1194);
#850=LINE('',#5971,#1195);
#851=LINE('',#5973,#1196);
#852=LINE('',#5978,#1197);
#853=LINE('',#5980,#1198);
#854=LINE('',#5992,#1199);
#855=LINE('',#5998,#1200);
#856=LINE('',#6024,#1201);
#857=LINE('',#6028,#1202);
#858=LINE('',#6030,#1203);
#859=LINE('',#6171,#1204);
#860=LINE('',#6172,#1205);
#861=LINE('',#6176,#1206);
#862=LINE('',#6179,#1207);
#863=LINE('',#6180,#1208);
#864=LINE('',#6184,#1209);
#865=LINE('',#6187,#1210);
#866=LINE('',#6188,#1211);
#867=LINE('',#6192,#1212);
#868=LINE('',#6195,#1213);
#869=LINE('',#6196,#1214);
#870=LINE('',#6200,#1215);
#871=LINE('',#6203,#1216);
#872=LINE('',#6204,#1217);
#873=LINE('',#6208,#1218);
#874=LINE('',#6211,#1219);
#875=LINE('',#6212,#1220);
#876=LINE('',#6216,#1221);
#877=LINE('',#6219,#1222);
#878=LINE('',#6220,#1223);
#879=LINE('',#6224,#1224);
#880=LINE('',#6227,#1225);
#881=LINE('',#6228,#1226);
#882=LINE('',#6232,#1227);
#883=LINE('',#6235,#1228);
#884=LINE('',#6236,#1229);
#885=LINE('',#6240,#1230);
#886=LINE('',#6243,#1231);
#887=LINE('',#6244,#1232);
#888=LINE('',#6248,#1233);
#889=LINE('',#6251,#1234);
#890=LINE('',#6252,#1235);
#891=LINE('',#6256,#1236);
#892=LINE('',#6259,#1237);
#893=LINE('',#6260,#1238);
#894=LINE('',#6264,#1239);
#895=LINE('',#6267,#1240);
#896=LINE('',#6268,#1241);
#897=LINE('',#6272,#1242);
#898=LINE('',#6275,#1243);
#899=LINE('',#6276,#1244);
#900=LINE('',#6280,#1245);
#901=LINE('',#6283,#1246);
#902=LINE('',#6284,#1247);
#903=LINE('',#6288,#1248);
#904=LINE('',#6291,#1249);
#905=LINE('',#6292,#1250);
#906=LINE('',#6298,#1251);
#907=LINE('',#6305,#1252);
#908=LINE('',#6318,#1253);
#909=LINE('',#6325,#1254);
#910=LINE('',#6331,#1255);
#911=LINE('',#6333,#1256);
#912=LINE('',#6335,#1257);
#913=LINE('',#6336,#1258);
#914=LINE('',#6341,#1259);
#915=LINE('',#6345,#1260);
#916=LINE('',#6347,#1261);
#917=LINE('',#6348,#1262);
#918=LINE('',#6356,#1263);
#919=LINE('',#6358,#1264);
#920=LINE('',#6360,#1265);
#921=LINE('',#6361,#1266);
#922=LINE('',#6366,#1267);
#923=LINE('',#6370,#1268);
#924=LINE('',#6372,#1269);
#925=LINE('',#6373,#1270);
#926=LINE('',#6381,#1271);
#927=LINE('',#6383,#1272);
#928=LINE('',#6385,#1273);
#929=LINE('',#6386,#1274);
#930=LINE('',#6391,#1275);
#931=LINE('',#6395,#1276);
#932=LINE('',#6397,#1277);
#933=LINE('',#6398,#1278);
#934=LINE('',#6406,#1279);
#935=LINE('',#6408,#1280);
#936=LINE('',#6410,#1281);
#937=LINE('',#6411,#1282);
#938=LINE('',#6416,#1283);
#939=LINE('',#6420,#1284);
#940=LINE('',#6422,#1285);
#941=LINE('',#6423,#1286);
#942=LINE('',#6431,#1287);
#943=LINE('',#6433,#1288);
#944=LINE('',#6435,#1289);
#945=LINE('',#6436,#1290);
#946=LINE('',#6441,#1291);
#947=LINE('',#6445,#1292);
#948=LINE('',#6447,#1293);
#949=LINE('',#6448,#1294);
#950=LINE('',#6457,#1295);
#951=LINE('',#6464,#1296);
#952=LINE('',#6471,#1297);
#953=LINE('',#6478,#1298);
#954=LINE('',#6486,#1299);
#955=LINE('',#6489,#1300);
#956=LINE('',#6492,#1301);
#957=LINE('',#6494,#1302);
#958=LINE('',#6495,#1303);
#959=LINE('',#6500,#1304);
#960=LINE('',#6503,#1305);
#961=LINE('',#6504,#1306);
#962=LINE('',#6509,#1307);
#963=LINE('',#6511,#1308);
#964=LINE('',#6513,#1309);
#965=LINE('',#6514,#1310);
#966=LINE('',#6519,#1311);
#967=LINE('',#6523,#1312);
#968=LINE('',#6525,#1313);
#969=LINE('',#6526,#1314);
#970=LINE('',#6534,#1315);
#971=LINE('',#6536,#1316);
#972=LINE('',#6538,#1317);
#973=LINE('',#6539,#1318);
#974=LINE('',#6544,#1319);
#975=LINE('',#6548,#1320);
#976=LINE('',#6550,#1321);
#977=LINE('',#6551,#1322);
#978=LINE('',#6559,#1323);
#979=LINE('',#6561,#1324);
#980=LINE('',#6563,#1325);
#981=LINE('',#6564,#1326);
#982=LINE('',#6569,#1327);
#983=LINE('',#6573,#1328);
#984=LINE('',#6575,#1329);
#985=LINE('',#6576,#1330);
#986=LINE('',#6585,#1331);
#987=LINE('',#6592,#1332);
#988=LINE('',#6599,#1333);
#989=LINE('',#6606,#1334);
#990=LINE('',#6611,#1335);
#991=LINE('',#6613,#1336);
#992=LINE('',#6615,#1337);
#993=LINE('',#6616,#1338);
#994=LINE('',#6621,#1339);
#995=LINE('',#6623,#1340);
#996=LINE('',#6626,#1341);
#997=LINE('',#6628,#1342);
#998=LINE('',#6629,#1343);
#999=LINE('',#6630,#1344);
#1000=LINE('',#6635,#1345);
#1001=LINE('',#6637,#1346);
#1002=LINE('',#6640,#1347);
#1003=LINE('',#6642,#1348);
#1004=LINE('',#6643,#1349);
#1005=LINE('',#6644,#1350);
#1006=LINE('',#6649,#1351);
#1007=LINE('',#6651,#1352);
#1008=LINE('',#6654,#1353);
#1009=LINE('',#6656,#1354);
#1010=LINE('',#6657,#1355);
#1011=LINE('',#6658,#1356);
#1012=LINE('',#6663,#1357);
#1013=LINE('',#6665,#1358);
#1014=LINE('',#6668,#1359);
#1015=LINE('',#6670,#1360);
#1016=LINE('',#6671,#1361);
#1017=LINE('',#6672,#1362);
#1018=LINE('',#6677,#1363);
#1019=LINE('',#6679,#1364);
#1020=LINE('',#6682,#1365);
#1021=LINE('',#6684,#1366);
#1022=LINE('',#6685,#1367);
#1023=LINE('',#6686,#1368);
#1024=LINE('',#6691,#1369);
#1025=LINE('',#6693,#1370);
#1026=LINE('',#6696,#1371);
#1027=LINE('',#6698,#1372);
#1028=LINE('',#6699,#1373);
#1029=LINE('',#6700,#1374);
#1030=LINE('',#6705,#1375);
#1031=LINE('',#6707,#1376);
#1032=LINE('',#6710,#1377);
#1033=LINE('',#6712,#1378);
#1034=LINE('',#6713,#1379);
#1035=LINE('',#6714,#1380);
#1036=LINE('',#6719,#1381);
#1037=LINE('',#6721,#1382);
#1038=LINE('',#6724,#1383);
#1039=LINE('',#6726,#1384);
#1040=LINE('',#6727,#1385);
#1041=LINE('',#6728,#1386);
#1042=LINE('',#6731,#1387);
#1043=LINE('',#6733,#1388);
#1044=LINE('',#6740,#1389);
#1045=LINE('',#6744,#1390);
#1046=LINE('',#6745,#1391);
#1047=LINE('',#6750,#1392);
#1048=LINE('',#6754,#1393);
#1049=LINE('',#6755,#1394);
#1050=LINE('',#6760,#1395);
#1051=LINE('',#6764,#1396);
#1052=LINE('',#6765,#1397);
#1053=LINE('',#6770,#1398);
#1054=LINE('',#6774,#1399);
#1055=LINE('',#6775,#1400);
#1056=LINE('',#6780,#1401);
#1057=LINE('',#6786,#1402);
#1058=LINE('',#6787,#1403);
#1059=LINE('',#6792,#1404);
#1060=LINE('',#6796,#1405);
#1061=LINE('',#6797,#1406);
#1062=LINE('',#6802,#1407);
#1063=LINE('',#6806,#1408);
#1064=LINE('',#6807,#1409);
#1065=LINE('',#6812,#1410);
#1066=LINE('',#6816,#1411);
#1067=LINE('',#6817,#1412);
#1068=LINE('',#6822,#1413);
#1069=LINE('',#6826,#1414);
#1070=LINE('',#6827,#1415);
#1071=LINE('',#6837,#1416);
#1072=LINE('',#6839,#1417);
#1073=LINE('',#6840,#1418);
#1074=LINE('',#6850,#1419);
#1075=LINE('',#6851,#1420);
#1076=LINE('',#6860,#1421);
#1077=LINE('',#6861,#1422);
#1078=LINE('',#6864,#1423);
#1079=LINE('',#6867,#1424);
#1080=LINE('',#6878,#1425);
#1081=LINE('',#6880,#1426);
#1082=LINE('',#6881,#1427);
#1083=LINE('',#6891,#1428);
#1084=LINE('',#6892,#1429);
#1085=LINE('',#6901,#1430);
#1086=LINE('',#6902,#1431);
#1087=LINE('',#6905,#1432);
#1088=LINE('',#6908,#1433);
#1089=LINE('',#6919,#1434);
#1090=LINE('',#6921,#1435);
#1091=LINE('',#6922,#1436);
#1092=LINE('',#6932,#1437);
#1093=LINE('',#6933,#1438);
#1094=LINE('',#6942,#1439);
#1095=LINE('',#6943,#1440);
#1096=LINE('',#6946,#1441);
#1097=LINE('',#6949,#1442);
#1098=LINE('',#6960,#1443);
#1099=LINE('',#6962,#1444);
#1100=LINE('',#6963,#1445);
#1101=LINE('',#6973,#1446);
#1102=LINE('',#6974,#1447);
#1103=LINE('',#6983,#1448);
#1104=LINE('',#6984,#1449);
#1105=LINE('',#6987,#1450);
#1106=LINE('',#6990,#1451);
#1107=LINE('',#7001,#1452);
#1108=LINE('',#7003,#1453);
#1109=LINE('',#7004,#1454);
#1110=LINE('',#7014,#1455);
#1111=LINE('',#7015,#1456);
#1112=LINE('',#7024,#1457);
#1113=LINE('',#7025,#1458);
#1114=LINE('',#7028,#1459);
#1115=LINE('',#7031,#1460);
#1116=LINE('',#7042,#1461);
#1117=LINE('',#7044,#1462);
#1118=LINE('',#7045,#1463);
#1119=LINE('',#7055,#1464);
#1120=LINE('',#7056,#1465);
#1121=LINE('',#7065,#1466);
#1122=LINE('',#7066,#1467);
#1123=LINE('',#7069,#1468);
#1124=LINE('',#7072,#1469);
#1125=LINE('',#7083,#1470);
#1126=LINE('',#7085,#1471);
#1127=LINE('',#7086,#1472);
#1128=LINE('',#7096,#1473);
#1129=LINE('',#7097,#1474);
#1130=LINE('',#7106,#1475);
#1131=LINE('',#7107,#1476);
#1132=LINE('',#7110,#1477);
#1133=LINE('',#7113,#1478);
#1134=LINE('',#7124,#1479);
#1135=LINE('',#7126,#1480);
#1136=LINE('',#7127,#1481);
#1137=LINE('',#7137,#1482);
#1138=LINE('',#7138,#1483);
#1139=LINE('',#7147,#1484);
#1140=LINE('',#7148,#1485);
#1141=LINE('',#7151,#1486);
#1142=LINE('',#7154,#1487);
#1143=LINE('',#7165,#1488);
#1144=LINE('',#7167,#1489);
#1145=LINE('',#7168,#1490);
#1146=LINE('',#7178,#1491);
#1147=LINE('',#7179,#1492);
#1148=LINE('',#7188,#1493);
#1149=LINE('',#7189,#1494);
#1150=LINE('',#7192,#1495);
#1151=LINE('',#7195,#1496);
#1152=LINE('',#7204,#1497);
#1153=LINE('',#7212,#1498);
#1154=VECTOR('',#4551,14.5);
#1155=VECTOR('',#4564,10.);
#1156=VECTOR('',#4567,10.);
#1157=VECTOR('',#4570,10.);
#1158=VECTOR('',#4571,10.);
#1159=VECTOR('',#4574,10.);
#1160=VECTOR('',#4575,10.);
#1161=VECTOR('',#4582,10.);
#1162=VECTOR('',#4585,10.);
#1163=VECTOR('',#4588,10.);
#1164=VECTOR('',#4589,10.);
#1165=VECTOR('',#4592,10.);
#1166=VECTOR('',#4593,10.);
#1167=VECTOR('',#4600,10.);
#1168=VECTOR('',#4603,10.);
#1169=VECTOR('',#4606,10.);
#1170=VECTOR('',#4607,10.);
#1171=VECTOR('',#4610,10.);
#1172=VECTOR('',#4611,10.);
#1173=VECTOR('',#4618,10.);
#1174=VECTOR('',#4621,10.);
#1175=VECTOR('',#4624,10.);
#1176=VECTOR('',#4625,10.);
#1177=VECTOR('',#4628,10.);
#1178=VECTOR('',#4629,10.);
#1179=VECTOR('',#4636,10.);
#1180=VECTOR('',#4639,10.);
#1181=VECTOR('',#4642,10.);
#1182=VECTOR('',#4643,10.);
#1183=VECTOR('',#4646,10.);
#1184=VECTOR('',#4647,10.);
#1185=VECTOR('',#4654,10.);
#1186=VECTOR('',#4657,10.);
#1187=VECTOR('',#4660,10.);
#1188=VECTOR('',#4661,10.);
#1189=VECTOR('',#4664,10.);
#1190=VECTOR('',#4665,10.);
#1191=VECTOR('',#4672,10.);
#1192=VECTOR('',#4675,10.);
#1193=VECTOR('',#4678,10.);
#1194=VECTOR('',#4679,10.);
#1195=VECTOR('',#4682,10.);
#1196=VECTOR('',#4683,10.);
#1197=VECTOR('',#4688,10.);
#1198=VECTOR('',#4689,10.);
#1199=VECTOR('',#4690,10.);
#1200=VECTOR('',#4697,10.);
#1201=VECTOR('',#4744,10.);
#1202=VECTOR('',#4749,10.);
#1203=VECTOR('',#4750,10.);
#1204=VECTOR('',#4807,10.);
#1205=VECTOR('',#4808,10.);
#1206=VECTOR('',#4813,10.);
#1207=VECTOR('',#4816,10.);
#1208=VECTOR('',#4817,10.);
#1209=VECTOR('',#4822,10.);
#1210=VECTOR('',#4825,10.);
#1211=VECTOR('',#4826,10.);
#1212=VECTOR('',#4831,10.);
#1213=VECTOR('',#4834,10.);
#1214=VECTOR('',#4835,10.);
#1215=VECTOR('',#4840,10.);
#1216=VECTOR('',#4843,10.);
#1217=VECTOR('',#4844,10.);
#1218=VECTOR('',#4849,10.);
#1219=VECTOR('',#4852,10.);
#1220=VECTOR('',#4853,10.);
#1221=VECTOR('',#4858,10.);
#1222=VECTOR('',#4861,10.);
#1223=VECTOR('',#4862,10.);
#1224=VECTOR('',#4867,10.);
#1225=VECTOR('',#4870,10.);
#1226=VECTOR('',#4871,10.);
#1227=VECTOR('',#4876,10.);
#1228=VECTOR('',#4879,10.);
#1229=VECTOR('',#4880,10.);
#1230=VECTOR('',#4885,10.);
#1231=VECTOR('',#4888,10.);
#1232=VECTOR('',#4889,10.);
#1233=VECTOR('',#4894,10.);
#1234=VECTOR('',#4897,10.);
#1235=VECTOR('',#4898,10.);
#1236=VECTOR('',#4903,10.);
#1237=VECTOR('',#4906,10.);
#1238=VECTOR('',#4907,10.);
#1239=VECTOR('',#4912,10.);
#1240=VECTOR('',#4915,10.);
#1241=VECTOR('',#4916,10.);
#1242=VECTOR('',#4921,10.);
#1243=VECTOR('',#4924,10.);
#1244=VECTOR('',#4925,10.);
#1245=VECTOR('',#4930,10.);
#1246=VECTOR('',#4933,10.);
#1247=VECTOR('',#4934,10.);
#1248=VECTOR('',#4939,10.);
#1249=VECTOR('',#4942,10.);
#1250=VECTOR('',#4943,10.);
#1251=VECTOR('',#4952,15.);
#1252=VECTOR('',#4959,15.);
#1253=VECTOR('',#4976,4.11773006853872);
#1254=VECTOR('',#4985,4.11773006853872);
#1255=VECTOR('',#4992,10.);
#1256=VECTOR('',#4993,10.);
#1257=VECTOR('',#4994,10.);
#1258=VECTOR('',#4995,10.);
#1259=VECTOR('',#5000,10.);
#1260=VECTOR('',#5005,10.);
#1261=VECTOR('',#5006,10.);
#1262=VECTOR('',#5007,10.);
#1263=VECTOR('',#5018,10.);
#1264=VECTOR('',#5019,10.);
#1265=VECTOR('',#5020,10.);
#1266=VECTOR('',#5021,10.);
#1267=VECTOR('',#5026,10.);
#1268=VECTOR('',#5031,10.);
#1269=VECTOR('',#5032,10.);
#1270=VECTOR('',#5033,10.);
#1271=VECTOR('',#5044,10.);
#1272=VECTOR('',#5045,10.);
#1273=VECTOR('',#5046,10.);
#1274=VECTOR('',#5047,10.);
#1275=VECTOR('',#5052,10.);
#1276=VECTOR('',#5057,10.);
#1277=VECTOR('',#5058,10.);
#1278=VECTOR('',#5059,10.);
#1279=VECTOR('',#5070,10.);
#1280=VECTOR('',#5071,10.);
#1281=VECTOR('',#5072,10.);
#1282=VECTOR('',#5073,10.);
#1283=VECTOR('',#5078,10.);
#1284=VECTOR('',#5083,10.);
#1285=VECTOR('',#5084,10.);
#1286=VECTOR('',#5085,10.);
#1287=VECTOR('',#5096,10.);
#1288=VECTOR('',#5097,10.);
#1289=VECTOR('',#5098,10.);
#1290=VECTOR('',#5099,10.);
#1291=VECTOR('',#5104,10.);
#1292=VECTOR('',#5109,10.);
#1293=VECTOR('',#5110,10.);
#1294=VECTOR('',#5111,10.);
#1295=VECTOR('',#5124,4.11773006853872);
#1296=VECTOR('',#5133,4.11773006853872);
#1297=VECTOR('',#5142,4.11773006853872);
#1298=VECTOR('',#5151,4.11773006853872);
#1299=VECTOR('',#5160,10.);
#1300=VECTOR('',#5163,10.);
#1301=VECTOR('',#5166,10.);
#1302=VECTOR('',#5167,10.);
#1303=VECTOR('',#5168,10.);
#1304=VECTOR('',#5173,10.);
#1305=VECTOR('',#5178,10.);
#1306=VECTOR('',#5179,10.);
#1307=VECTOR('',#5184,10.);
#1308=VECTOR('',#5185,10.);
#1309=VECTOR('',#5186,10.);
#1310=VECTOR('',#5187,10.);
#1311=VECTOR('',#5192,10.);
#1312=VECTOR('',#5197,10.);
#1313=VECTOR('',#5198,10.);
#1314=VECTOR('',#5199,10.);
#1315=VECTOR('',#5210,10.);
#1316=VECTOR('',#5211,10.);
#1317=VECTOR('',#5212,10.);
#1318=VECTOR('',#5213,10.);
#1319=VECTOR('',#5218,10.);
#1320=VECTOR('',#5223,10.);
#1321=VECTOR('',#5224,10.);
#1322=VECTOR('',#5225,10.);
#1323=VECTOR('',#5236,10.);
#1324=VECTOR('',#5237,10.);
#1325=VECTOR('',#5238,10.);
#1326=VECTOR('',#5239,10.);
#1327=VECTOR('',#5244,10.);
#1328=VECTOR('',#5249,10.);
#1329=VECTOR('',#5250,10.);
#1330=VECTOR('',#5251,10.);
#1331=VECTOR('',#5264,4.11773006853873);
#1332=VECTOR('',#5273,4.11773006853872);
#1333=VECTOR('',#5282,4.11773006853872);
#1334=VECTOR('',#5291,16.8218403324655);
#1335=VECTOR('',#5296,10.);
#1336=VECTOR('',#5297,10.);
#1337=VECTOR('',#5298,10.);
#1338=VECTOR('',#5299,10.);
#1339=VECTOR('',#5304,10.);
#1340=VECTOR('',#5307,10.);
#1341=VECTOR('',#5310,10.);
#1342=VECTOR('',#5311,10.);
#1343=VECTOR('',#5312,10.);
#1344=VECTOR('',#5313,10.);
#1345=VECTOR('',#5318,10.);
#1346=VECTOR('',#5321,10.);
#1347=VECTOR('',#5324,10.);
#1348=VECTOR('',#5325,10.);
#1349=VECTOR('',#5326,10.);
#1350=VECTOR('',#5327,10.);
#1351=VECTOR('',#5332,10.);
#1352=VECTOR('',#5335,10.);
#1353=VECTOR('',#5338,10.);
#1354=VECTOR('',#5339,10.);
#1355=VECTOR('',#5340,10.);
#1356=VECTOR('',#5341,10.);
#1357=VECTOR('',#5346,10.);
#1358=VECTOR('',#5349,10.);
#1359=VECTOR('',#5352,10.);
#1360=VECTOR('',#5353,10.);
#1361=VECTOR('',#5354,10.);
#1362=VECTOR('',#5355,10.);
#1363=VECTOR('',#5360,10.);
#1364=VECTOR('',#5363,10.);
#1365=VECTOR('',#5366,10.);
#1366=VECTOR('',#5367,10.);
#1367=VECTOR('',#5368,10.);
#1368=VECTOR('',#5369,10.);
#1369=VECTOR('',#5374,10.);
#1370=VECTOR('',#5377,10.);
#1371=VECTOR('',#5380,10.);
#1372=VECTOR('',#5381,10.);
#1373=VECTOR('',#5382,10.);
#1374=VECTOR('',#5383,10.);
#1375=VECTOR('',#5388,10.);
#1376=VECTOR('',#5391,10.);
#1377=VECTOR('',#5394,10.);
#1378=VECTOR('',#5395,10.);
#1379=VECTOR('',#5396,10.);
#1380=VECTOR('',#5397,10.);
#1381=VECTOR('',#5402,10.);
#1382=VECTOR('',#5405,10.);
#1383=VECTOR('',#5408,10.);
#1384=VECTOR('',#5409,10.);
#1385=VECTOR('',#5410,10.);
#1386=VECTOR('',#5411,10.);
#1387=VECTOR('',#5416,10.);
#1388=VECTOR('',#5419,10.);
#1389=VECTOR('',#5430,10.);
#1390=VECTOR('',#5433,10.);
#1391=VECTOR('',#5434,10.);
#1392=VECTOR('',#5441,10.);
#1393=VECTOR('',#5444,10.);
#1394=VECTOR('',#5445,10.);
#1395=VECTOR('',#5452,10.);
#1396=VECTOR('',#5455,10.);
#1397=VECTOR('',#5456,10.);
#1398=VECTOR('',#5463,10.);
#1399=VECTOR('',#5466,10.);
#1400=VECTOR('',#5467,10.);
#1401=VECTOR('',#5474,10.);
#1402=VECTOR('',#5479,10.);
#1403=VECTOR('',#5480,10.);
#1404=VECTOR('',#5487,10.);
#1405=VECTOR('',#5490,10.);
#1406=VECTOR('',#5491,10.);
#1407=VECTOR('',#5498,10.);
#1408=VECTOR('',#5501,10.);
#1409=VECTOR('',#5502,10.);
#1410=VECTOR('',#5509,10.);
#1411=VECTOR('',#5512,10.);
#1412=VECTOR('',#5513,10.);
#1413=VECTOR('',#5520,10.);
#1414=VECTOR('',#5523,10.);
#1415=VECTOR('',#5524,10.);
#1416=VECTOR('',#5527,10.);
#1417=VECTOR('',#5528,10.);
#1418=VECTOR('',#5529,10.);
#1419=VECTOR('',#5532,10.);
#1420=VECTOR('',#5533,10.);
#1421=VECTOR('',#5536,10.);
#1422=VECTOR('',#5537,10.);
#1423=VECTOR('',#5540,10.);
#1424=VECTOR('',#5545,10.);
#1425=VECTOR('',#5550,10.);
#1426=VECTOR('',#5551,10.);
#1427=VECTOR('',#5552,10.);
#1428=VECTOR('',#5555,10.);
#1429=VECTOR('',#5556,10.);
#1430=VECTOR('',#5559,10.);
#1431=VECTOR('',#5560,10.);
#1432=VECTOR('',#5563,10.);
#1433=VECTOR('',#5568,10.);
#1434=VECTOR('',#5573,10.);
#1435=VECTOR('',#5574,10.);
#1436=VECTOR('',#5575,10.);
#1437=VECTOR('',#5578,10.);
#1438=VECTOR('',#5579,10.);
#1439=VECTOR('',#5582,10.);
#1440=VECTOR('',#5583,10.);
#1441=VECTOR('',#5586,10.);
#1442=VECTOR('',#5591,10.);
#1443=VECTOR('',#5596,10.);
#1444=VECTOR('',#5597,10.);
#1445=VECTOR('',#5598,10.);
#1446=VECTOR('',#5601,10.);
#1447=VECTOR('',#5602,10.);
#1448=VECTOR('',#5605,10.);
#1449=VECTOR('',#5606,10.);
#1450=VECTOR('',#5609,10.);
#1451=VECTOR('',#5614,10.);
#1452=VECTOR('',#5619,10.);
#1453=VECTOR('',#5620,10.);
#1454=VECTOR('',#5621,10.);
#1455=VECTOR('',#5624,10.);
#1456=VECTOR('',#5625,10.);
#1457=VECTOR('',#5628,10.);
#1458=VECTOR('',#5629,10.);
#1459=VECTOR('',#5632,10.);
#1460=VECTOR('',#5637,10.);
#1461=VECTOR('',#5642,10.);
#1462=VECTOR('',#5643,10.);
#1463=VECTOR('',#5644,10.);
#1464=VECTOR('',#5647,10.);
#1465=VECTOR('',#5648,10.);
#1466=VECTOR('',#5651,10.);
#1467=VECTOR('',#5652,10.);
#1468=VECTOR('',#5655,10.);
#1469=VECTOR('',#5660,10.);
#1470=VECTOR('',#5665,10.);
#1471=VECTOR('',#5666,10.);
#1472=VECTOR('',#5667,10.);
#1473=VECTOR('',#5670,10.);
#1474=VECTOR('',#5671,10.);
#1475=VECTOR('',#5674,10.);
#1476=VECTOR('',#5675,10.);
#1477=VECTOR('',#5678,10.);
#1478=VECTOR('',#5683,10.);
#1479=VECTOR('',#5688,10.);
#1480=VECTOR('',#5689,10.);
#1481=VECTOR('',#5690,10.);
#1482=VECTOR('',#5693,10.);
#1483=VECTOR('',#5694,10.);
#1484=VECTOR('',#5697,10.);
#1485=VECTOR('',#5698,10.);
#1486=VECTOR('',#5701,10.);
#1487=VECTOR('',#5706,10.);
#1488=VECTOR('',#5711,10.);
#1489=VECTOR('',#5712,10.);
#1490=VECTOR('',#5713,10.);
#1491=VECTOR('',#5716,10.);
#1492=VECTOR('',#5717,10.);
#1493=VECTOR('',#5720,10.);
#1494=VECTOR('',#5721,10.);
#1495=VECTOR('',#5724,10.);
#1496=VECTOR('',#5729,10.);
#1497=VECTOR('',#5742,99.8908209967419);
#1498=VECTOR('',#5753,17.5);
#1499=CIRCLE('',#4115,14.5);
#1500=CIRCLE('',#4116,14.5);
#1501=CIRCLE('',#4119,75.);
#1502=CIRCLE('',#4121,15.);
#1503=CIRCLE('',#4122,71.860380746648);
#1504=CIRCLE('',#4125,10.5);
#1505=CIRCLE('',#4127,15.);
#1506=CIRCLE('',#4128,71.860380746648);
#1507=CIRCLE('',#4131,10.5);
#1508=CIRCLE('',#4133,15.);
#1509=CIRCLE('',#4134,71.860380746648);
#1510=CIRCLE('',#4137,10.5);
#1511=CIRCLE('',#4139,15.);
#1512=CIRCLE('',#4140,71.860380746648);
#1513=CIRCLE('',#4143,10.5);
#1514=CIRCLE('',#4145,15.);
#1515=CIRCLE('',#4146,71.860380746648);
#1516=CIRCLE('',#4149,10.5);
#1517=CIRCLE('',#4151,15.);
#1518=CIRCLE('',#4152,71.860380746648);
#1519=CIRCLE('',#4155,10.5);
#1520=CIRCLE('',#4157,15.);
#1521=CIRCLE('',#4158,71.860380746648);
#1522=CIRCLE('',#4161,10.5);
#1523=CIRCLE('',#4164,15.);
#1524=CIRCLE('',#4165,64.5119115182985);
#1525=CIRCLE('',#4167,15.);
#1526=CIRCLE('',#4168,64.5119115182985);
#1527=CIRCLE('',#4170,15.);
#1528=CIRCLE('',#4171,64.5119115182985);
#1529=CIRCLE('',#4173,15.);
#1530=CIRCLE('',#4174,64.5119115182985);
#1531=CIRCLE('',#4176,15.);
#1532=CIRCLE('',#4177,64.5119115182985);
#1533=CIRCLE('',#4179,15.);
#1534=CIRCLE('',#4180,64.5119115182985);
#1535=CIRCLE('',#4182,15.);
#1536=CIRCLE('',#4183,64.5119115182985);
#1537=CIRCLE('',#4185,15.);
#1538=CIRCLE('',#4186,64.5119115182985);
#1539=CIRCLE('',#4188,15.);
#1540=CIRCLE('',#4189,71.860380746648);
#1541=CIRCLE('',#4191,10.5);
#1542=CIRCLE('',#4193,64.5119115182985);
#1543=CIRCLE('',#4194,71.860380746648);
#1544=CIRCLE('',#4195,10.5);
#1545=CIRCLE('',#4196,10.5);
#1546=CIRCLE('',#4197,64.5119115182985);
#1547=CIRCLE('',#4198,71.860380746648);
#1548=CIRCLE('',#4199,10.5);
#1549=CIRCLE('',#4200,64.5119115182985);
#1550=CIRCLE('',#4201,71.860380746648);
#1551=CIRCLE('',#4202,10.5);
#1552=CIRCLE('',#4203,64.5119115182985);
#1553=CIRCLE('',#4204,71.860380746648);
#1554=CIRCLE('',#4205,10.5);
#1555=CIRCLE('',#4206,64.5119115182985);
#1556=CIRCLE('',#4207,71.860380746648);
#1557=CIRCLE('',#4208,10.5);
#1558=CIRCLE('',#4209,64.5119115182985);
#1559=CIRCLE('',#4210,71.860380746648);
#1560=CIRCLE('',#4211,10.5);
#1561=CIRCLE('',#4212,64.5119115182985);
#1562=CIRCLE('',#4213,71.860380746648);
#1563=CIRCLE('',#4214,10.5);
#1564=CIRCLE('',#4215,64.5119115182985);
#1565=CIRCLE('',#4216,71.860380746648);
#1566=CIRCLE('',#4217,10.5);
#1567=CIRCLE('',#4220,15.);
#1568=CIRCLE('',#4223,15.);
#1569=CIRCLE('',#4226,15.);
#1570=CIRCLE('',#4229,15.);
#1571=CIRCLE('',#4232,15.);
#1572=CIRCLE('',#4235,15.);
#1573=CIRCLE('',#4238,15.);
#1574=CIRCLE('',#4241,15.);
#1575=CIRCLE('',#4244,15.);
#1576=CIRCLE('',#4247,15.);
#1577=CIRCLE('',#4250,15.);
#1578=CIRCLE('',#4253,15.);
#1579=CIRCLE('',#4256,15.);
#1580=CIRCLE('',#4259,15.);
#1581=CIRCLE('',#4262,15.);
#1582=CIRCLE('',#4265,15.);
#1583=CIRCLE('',#4267,15.);
#1584=CIRCLE('',#4270,15.);
#1585=CIRCLE('',#4271,15.);
#1586=CIRCLE('',#4272,15.);
#1587=CIRCLE('',#4275,99.8908209967419);
#1588=CIRCLE('',#4276,17.5);
#1589=CIRCLE('',#4278,4.11773006853872);
#1590=CIRCLE('',#4279,4.11773006853872);
#1591=CIRCLE('',#4282,4.11773006853872);
#1592=CIRCLE('',#4283,4.11773006853872);
#1593=CIRCLE('',#4287,22.6690882786822);
#1594=CIRCLE('',#4288,22.6690882786822);
#1595=CIRCLE('',#4291,17.1686616977554);
#1596=CIRCLE('',#4292,17.1686616977554);
#1597=CIRCLE('',#4296,22.6690882786822);
#1598=CIRCLE('',#4297,22.6690882786822);
#1599=CIRCLE('',#4300,17.1686616977554);
#1600=CIRCLE('',#4301,17.1686616977554);
#1601=CIRCLE('',#4305,22.6690882786822);
#1602=CIRCLE('',#4306,22.6690882786822);
#1603=CIRCLE('',#4309,17.1686616977554);
#1604=CIRCLE('',#4310,17.1686616977554);
#1605=CIRCLE('',#4314,22.6690882786822);
#1606=CIRCLE('',#4315,22.6690882786822);
#1607=CIRCLE('',#4318,17.1686616977554);
#1608=CIRCLE('',#4319,17.1686616977554);
#1609=CIRCLE('',#4323,22.6690882786822);
#1610=CIRCLE('',#4324,22.6690882786822);
#1611=CIRCLE('',#4327,17.1686616977554);
#1612=CIRCLE('',#4328,17.1686616977554);
#1613=CIRCLE('',#4331,4.11773006853872);
#1614=CIRCLE('',#4332,4.11773006853872);
#1615=CIRCLE('',#4335,4.11773006853872);
#1616=CIRCLE('',#4336,4.11773006853872);
#1617=CIRCLE('',#4339,4.11773006853872);
#1618=CIRCLE('',#4340,4.11773006853872);
#1619=CIRCLE('',#4343,4.11773006853872);
#1620=CIRCLE('',#4344,4.11773006853872);
#1621=CIRCLE('',#4347,17.1686616977554);
#1622=CIRCLE('',#4348,17.1686616977554);
#1623=CIRCLE('',#4351,22.6690882786822);
#1624=CIRCLE('',#4352,22.6690882786822);
#1625=CIRCLE('',#4357,22.6690882786822);
#1626=CIRCLE('',#4358,22.6690882786822);
#1627=CIRCLE('',#4361,17.1686616977554);
#1628=CIRCLE('',#4362,17.1686616977554);
#1629=CIRCLE('',#4366,22.6690882786822);
#1630=CIRCLE('',#4367,22.6690882786822);
#1631=CIRCLE('',#4370,17.1686616977554);
#1632=CIRCLE('',#4371,17.1686616977554);
#1633=CIRCLE('',#4375,22.6690882786822);
#1634=CIRCLE('',#4376,22.6690882786822);
#1635=CIRCLE('',#4379,17.1686616977554);
#1636=CIRCLE('',#4380,17.1686616977554);
#1637=CIRCLE('',#4383,4.11773006853873);
#1638=CIRCLE('',#4384,4.11773006853873);
#1639=CIRCLE('',#4387,4.11773006853872);
#1640=CIRCLE('',#4388,4.11773006853872);
#1641=CIRCLE('',#4391,4.11773006853872);
#1642=CIRCLE('',#4392,4.11773006853872);
#1643=CIRCLE('',#4395,16.8218403324655);
#1644=CIRCLE('',#4396,16.8218403324655);
#1645=CIRCLE('',#4399,17.4885437168471);
#1646=CIRCLE('',#4400,17.4885437168471);
#1647=CIRCLE('',#4403,17.4885437168471);
#1648=CIRCLE('',#4404,17.4885437168471);
#1649=CIRCLE('',#4407,17.4885437168471);
#1650=CIRCLE('',#4408,17.4885437168471);
#1651=CIRCLE('',#4411,17.4885437168471);
#1652=CIRCLE('',#4412,17.4885437168471);
#1653=CIRCLE('',#4415,17.4885437168471);
#1654=CIRCLE('',#4416,17.4885437168471);
#1655=CIRCLE('',#4419,17.4885437168471);
#1656=CIRCLE('',#4420,17.4885437168471);
#1657=CIRCLE('',#4423,17.4885437168471);
#1658=CIRCLE('',#4424,17.4885437168471);
#1659=CIRCLE('',#4427,17.4885437168471);
#1660=CIRCLE('',#4428,17.4885437168471);
#1661=CIRCLE('',#4431,17.4885437168471);
#1662=CIRCLE('',#4432,17.4885437168471);
#1663=CIRCLE('',#4436,17.4885437168471);
#1664=CIRCLE('',#4438,97.3908209967419);
#1665=CIRCLE('',#4440,17.4885437168471);
#1666=CIRCLE('',#4442,97.3908209967419);
#1667=CIRCLE('',#4444,17.4885437168471);
#1668=CIRCLE('',#4446,97.3908209967419);
#1669=CIRCLE('',#4448,17.4885437168471);
#1670=CIRCLE('',#4450,97.3908209967419);
#1671=CIRCLE('',#4452,17.4885437168471);
#1672=CIRCLE('',#4454,97.3908209967419);
#1673=CIRCLE('',#4455,97.3908209967419);
#1674=CIRCLE('',#4457,17.4885437168471);
#1675=CIRCLE('',#4459,97.3908209967419);
#1676=CIRCLE('',#4461,17.4885437168471);
#1677=CIRCLE('',#4463,97.3908209967419);
#1678=CIRCLE('',#4465,17.4885437168471);
#1679=CIRCLE('',#4467,97.3908209967419);
#1680=CIRCLE('',#4469,17.4885437168471);
#1681=CIRCLE('',#4471,97.3908209967419);
#1682=CIRCLE('',#4476,17.4885437168471);
#1683=CIRCLE('',#4483,17.4885437168471);
#1684=CIRCLE('',#4490,17.4885437168471);
#1685=CIRCLE('',#4497,17.4885437168471);
#1686=CIRCLE('',#4504,17.4885437168471);
#1687=CIRCLE('',#4511,17.4885437168471);
#1688=CIRCLE('',#4518,17.4885437168471);
#1689=CIRCLE('',#4525,17.4885437168471);
#1690=CIRCLE('',#4532,17.4885437168471);
#1691=CIRCLE('',#4536,2.5);
#1692=CIRCLE('',#4537,99.8908209967419);
#1693=CIRCLE('',#4538,99.8908209967419);
#1694=CIRCLE('',#4541,17.5);
#1695=CIRCLE('',#4542,3.5);
#1696=CIRCLE('',#4543,17.5);
#1697=VERTEX_POINT('',#5756);
#1698=VERTEX_POINT('',#5758);
#1699=VERTEX_POINT('',#5763);
#1700=VERTEX_POINT('',#5766);
#1701=VERTEX_POINT('',#5767);
#1702=VERTEX_POINT('',#5769);
#1703=VERTEX_POINT('',#5771);
#1704=VERTEX_POINT('',#5775);
#1705=VERTEX_POINT('',#5777);
#1706=VERTEX_POINT('',#5790);
#1707=VERTEX_POINT('',#5792);
#1708=VERTEX_POINT('',#5796);
#1709=VERTEX_POINT('',#5797);
#1710=VERTEX_POINT('',#5799);
#1711=VERTEX_POINT('',#5801);
#1712=VERTEX_POINT('',#5805);
#1713=VERTEX_POINT('',#5807);
#1714=VERTEX_POINT('',#5820);
#1715=VERTEX_POINT('',#5822);
#1716=VERTEX_POINT('',#5826);
#1717=VERTEX_POINT('',#5827);
#1718=VERTEX_POINT('',#5829);
#1719=VERTEX_POINT('',#5831);
#1720=VERTEX_POINT('',#5835);
#1721=VERTEX_POINT('',#5837);
#1722=VERTEX_POINT('',#5850);
#1723=VERTEX_POINT('',#5852);
#1724=VERTEX_POINT('',#5856);
#1725=VERTEX_POINT('',#5857);
#1726=VERTEX_POINT('',#5859);
#1727=VERTEX_POINT('',#5861);
#1728=VERTEX_POINT('',#5865);
#1729=VERTEX_POINT('',#5867);
#1730=VERTEX_POINT('',#5880);
#1731=VERTEX_POINT('',#5882);
#1732=VERTEX_POINT('',#5886);
#1733=VERTEX_POINT('',#5887);
#1734=VERTEX_POINT('',#5889);
#1735=VERTEX_POINT('',#5891);
#1736=VERTEX_POINT('',#5895);
#1737=VERTEX_POINT('',#5897);
#1738=VERTEX_POINT('',#5910);
#1739=VERTEX_POINT('',#5912);
#1740=VERTEX_POINT('',#5916);
#1741=VERTEX_POINT('',#5917);
#1742=VERTEX_POINT('',#5919);
#1743=VERTEX_POINT('',#5921);
#1744=VERTEX_POINT('',#5925);
#1745=VERTEX_POINT('',#5927);
#1746=VERTEX_POINT('',#5940);
#1747=VERTEX_POINT('',#5942);
#1748=VERTEX_POINT('',#5946);
#1749=VERTEX_POINT('',#5947);
#1750=VERTEX_POINT('',#5949);
#1751=VERTEX_POINT('',#5951);
#1752=VERTEX_POINT('',#5955);
#1753=VERTEX_POINT('',#5957);
#1754=VERTEX_POINT('',#5970);
#1755=VERTEX_POINT('',#5972);
#1756=VERTEX_POINT('',#5976);
#1757=VERTEX_POINT('',#5977);
#1758=VERTEX_POINT('',#5979);
#1759=VERTEX_POINT('',#5981);
#1760=VERTEX_POINT('',#5994);
#1761=VERTEX_POINT('',#5996);
#1762=VERTEX_POINT('',#6021);
#1763=VERTEX_POINT('',#6023);
#1764=VERTEX_POINT('',#6027);
#1765=VERTEX_POINT('',#6029);
#1766=VERTEX_POINT('',#6033);
#1767=VERTEX_POINT('',#6035);
#1768=VERTEX_POINT('',#6046);
#1769=VERTEX_POINT('',#6049);
#1770=VERTEX_POINT('',#6051);
#1771=VERTEX_POINT('',#6053);
#1772=VERTEX_POINT('',#6064);
#1773=VERTEX_POINT('',#6066);
#1774=VERTEX_POINT('',#6068);
#1775=VERTEX_POINT('',#6070);
#1776=VERTEX_POINT('',#6081);
#1777=VERTEX_POINT('',#6083);
#1778=VERTEX_POINT('',#6085);
#1779=VERTEX_POINT('',#6087);
#1780=VERTEX_POINT('',#6098);
#1781=VERTEX_POINT('',#6100);
#1782=VERTEX_POINT('',#6102);
#1783=VERTEX_POINT('',#6104);
#1784=VERTEX_POINT('',#6115);
#1785=VERTEX_POINT('',#6117);
#1786=VERTEX_POINT('',#6119);
#1787=VERTEX_POINT('',#6121);
#1788=VERTEX_POINT('',#6132);
#1789=VERTEX_POINT('',#6134);
#1790=VERTEX_POINT('',#6136);
#1791=VERTEX_POINT('',#6138);
#1792=VERTEX_POINT('',#6149);
#1793=VERTEX_POINT('',#6151);
#1794=VERTEX_POINT('',#6153);
#1795=VERTEX_POINT('',#6155);
#1796=VERTEX_POINT('',#6166);
#1797=VERTEX_POINT('',#6170);
#1798=VERTEX_POINT('',#6174);
#1799=VERTEX_POINT('',#6178);
#1800=VERTEX_POINT('',#6182);
#1801=VERTEX_POINT('',#6186);
#1802=VERTEX_POINT('',#6190);
#1803=VERTEX_POINT('',#6194);
#1804=VERTEX_POINT('',#6198);
#1805=VERTEX_POINT('',#6202);
#1806=VERTEX_POINT('',#6206);
#1807=VERTEX_POINT('',#6210);
#1808=VERTEX_POINT('',#6214);
#1809=VERTEX_POINT('',#6218);
#1810=VERTEX_POINT('',#6222);
#1811=VERTEX_POINT('',#6226);
#1812=VERTEX_POINT('',#6230);
#1813=VERTEX_POINT('',#6234);
#1814=VERTEX_POINT('',#6238);
#1815=VERTEX_POINT('',#6242);
#1816=VERTEX_POINT('',#6246);
#1817=VERTEX_POINT('',#6250);
#1818=VERTEX_POINT('',#6254);
#1819=VERTEX_POINT('',#6258);
#1820=VERTEX_POINT('',#6262);
#1821=VERTEX_POINT('',#6266);
#1822=VERTEX_POINT('',#6270);
#1823=VERTEX_POINT('',#6274);
#1824=VERTEX_POINT('',#6278);
#1825=VERTEX_POINT('',#6282);
#1826=VERTEX_POINT('',#6286);
#1827=VERTEX_POINT('',#6290);
#1828=VERTEX_POINT('',#6296);
#1829=VERTEX_POINT('',#6301);
#1830=VERTEX_POINT('',#6302);
#1831=VERTEX_POINT('',#6304);
#1832=VERTEX_POINT('',#6310);
#1833=VERTEX_POINT('',#6312);
#1834=VERTEX_POINT('',#6315);
#1835=VERTEX_POINT('',#6317);
#1836=VERTEX_POINT('',#6322);
#1837=VERTEX_POINT('',#6324);
#1838=VERTEX_POINT('',#6329);
#1839=VERTEX_POINT('',#6330);
#1840=VERTEX_POINT('',#6332);
#1841=VERTEX_POINT('',#6334);
#1842=VERTEX_POINT('',#6338);
#1843=VERTEX_POINT('',#6340);
#1844=VERTEX_POINT('',#6344);
#1845=VERTEX_POINT('',#6346);
#1846=VERTEX_POINT('',#6354);
#1847=VERTEX_POINT('',#6355);
#1848=VERTEX_POINT('',#6357);
#1849=VERTEX_POINT('',#6359);
#1850=VERTEX_POINT('',#6363);
#1851=VERTEX_POINT('',#6365);
#1852=VERTEX_POINT('',#6369);
#1853=VERTEX_POINT('',#6371);
#1854=VERTEX_POINT('',#6379);
#1855=VERTEX_POINT('',#6380);
#1856=VERTEX_POINT('',#6382);
#1857=VERTEX_POINT('',#6384);
#1858=VERTEX_POINT('',#6388);
#1859=VERTEX_POINT('',#6390);
#1860=VERTEX_POINT('',#6394);
#1861=VERTEX_POINT('',#6396);
#1862=VERTEX_POINT('',#6404);
#1863=VERTEX_POINT('',#6405);
#1864=VERTEX_POINT('',#6407);
#1865=VERTEX_POINT('',#6409);
#1866=VERTEX_POINT('',#6413);
#1867=VERTEX_POINT('',#6415);
#1868=VERTEX_POINT('',#6419);
#1869=VERTEX_POINT('',#6421);
#1870=VERTEX_POINT('',#6429);
#1871=VERTEX_POINT('',#6430);
#1872=VERTEX_POINT('',#6432);
#1873=VERTEX_POINT('',#6434);
#1874=VERTEX_POINT('',#6438);
#1875=VERTEX_POINT('',#6440);
#1876=VERTEX_POINT('',#6444);
#1877=VERTEX_POINT('',#6446);
#1878=VERTEX_POINT('',#6454);
#1879=VERTEX_POINT('',#6456);
#1880=VERTEX_POINT('',#6461);
#1881=VERTEX_POINT('',#6463);
#1882=VERTEX_POINT('',#6468);
#1883=VERTEX_POINT('',#6470);
#1884=VERTEX_POINT('',#6475);
#1885=VERTEX_POINT('',#6477);
#1886=VERTEX_POINT('',#6482);
#1887=VERTEX_POINT('',#6483);
#1888=VERTEX_POINT('',#6485);
#1889=VERTEX_POINT('',#6487);
#1890=VERTEX_POINT('',#6491);
#1891=VERTEX_POINT('',#6493);
#1892=VERTEX_POINT('',#6497);
#1893=VERTEX_POINT('',#6499);
#1894=VERTEX_POINT('',#6507);
#1895=VERTEX_POINT('',#6508);
#1896=VERTEX_POINT('',#6510);
#1897=VERTEX_POINT('',#6512);
#1898=VERTEX_POINT('',#6516);
#1899=VERTEX_POINT('',#6518);
#1900=VERTEX_POINT('',#6522);
#1901=VERTEX_POINT('',#6524);
#1902=VERTEX_POINT('',#6532);
#1903=VERTEX_POINT('',#6533);
#1904=VERTEX_POINT('',#6535);
#1905=VERTEX_POINT('',#6537);
#1906=VERTEX_POINT('',#6541);
#1907=VERTEX_POINT('',#6543);
#1908=VERTEX_POINT('',#6547);
#1909=VERTEX_POINT('',#6549);
#1910=VERTEX_POINT('',#6557);
#1911=VERTEX_POINT('',#6558);
#1912=VERTEX_POINT('',#6560);
#1913=VERTEX_POINT('',#6562);
#1914=VERTEX_POINT('',#6566);
#1915=VERTEX_POINT('',#6568);
#1916=VERTEX_POINT('',#6572);
#1917=VERTEX_POINT('',#6574);
#1918=VERTEX_POINT('',#6582);
#1919=VERTEX_POINT('',#6584);
#1920=VERTEX_POINT('',#6589);
#1921=VERTEX_POINT('',#6591);
#1922=VERTEX_POINT('',#6596);
#1923=VERTEX_POINT('',#6598);
#1924=VERTEX_POINT('',#6603);
#1925=VERTEX_POINT('',#6605);
#1926=VERTEX_POINT('',#6609);
#1927=VERTEX_POINT('',#6610);
#1928=VERTEX_POINT('',#6612);
#1929=VERTEX_POINT('',#6614);
#1930=VERTEX_POINT('',#6618);
#1931=VERTEX_POINT('',#6620);
#1932=VERTEX_POINT('',#6625);
#1933=VERTEX_POINT('',#6627);
#1934=VERTEX_POINT('',#6632);
#1935=VERTEX_POINT('',#6634);
#1936=VERTEX_POINT('',#6639);
#1937=VERTEX_POINT('',#6641);
#1938=VERTEX_POINT('',#6646);
#1939=VERTEX_POINT('',#6648);
#1940=VERTEX_POINT('',#6653);
#1941=VERTEX_POINT('',#6655);
#1942=VERTEX_POINT('',#6660);
#1943=VERTEX_POINT('',#6662);
#1944=VERTEX_POINT('',#6667);
#1945=VERTEX_POINT('',#6669);
#1946=VERTEX_POINT('',#6674);
#1947=VERTEX_POINT('',#6676);
#1948=VERTEX_POINT('',#6681);
#1949=VERTEX_POINT('',#6683);
#1950=VERTEX_POINT('',#6688);
#1951=VERTEX_POINT('',#6690);
#1952=VERTEX_POINT('',#6695);
#1953=VERTEX_POINT('',#6697);
#1954=VERTEX_POINT('',#6702);
#1955=VERTEX_POINT('',#6704);
#1956=VERTEX_POINT('',#6709);
#1957=VERTEX_POINT('',#6711);
#1958=VERTEX_POINT('',#6716);
#1959=VERTEX_POINT('',#6718);
#1960=VERTEX_POINT('',#6723);
#1961=VERTEX_POINT('',#6725);
#1962=VERTEX_POINT('',#6739);
#1963=VERTEX_POINT('',#6741);
#1964=VERTEX_POINT('',#6743);
#1965=VERTEX_POINT('',#6749);
#1966=VERTEX_POINT('',#6751);
#1967=VERTEX_POINT('',#6753);
#1968=VERTEX_POINT('',#6759);
#1969=VERTEX_POINT('',#6761);
#1970=VERTEX_POINT('',#6763);
#1971=VERTEX_POINT('',#6769);
#1972=VERTEX_POINT('',#6771);
#1973=VERTEX_POINT('',#6773);
#1974=VERTEX_POINT('',#6779);
#1975=VERTEX_POINT('',#6781);
#1976=VERTEX_POINT('',#6783);
#1977=VERTEX_POINT('',#6785);
#1978=VERTEX_POINT('',#6791);
#1979=VERTEX_POINT('',#6793);
#1980=VERTEX_POINT('',#6795);
#1981=VERTEX_POINT('',#6801);
#1982=VERTEX_POINT('',#6803);
#1983=VERTEX_POINT('',#6805);
#1984=VERTEX_POINT('',#6811);
#1985=VERTEX_POINT('',#6813);
#1986=VERTEX_POINT('',#6815);
#1987=VERTEX_POINT('',#6821);
#1988=VERTEX_POINT('',#6823);
#1989=VERTEX_POINT('',#6825);
#1990=VERTEX_POINT('',#6829);
#1991=VERTEX_POINT('',#6836);
#1992=VERTEX_POINT('',#6838);
#1993=VERTEX_POINT('',#6842);
#1994=VERTEX_POINT('',#6849);
#1995=VERTEX_POINT('',#6859);
#1996=VERTEX_POINT('',#6863);
#1997=VERTEX_POINT('',#6870);
#1998=VERTEX_POINT('',#6877);
#1999=VERTEX_POINT('',#6879);
#2000=VERTEX_POINT('',#6883);
#2001=VERTEX_POINT('',#6890);
#2002=VERTEX_POINT('',#6900);
#2003=VERTEX_POINT('',#6904);
#2004=VERTEX_POINT('',#6911);
#2005=VERTEX_POINT('',#6918);
#2006=VERTEX_POINT('',#6920);
#2007=VERTEX_POINT('',#6924);
#2008=VERTEX_POINT('',#6931);
#2009=VERTEX_POINT('',#6941);
#2010=VERTEX_POINT('',#6945);
#2011=VERTEX_POINT('',#6952);
#2012=VERTEX_POINT('',#6959);
#2013=VERTEX_POINT('',#6961);
#2014=VERTEX_POINT('',#6965);
#2015=VERTEX_POINT('',#6972);
#2016=VERTEX_POINT('',#6982);
#2017=VERTEX_POINT('',#6986);
#2018=VERTEX_POINT('',#6993);
#2019=VERTEX_POINT('',#7000);
#2020=VERTEX_POINT('',#7002);
#2021=VERTEX_POINT('',#7006);
#2022=VERTEX_POINT('',#7013);
#2023=VERTEX_POINT('',#7023);
#2024=VERTEX_POINT('',#7027);
#2025=VERTEX_POINT('',#7034);
#2026=VERTEX_POINT('',#7041);
#2027=VERTEX_POINT('',#7043);
#2028=VERTEX_POINT('',#7047);
#2029=VERTEX_POINT('',#7054);
#2030=VERTEX_POINT('',#7064);
#2031=VERTEX_POINT('',#7068);
#2032=VERTEX_POINT('',#7075);
#2033=VERTEX_POINT('',#7082);
#2034=VERTEX_POINT('',#7084);
#2035=VERTEX_POINT('',#7088);
#2036=VERTEX_POINT('',#7095);
#2037=VERTEX_POINT('',#7105);
#2038=VERTEX_POINT('',#7109);
#2039=VERTEX_POINT('',#7116);
#2040=VERTEX_POINT('',#7123);
#2041=VERTEX_POINT('',#7125);
#2042=VERTEX_POINT('',#7129);
#2043=VERTEX_POINT('',#7136);
#2044=VERTEX_POINT('',#7146);
#2045=VERTEX_POINT('',#7150);
#2046=VERTEX_POINT('',#7157);
#2047=VERTEX_POINT('',#7164);
#2048=VERTEX_POINT('',#7166);
#2049=VERTEX_POINT('',#7170);
#2050=VERTEX_POINT('',#7177);
#2051=VERTEX_POINT('',#7187);
#2052=VERTEX_POINT('',#7191);
#2053=VERTEX_POINT('',#7198);
#2054=VERTEX_POINT('',#7200);
#2055=VERTEX_POINT('',#7206);
#2056=VERTEX_POINT('',#7207);
#2057=EDGE_CURVE('',#1697,#1697,#1499,.T.);
#2058=EDGE_CURVE('',#1697,#1698,#809,.T.);
#2059=EDGE_CURVE('',#1698,#1698,#1500,.T.);
#2060=EDGE_CURVE('',#1699,#1699,#1501,.T.);
#2061=EDGE_CURVE('',#1700,#1701,#1502,.T.);
#2062=EDGE_CURVE('',#1702,#1701,#810,.T.);
#2063=EDGE_CURVE('',#1703,#1702,#1503,.T.);
#2064=EDGE_CURVE('',#1700,#1703,#811,.T.);
#2065=EDGE_CURVE('',#1704,#1700,#812,.T.);
#2066=EDGE_CURVE('',#1705,#1703,#39,.T.);
#2067=EDGE_CURVE('',#1704,#1705,#813,.T.);
#2068=EDGE_CURVE('',#1701,#1706,#814,.T.);
#2069=EDGE_CURVE('',#1707,#1706,#815,.T.);
#2070=EDGE_CURVE('',#1702,#1707,#1504,.T.);
#2071=EDGE_CURVE('',#1708,#1709,#1505,.T.);
#2072=EDGE_CURVE('',#1710,#1709,#816,.T.);
#2073=EDGE_CURVE('',#1711,#1710,#1506,.T.);
#2074=EDGE_CURVE('',#1708,#1711,#817,.T.);
#2075=EDGE_CURVE('',#1712,#1708,#818,.T.);
#2076=EDGE_CURVE('',#1713,#1711,#40,.T.);
#2077=EDGE_CURVE('',#1712,#1713,#819,.T.);
#2078=EDGE_CURVE('',#1709,#1714,#820,.T.);
#2079=EDGE_CURVE('',#1715,#1714,#821,.T.);
#2080=EDGE_CURVE('',#1710,#1715,#1507,.T.);
#2081=EDGE_CURVE('',#1716,#1717,#1508,.T.);
#2082=EDGE_CURVE('',#1718,#1717,#822,.T.);
#2083=EDGE_CURVE('',#1719,#1718,#1509,.T.);
#2084=EDGE_CURVE('',#1716,#1719,#823,.T.);
#2085=EDGE_CURVE('',#1720,#1716,#824,.T.);
#2086=EDGE_CURVE('',#1721,#1719,#41,.T.);
#2087=EDGE_CURVE('',#1720,#1721,#825,.T.);
#2088=EDGE_CURVE('',#1717,#1722,#826,.T.);
#2089=EDGE_CURVE('',#1723,#1722,#827,.T.);
#2090=EDGE_CURVE('',#1718,#1723,#1510,.T.);
#2091=EDGE_CURVE('',#1724,#1725,#1511,.T.);
#2092=EDGE_CURVE('',#1726,#1725,#828,.T.);
#2093=EDGE_CURVE('',#1727,#1726,#1512,.T.);
#2094=EDGE_CURVE('',#1724,#1727,#829,.T.);
#2095=EDGE_CURVE('',#1728,#1724,#830,.T.);
#2096=EDGE_CURVE('',#1729,#1727,#42,.T.);
#2097=EDGE_CURVE('',#1728,#1729,#831,.T.);
#2098=EDGE_CURVE('',#1725,#1730,#832,.T.);
#2099=EDGE_CURVE('',#1731,#1730,#833,.T.);
#2100=EDGE_CURVE('',#1726,#1731,#1513,.T.);
#2101=EDGE_CURVE('',#1732,#1733,#1514,.T.);
#2102=EDGE_CURVE('',#1734,#1733,#834,.T.);
#2103=EDGE_CURVE('',#1735,#1734,#1515,.T.);
#2104=EDGE_CURVE('',#1732,#1735,#835,.T.);
#2105=EDGE_CURVE('',#1736,#1732,#836,.T.);
#2106=EDGE_CURVE('',#1737,#1735,#43,.T.);
#2107=EDGE_CURVE('',#1736,#1737,#837,.T.);
#2108=EDGE_CURVE('',#1733,#1738,#838,.T.);
#2109=EDGE_CURVE('',#1739,#1738,#839,.T.);
#2110=EDGE_CURVE('',#1734,#1739,#1516,.T.);
#2111=EDGE_CURVE('',#1740,#1741,#1517,.T.);
#2112=EDGE_CURVE('',#1742,#1741,#840,.T.);
#2113=EDGE_CURVE('',#1743,#1742,#1518,.T.);
#2114=EDGE_CURVE('',#1740,#1743,#841,.T.);
#2115=EDGE_CURVE('',#1744,#1740,#842,.T.);
#2116=EDGE_CURVE('',#1745,#1743,#44,.T.);
#2117=EDGE_CURVE('',#1744,#1745,#843,.T.);
#2118=EDGE_CURVE('',#1741,#1746,#844,.T.);
#2119=EDGE_CURVE('',#1747,#1746,#845,.T.);
#2120=EDGE_CURVE('',#1742,#1747,#1519,.T.);
#2121=EDGE_CURVE('',#1748,#1749,#1520,.T.);
#2122=EDGE_CURVE('',#1750,#1749,#846,.T.);
#2123=EDGE_CURVE('',#1751,#1750,#1521,.T.);
#2124=EDGE_CURVE('',#1748,#1751,#847,.T.);
#2125=EDGE_CURVE('',#1752,#1748,#848,.T.);
#2126=EDGE_CURVE('',#1753,#1751,#45,.T.);
#2127=EDGE_CURVE('',#1752,#1753,#849,.T.);
#2128=EDGE_CURVE('',#1749,#1754,#850,.T.);
#2129=EDGE_CURVE('',#1755,#1754,#851,.T.);
#2130=EDGE_CURVE('',#1750,#1755,#1522,.T.);
#2131=EDGE_CURVE('',#1756,#1757,#852,.T.);
#2132=EDGE_CURVE('',#1757,#1758,#853,.T.);
#2133=EDGE_CURVE('',#1759,#1758,#46,.T.);
#2134=EDGE_CURVE('',#1756,#1759,#854,.T.);
#2135=EDGE_CURVE('',#1760,#1752,#1523,.T.);
#2136=EDGE_CURVE('',#1761,#1753,#1524,.T.);
#2137=EDGE_CURVE('',#1761,#1760,#855,.T.);
#2138=EDGE_CURVE('',#1754,#1744,#1525,.T.);
#2139=EDGE_CURVE('',#1755,#1745,#1526,.T.);
#2140=EDGE_CURVE('',#1746,#1736,#1527,.T.);
#2141=EDGE_CURVE('',#1747,#1737,#1528,.T.);
#2142=EDGE_CURVE('',#1738,#1728,#1529,.T.);
#2143=EDGE_CURVE('',#1739,#1729,#1530,.T.);
#2144=EDGE_CURVE('',#1730,#1720,#1531,.T.);
#2145=EDGE_CURVE('',#1731,#1721,#1532,.T.);
#2146=EDGE_CURVE('',#1722,#1712,#1533,.T.);
#2147=EDGE_CURVE('',#1723,#1713,#1534,.T.);
#2148=EDGE_CURVE('',#1714,#1704,#1535,.T.);
#2149=EDGE_CURVE('',#1715,#1705,#1536,.T.);
#2150=EDGE_CURVE('',#1706,#1756,#1537,.T.);
#2151=EDGE_CURVE('',#1707,#1759,#1538,.T.);
#2152=EDGE_CURVE('',#1757,#1762,#1539,.T.);
#2153=EDGE_CURVE('',#1763,#1762,#856,.T.);
#2154=EDGE_CURVE('',#1758,#1763,#1540,.T.);
#2155=EDGE_CURVE('',#1762,#1764,#857,.T.);
#2156=EDGE_CURVE('',#1765,#1764,#858,.T.);
#2157=EDGE_CURVE('',#1763,#1765,#1541,.T.);
#2158=EDGE_CURVE('',#1765,#1766,#1542,.T.);
#2159=EDGE_CURVE('',#1766,#1767,#47,.T.);
#2160=EDGE_CURVE('',#1767,#1768,#1543,.T.);
#2161=EDGE_CURVE('',#1768,#1699,#1544,.T.);
#2162=EDGE_CURVE('',#1768,#1769,#1545,.T.);
#2163=EDGE_CURVE('',#1769,#1770,#1546,.T.);
#2164=EDGE_CURVE('',#1770,#1771,#48,.T.);
#2165=EDGE_CURVE('',#1771,#1772,#1547,.T.);
#2166=EDGE_CURVE('',#1772,#1773,#1548,.T.);
#2167=EDGE_CURVE('',#1773,#1774,#1549,.T.);
#2168=EDGE_CURVE('',#1774,#1775,#49,.T.);
#2169=EDGE_CURVE('',#1775,#1776,#1550,.T.);
#2170=EDGE_CURVE('',#1776,#1777,#1551,.T.);
#2171=EDGE_CURVE('',#1777,#1778,#1552,.T.);
#2172=EDGE_CURVE('',#1778,#1779,#50,.T.);
#2173=EDGE_CURVE('',#1779,#1780,#1553,.T.);
#2174=EDGE_CURVE('',#1780,#1781,#1554,.T.);
#2175=EDGE_CURVE('',#1781,#1782,#1555,.T.);
#2176=EDGE_CURVE('',#1782,#1783,#51,.T.);
#2177=EDGE_CURVE('',#1783,#1784,#1556,.T.);
#2178=EDGE_CURVE('',#1784,#1785,#1557,.T.);
#2179=EDGE_CURVE('',#1785,#1786,#1558,.T.);
#2180=EDGE_CURVE('',#1786,#1787,#52,.T.);
#2181=EDGE_CURVE('',#1787,#1788,#1559,.T.);
#2182=EDGE_CURVE('',#1788,#1789,#1560,.T.);
#2183=EDGE_CURVE('',#1789,#1790,#1561,.T.);
#2184=EDGE_CURVE('',#1790,#1791,#53,.T.);
#2185=EDGE_CURVE('',#1791,#1792,#1562,.T.);
#2186=EDGE_CURVE('',#1792,#1793,#1563,.T.);
#2187=EDGE_CURVE('',#1793,#1794,#1564,.T.);
#2188=EDGE_CURVE('',#1794,#1795,#54,.T.);
#2189=EDGE_CURVE('',#1795,#1796,#1565,.T.);
#2190=EDGE_CURVE('',#1796,#1761,#1566,.T.);
#2191=EDGE_CURVE('',#1797,#1760,#859,.T.);
#2192=EDGE_CURVE('',#1796,#1797,#860,.T.);
#2193=EDGE_CURVE('',#1798,#1797,#1567,.T.);
#2194=EDGE_CURVE('',#1798,#1795,#861,.T.);
#2195=EDGE_CURVE('',#1799,#1798,#862,.T.);
#2196=EDGE_CURVE('',#1799,#1794,#863,.T.);
#2197=EDGE_CURVE('',#1800,#1799,#1568,.T.);
#2198=EDGE_CURVE('',#1793,#1800,#864,.T.);
#2199=EDGE_CURVE('',#1801,#1800,#865,.T.);
#2200=EDGE_CURVE('',#1792,#1801,#866,.T.);
#2201=EDGE_CURVE('',#1802,#1801,#1569,.T.);
#2202=EDGE_CURVE('',#1802,#1791,#867,.T.);
#2203=EDGE_CURVE('',#1803,#1802,#868,.T.);
#2204=EDGE_CURVE('',#1803,#1790,#869,.T.);
#2205=EDGE_CURVE('',#1804,#1803,#1570,.T.);
#2206=EDGE_CURVE('',#1789,#1804,#870,.T.);
#2207=EDGE_CURVE('',#1805,#1804,#871,.T.);
#2208=EDGE_CURVE('',#1788,#1805,#872,.T.);
#2209=EDGE_CURVE('',#1806,#1805,#1571,.T.);
#2210=EDGE_CURVE('',#1806,#1787,#873,.T.);
#2211=EDGE_CURVE('',#1807,#1806,#874,.T.);
#2212=EDGE_CURVE('',#1807,#1786,#875,.T.);
#2213=EDGE_CURVE('',#1808,#1807,#1572,.T.);
#2214=EDGE_CURVE('',#1785,#1808,#876,.T.);
#2215=EDGE_CURVE('',#1809,#1808,#877,.T.);
#2216=EDGE_CURVE('',#1784,#1809,#878,.T.);
#2217=EDGE_CURVE('',#1810,#1809,#1573,.T.);
#2218=EDGE_CURVE('',#1810,#1783,#879,.T.);
#2219=EDGE_CURVE('',#1811,#1810,#880,.T.);
#2220=EDGE_CURVE('',#1811,#1782,#881,.T.);
#2221=EDGE_CURVE('',#1812,#1811,#1574,.T.);
#2222=EDGE_CURVE('',#1781,#1812,#882,.T.);
#2223=EDGE_CURVE('',#1813,#1812,#883,.T.);
#2224=EDGE_CURVE('',#1780,#1813,#884,.T.);
#2225=EDGE_CURVE('',#1814,#1813,#1575,.T.);
#2226=EDGE_CURVE('',#1814,#1779,#885,.T.);
#2227=EDGE_CURVE('',#1815,#1814,#886,.T.);
#2228=EDGE_CURVE('',#1815,#1778,#887,.T.);
#2229=EDGE_CURVE('',#1816,#1815,#1576,.T.);
#2230=EDGE_CURVE('',#1777,#1816,#888,.T.);
#2231=EDGE_CURVE('',#1817,#1816,#889,.T.);
#2232=EDGE_CURVE('',#1776,#1817,#890,.T.);
#2233=EDGE_CURVE('',#1818,#1817,#1577,.T.);
#2234=EDGE_CURVE('',#1818,#1775,#891,.T.);
#2235=EDGE_CURVE('',#1819,#1818,#892,.T.);
#2236=EDGE_CURVE('',#1819,#1774,#893,.T.);
#2237=EDGE_CURVE('',#1820,#1819,#1578,.T.);
#2238=EDGE_CURVE('',#1773,#1820,#894,.T.);
#2239=EDGE_CURVE('',#1821,#1820,#895,.T.);
#2240=EDGE_CURVE('',#1772,#1821,#896,.T.);
#2241=EDGE_CURVE('',#1822,#1821,#1579,.T.);
#2242=EDGE_CURVE('',#1822,#1771,#897,.T.);
#2243=EDGE_CURVE('',#1823,#1822,#898,.T.);
#2244=EDGE_CURVE('',#1823,#1770,#899,.T.);
#2245=EDGE_CURVE('',#1824,#1823,#1580,.T.);
#2246=EDGE_CURVE('',#1769,#1824,#900,.T.);
#2247=EDGE_CURVE('',#1825,#1824,#901,.T.);
#2248=EDGE_CURVE('',#1768,#1825,#902,.T.);
#2249=EDGE_CURVE('',#1826,#1825,#1581,.T.);
#2250=EDGE_CURVE('',#1826,#1767,#903,.T.);
#2251=EDGE_CURVE('',#1827,#1826,#904,.T.);
#2252=EDGE_CURVE('',#1827,#1766,#905,.T.);
#2253=EDGE_CURVE('',#1764,#1827,#1582,.T.);
#2254=EDGE_CURVE('',#1828,#1828,#1583,.T.);
#2255=EDGE_CURVE('',#1828,#1754,#906,.T.);
#2256=EDGE_CURVE('',#1829,#1830,#1584,.T.);
#2257=EDGE_CURVE('',#1829,#1831,#907,.T.);
#2258=EDGE_CURVE('',#1831,#1831,#1585,.T.);
#2259=EDGE_CURVE('',#1830,#1829,#1586,.T.);
#2260=EDGE_CURVE('',#1832,#1832,#1587,.T.);
#2261=EDGE_CURVE('',#1833,#1833,#1588,.T.);
#2262=EDGE_CURVE('',#1834,#1834,#1589,.T.);
#2263=EDGE_CURVE('',#1834,#1835,#908,.T.);
#2264=EDGE_CURVE('',#1835,#1835,#1590,.T.);
#2265=EDGE_CURVE('',#1836,#1836,#1591,.T.);
#2266=EDGE_CURVE('',#1836,#1837,#909,.T.);
#2267=EDGE_CURVE('',#1837,#1837,#1592,.T.);
#2268=EDGE_CURVE('',#1838,#1839,#910,.T.);
#2269=EDGE_CURVE('',#1838,#1840,#911,.T.);
#2270=EDGE_CURVE('',#1840,#1841,#912,.T.);
#2271=EDGE_CURVE('',#1839,#1841,#913,.T.);
#2272=EDGE_CURVE('',#1842,#1838,#1593,.T.);
#2273=EDGE_CURVE('',#1842,#1843,#914,.T.);
#2274=EDGE_CURVE('',#1843,#1840,#1594,.T.);
#2275=EDGE_CURVE('',#1844,#1842,#915,.T.);
#2276=EDGE_CURVE('',#1844,#1845,#916,.T.);
#2277=EDGE_CURVE('',#1845,#1843,#917,.T.);
#2278=EDGE_CURVE('',#1839,#1844,#1595,.T.);
#2279=EDGE_CURVE('',#1841,#1845,#1596,.T.);
#2280=EDGE_CURVE('',#1846,#1847,#918,.T.);
#2281=EDGE_CURVE('',#1846,#1848,#919,.T.);
#2282=EDGE_CURVE('',#1848,#1849,#920,.T.);
#2283=EDGE_CURVE('',#1847,#1849,#921,.T.);
#2284=EDGE_CURVE('',#1850,#1846,#1597,.T.);
#2285=EDGE_CURVE('',#1850,#1851,#922,.T.);
#2286=EDGE_CURVE('',#1851,#1848,#1598,.T.);
#2287=EDGE_CURVE('',#1852,#1850,#923,.T.);
#2288=EDGE_CURVE('',#1852,#1853,#924,.T.);
#2289=EDGE_CURVE('',#1853,#1851,#925,.T.);
#2290=EDGE_CURVE('',#1847,#1852,#1599,.T.);
#2291=EDGE_CURVE('',#1849,#1853,#1600,.T.);
#2292=EDGE_CURVE('',#1854,#1855,#926,.T.);
#2293=EDGE_CURVE('',#1854,#1856,#927,.T.);
#2294=EDGE_CURVE('',#1856,#1857,#928,.T.);
#2295=EDGE_CURVE('',#1855,#1857,#929,.T.);
#2296=EDGE_CURVE('',#1858,#1854,#1601,.T.);
#2297=EDGE_CURVE('',#1858,#1859,#930,.T.);
#2298=EDGE_CURVE('',#1859,#1856,#1602,.T.);
#2299=EDGE_CURVE('',#1860,#1858,#931,.T.);
#2300=EDGE_CURVE('',#1860,#1861,#932,.T.);
#2301=EDGE_CURVE('',#1861,#1859,#933,.T.);
#2302=EDGE_CURVE('',#1855,#1860,#1603,.T.);
#2303=EDGE_CURVE('',#1857,#1861,#1604,.T.);
#2304=EDGE_CURVE('',#1862,#1863,#934,.T.);
#2305=EDGE_CURVE('',#1862,#1864,#935,.T.);
#2306=EDGE_CURVE('',#1864,#1865,#936,.T.);
#2307=EDGE_CURVE('',#1863,#1865,#937,.T.);
#2308=EDGE_CURVE('',#1866,#1862,#1605,.T.);
#2309=EDGE_CURVE('',#1866,#1867,#938,.T.);
#2310=EDGE_CURVE('',#1867,#1864,#1606,.T.);
#2311=EDGE_CURVE('',#1868,#1866,#939,.T.);
#2312=EDGE_CURVE('',#1868,#1869,#940,.T.);
#2313=EDGE_CURVE('',#1869,#1867,#941,.T.);
#2314=EDGE_CURVE('',#1863,#1868,#1607,.T.);
#2315=EDGE_CURVE('',#1865,#1869,#1608,.T.);
#2316=EDGE_CURVE('',#1870,#1871,#942,.T.);
#2317=EDGE_CURVE('',#1870,#1872,#943,.T.);
#2318=EDGE_CURVE('',#1872,#1873,#944,.T.);
#2319=EDGE_CURVE('',#1871,#1873,#945,.T.);
#2320=EDGE_CURVE('',#1874,#1870,#1609,.T.);
#2321=EDGE_CURVE('',#1874,#1875,#946,.T.);
#2322=EDGE_CURVE('',#1875,#1872,#1610,.T.);
#2323=EDGE_CURVE('',#1876,#1874,#947,.T.);
#2324=EDGE_CURVE('',#1876,#1877,#948,.T.);
#2325=EDGE_CURVE('',#1877,#1875,#949,.T.);
#2326=EDGE_CURVE('',#1871,#1876,#1611,.T.);
#2327=EDGE_CURVE('',#1873,#1877,#1612,.T.);
#2328=EDGE_CURVE('',#1878,#1878,#1613,.T.);
#2329=EDGE_CURVE('',#1878,#1879,#950,.T.);
#2330=EDGE_CURVE('',#1879,#1879,#1614,.T.);
#2331=EDGE_CURVE('',#1880,#1880,#1615,.T.);
#2332=EDGE_CURVE('',#1880,#1881,#951,.T.);
#2333=EDGE_CURVE('',#1881,#1881,#1616,.T.);
#2334=EDGE_CURVE('',#1882,#1882,#1617,.T.);
#2335=EDGE_CURVE('',#1882,#1883,#952,.T.);
#2336=EDGE_CURVE('',#1883,#1883,#1618,.T.);
#2337=EDGE_CURVE('',#1884,#1884,#1619,.T.);
#2338=EDGE_CURVE('',#1884,#1885,#953,.T.);
#2339=EDGE_CURVE('',#1885,#1885,#1620,.T.);
#2340=EDGE_CURVE('',#1886,#1887,#1621,.T.);
#2341=EDGE_CURVE('',#1886,#1888,#954,.T.);
#2342=EDGE_CURVE('',#1888,#1889,#1622,.T.);
#2343=EDGE_CURVE('',#1887,#1889,#955,.T.);
#2344=EDGE_CURVE('',#1890,#1886,#956,.T.);
#2345=EDGE_CURVE('',#1890,#1891,#957,.T.);
#2346=EDGE_CURVE('',#1891,#1888,#958,.T.);
#2347=EDGE_CURVE('',#1892,#1890,#1623,.T.);
#2348=EDGE_CURVE('',#1892,#1893,#959,.T.);
#2349=EDGE_CURVE('',#1893,#1891,#1624,.T.);
#2350=EDGE_CURVE('',#1887,#1892,#960,.T.);
#2351=EDGE_CURVE('',#1889,#1893,#961,.T.);
#2352=EDGE_CURVE('',#1894,#1895,#962,.T.);
#2353=EDGE_CURVE('',#1894,#1896,#963,.T.);
#2354=EDGE_CURVE('',#1896,#1897,#964,.T.);
#2355=EDGE_CURVE('',#1895,#1897,#965,.T.);
#2356=EDGE_CURVE('',#1898,#1894,#1625,.T.);
#2357=EDGE_CURVE('',#1898,#1899,#966,.T.);
#2358=EDGE_CURVE('',#1899,#1896,#1626,.T.);
#2359=EDGE_CURVE('',#1900,#1898,#967,.T.);
#2360=EDGE_CURVE('',#1900,#1901,#968,.T.);
#2361=EDGE_CURVE('',#1901,#1899,#969,.T.);
#2362=EDGE_CURVE('',#1895,#1900,#1627,.T.);
#2363=EDGE_CURVE('',#1897,#1901,#1628,.T.);
#2364=EDGE_CURVE('',#1902,#1903,#970,.T.);
#2365=EDGE_CURVE('',#1902,#1904,#971,.T.);
#2366=EDGE_CURVE('',#1904,#1905,#972,.T.);
#2367=EDGE_CURVE('',#1903,#1905,#973,.T.);
#2368=EDGE_CURVE('',#1906,#1902,#1629,.T.);
#2369=EDGE_CURVE('',#1906,#1907,#974,.T.);
#2370=EDGE_CURVE('',#1907,#1904,#1630,.T.);
#2371=EDGE_CURVE('',#1908,#1906,#975,.T.);
#2372=EDGE_CURVE('',#1908,#1909,#976,.T.);
#2373=EDGE_CURVE('',#1909,#1907,#977,.T.);
#2374=EDGE_CURVE('',#1903,#1908,#1631,.T.);
#2375=EDGE_CURVE('',#1905,#1909,#1632,.T.);
#2376=EDGE_CURVE('',#1910,#1911,#978,.T.);
#2377=EDGE_CURVE('',#1910,#1912,#979,.T.);
#2378=EDGE_CURVE('',#1912,#1913,#980,.T.);
#2379=EDGE_CURVE('',#1911,#1913,#981,.T.);
#2380=EDGE_CURVE('',#1914,#1910,#1633,.T.);
#2381=EDGE_CURVE('',#1914,#1915,#982,.T.);
#2382=EDGE_CURVE('',#1915,#1912,#1634,.T.);
#2383=EDGE_CURVE('',#1916,#1914,#983,.T.);
#2384=EDGE_CURVE('',#1916,#1917,#984,.T.);
#2385=EDGE_CURVE('',#1917,#1915,#985,.T.);
#2386=EDGE_CURVE('',#1911,#1916,#1635,.T.);
#2387=EDGE_CURVE('',#1913,#1917,#1636,.T.);
#2388=EDGE_CURVE('',#1918,#1918,#1637,.T.);
#2389=EDGE_CURVE('',#1918,#1919,#986,.T.);
#2390=EDGE_CURVE('',#1919,#1919,#1638,.T.);
#2391=EDGE_CURVE('',#1920,#1920,#1639,.T.);
#2392=EDGE_CURVE('',#1920,#1921,#987,.T.);
#2393=EDGE_CURVE('',#1921,#1921,#1640,.T.);
#2394=EDGE_CURVE('',#1922,#1922,#1641,.T.);
#2395=EDGE_CURVE('',#1922,#1923,#988,.T.);
#2396=EDGE_CURVE('',#1923,#1923,#1642,.T.);
#2397=EDGE_CURVE('',#1924,#1924,#1643,.T.);
#2398=EDGE_CURVE('',#1924,#1925,#989,.T.);
#2399=EDGE_CURVE('',#1925,#1925,#1644,.T.);
#2400=EDGE_CURVE('',#1926,#1927,#990,.T.);
#2401=EDGE_CURVE('',#1926,#1928,#991,.T.);
#2402=EDGE_CURVE('',#1928,#1929,#992,.T.);
#2403=EDGE_CURVE('',#1927,#1929,#993,.T.);
#2404=EDGE_CURVE('',#1930,#1926,#1645,.T.);
#2405=EDGE_CURVE('',#1930,#1931,#994,.T.);
#2406=EDGE_CURVE('',#1931,#1928,#1646,.T.);
#2407=EDGE_CURVE('',#1926,#1928,#995,.T.);
#2408=EDGE_CURVE('',#1932,#1930,#996,.T.);
#2409=EDGE_CURVE('',#1932,#1933,#997,.T.);
#2410=EDGE_CURVE('',#1933,#1931,#998,.T.);
#2411=EDGE_CURVE('',#1930,#1931,#999,.T.);
#2412=EDGE_CURVE('',#1934,#1932,#1647,.T.);
#2413=EDGE_CURVE('',#1934,#1935,#1000,.T.);
#2414=EDGE_CURVE('',#1935,#1933,#1648,.T.);
#2415=EDGE_CURVE('',#1932,#1933,#1001,.T.);
#2416=EDGE_CURVE('',#1936,#1934,#1002,.T.);
#2417=EDGE_CURVE('',#1936,#1937,#1003,.T.);
#2418=EDGE_CURVE('',#1937,#1935,#1004,.T.);
#2419=EDGE_CURVE('',#1934,#1935,#1005,.T.);
#2420=EDGE_CURVE('',#1938,#1936,#1649,.T.);
#2421=EDGE_CURVE('',#1938,#1939,#1006,.T.);
#2422=EDGE_CURVE('',#1939,#1937,#1650,.T.);
#2423=EDGE_CURVE('',#1936,#1937,#1007,.T.);
#2424=EDGE_CURVE('',#1940,#1938,#1008,.T.);
#2425=EDGE_CURVE('',#1940,#1941,#1009,.T.);
#2426=EDGE_CURVE('',#1941,#1939,#1010,.T.);
#2427=EDGE_CURVE('',#1938,#1939,#1011,.T.);
#2428=EDGE_CURVE('',#1942,#1940,#1651,.T.);
#2429=EDGE_CURVE('',#1942,#1943,#1012,.T.);
#2430=EDGE_CURVE('',#1943,#1941,#1652,.T.);
#2431=EDGE_CURVE('',#1940,#1941,#1013,.T.);
#2432=EDGE_CURVE('',#1944,#1942,#1014,.T.);
#2433=EDGE_CURVE('',#1944,#1945,#1015,.T.);
#2434=EDGE_CURVE('',#1945,#1943,#1016,.T.);
#2435=EDGE_CURVE('',#1942,#1943,#1017,.T.);
#2436=EDGE_CURVE('',#1946,#1944,#1653,.T.);
#2437=EDGE_CURVE('',#1946,#1947,#1018,.T.);
#2438=EDGE_CURVE('',#1947,#1945,#1654,.T.);
#2439=EDGE_CURVE('',#1944,#1945,#1019,.T.);
#2440=EDGE_CURVE('',#1948,#1946,#1020,.T.);
#2441=EDGE_CURVE('',#1948,#1949,#1021,.T.);
#2442=EDGE_CURVE('',#1949,#1947,#1022,.T.);
#2443=EDGE_CURVE('',#1946,#1947,#1023,.T.);
#2444=EDGE_CURVE('',#1950,#1948,#1655,.T.);
#2445=EDGE_CURVE('',#1950,#1951,#1024,.T.);
#2446=EDGE_CURVE('',#1951,#1949,#1656,.T.);
#2447=EDGE_CURVE('',#1948,#1949,#1025,.T.);
#2448=EDGE_CURVE('',#1952,#1950,#1026,.T.);
#2449=EDGE_CURVE('',#1952,#1953,#1027,.T.);
#2450=EDGE_CURVE('',#1953,#1951,#1028,.T.);
#2451=EDGE_CURVE('',#1950,#1951,#1029,.T.);
#2452=EDGE_CURVE('',#1954,#1952,#1657,.T.);
#2453=EDGE_CURVE('',#1954,#1955,#1030,.T.);
#2454=EDGE_CURVE('',#1955,#1953,#1658,.T.);
#2455=EDGE_CURVE('',#1952,#1953,#1031,.T.);
#2456=EDGE_CURVE('',#1956,#1954,#1032,.T.);
#2457=EDGE_CURVE('',#1956,#1957,#1033,.T.);
#2458=EDGE_CURVE('',#1957,#1955,#1034,.T.);
#2459=EDGE_CURVE('',#1954,#1955,#1035,.T.);
#2460=EDGE_CURVE('',#1958,#1956,#1659,.T.);
#2461=EDGE_CURVE('',#1958,#1959,#1036,.T.);
#2462=EDGE_CURVE('',#1959,#1957,#1660,.T.);
#2463=EDGE_CURVE('',#1956,#1957,#1037,.T.);
#2464=EDGE_CURVE('',#1960,#1958,#1038,.T.);
#2465=EDGE_CURVE('',#1960,#1961,#1039,.T.);
#2466=EDGE_CURVE('',#1961,#1959,#1040,.T.);
#2467=EDGE_CURVE('',#1958,#1959,#1041,.T.);
#2468=EDGE_CURVE('',#1927,#1960,#1661,.T.);
#2469=EDGE_CURVE('',#1927,#1929,#1042,.T.);
#2470=EDGE_CURVE('',#1929,#1961,#1662,.T.);
#2471=EDGE_CURVE('',#1960,#1961,#1043,.T.);
#2472=EDGE_CURVE('',#1958,#1960,#1663,.T.);
#2473=EDGE_CURVE('',#1956,#1962,#1044,.T.);
#2474=EDGE_CURVE('',#1963,#1962,#1664,.T.);
#2475=EDGE_CURVE('',#1963,#1964,#1045,.T.);
#2476=EDGE_CURVE('',#1964,#1958,#1046,.T.);
#2477=EDGE_CURVE('',#1954,#1956,#1665,.T.);
#2478=EDGE_CURVE('',#1952,#1965,#1047,.T.);
#2479=EDGE_CURVE('',#1966,#1965,#1666,.T.);
#2480=EDGE_CURVE('',#1966,#1967,#1048,.T.);
#2481=EDGE_CURVE('',#1967,#1954,#1049,.T.);
#2482=EDGE_CURVE('',#1950,#1952,#1667,.T.);
#2483=EDGE_CURVE('',#1948,#1968,#1050,.T.);
#2484=EDGE_CURVE('',#1969,#1968,#1668,.T.);
#2485=EDGE_CURVE('',#1969,#1970,#1051,.T.);
#2486=EDGE_CURVE('',#1970,#1950,#1052,.T.);
#2487=EDGE_CURVE('',#1946,#1948,#1669,.T.);
#2488=EDGE_CURVE('',#1944,#1971,#1053,.T.);
#2489=EDGE_CURVE('',#1972,#1971,#1670,.T.);
#2490=EDGE_CURVE('',#1972,#1973,#1054,.T.);
#2491=EDGE_CURVE('',#1973,#1946,#1055,.T.);
#2492=EDGE_CURVE('',#1942,#1944,#1671,.T.);
#2493=EDGE_CURVE('',#1940,#1974,#1056,.T.);
#2494=EDGE_CURVE('',#1975,#1974,#1672,.T.);
#2495=EDGE_CURVE('',#1976,#1975,#1673,.T.);
#2496=EDGE_CURVE('',#1976,#1977,#1057,.T.);
#2497=EDGE_CURVE('',#1977,#1942,#1058,.T.);
#2498=EDGE_CURVE('',#1938,#1940,#1674,.T.);
#2499=EDGE_CURVE('',#1936,#1978,#1059,.T.);
#2500=EDGE_CURVE('',#1979,#1978,#1675,.T.);
#2501=EDGE_CURVE('',#1979,#1980,#1060,.T.);
#2502=EDGE_CURVE('',#1980,#1938,#1061,.T.);
#2503=EDGE_CURVE('',#1934,#1936,#1676,.T.);
#2504=EDGE_CURVE('',#1932,#1981,#1062,.T.);
#2505=EDGE_CURVE('',#1982,#1981,#1677,.T.);
#2506=EDGE_CURVE('',#1982,#1983,#1063,.T.);
#2507=EDGE_CURVE('',#1983,#1934,#1064,.T.);
#2508=EDGE_CURVE('',#1930,#1932,#1678,.T.);
#2509=EDGE_CURVE('',#1926,#1984,#1065,.T.);
#2510=EDGE_CURVE('',#1985,#1984,#1679,.T.);
#2511=EDGE_CURVE('',#1985,#1986,#1066,.T.);
#2512=EDGE_CURVE('',#1986,#1930,#1067,.T.);
#2513=EDGE_CURVE('',#1927,#1926,#1680,.T.);
#2514=EDGE_CURVE('',#1960,#1987,#1068,.T.);
#2515=EDGE_CURVE('',#1988,#1987,#1681,.T.);
#2516=EDGE_CURVE('',#1988,#1989,#1069,.T.);
#2517=EDGE_CURVE('',#1989,#1927,#1070,.T.);
#2518=EDGE_CURVE('',#1978,#1990,#55,.T.);
#2519=EDGE_CURVE('',#1937,#1991,#1071,.T.);
#2520=EDGE_CURVE('',#1991,#1992,#1072,.T.);
#2521=EDGE_CURVE('',#1990,#1992,#1073,.T.);
#2522=EDGE_CURVE('',#1990,#1993,#56,.T.);
#2523=EDGE_CURVE('',#1992,#1994,#1074,.T.);
#2524=EDGE_CURVE('',#1993,#1994,#1075,.T.);
#2525=EDGE_CURVE('',#1993,#1982,#57,.T.);
#2526=EDGE_CURVE('',#1994,#1995,#1076,.T.);
#2527=EDGE_CURVE('',#1983,#1995,#1077,.T.);
#2528=EDGE_CURVE('',#1935,#1996,#1078,.T.);
#2529=EDGE_CURVE('',#1996,#1991,#1682,.T.);
#2530=EDGE_CURVE('',#1995,#1996,#1079,.T.);
#2531=EDGE_CURVE('',#1965,#1997,#58,.T.);
#2532=EDGE_CURVE('',#1953,#1998,#1080,.T.);
#2533=EDGE_CURVE('',#1998,#1999,#1081,.T.);
#2534=EDGE_CURVE('',#1997,#1999,#1082,.T.);
#2535=EDGE_CURVE('',#1997,#2000,#59,.T.);
#2536=EDGE_CURVE('',#1999,#2001,#1083,.T.);
#2537=EDGE_CURVE('',#2000,#2001,#1084,.T.);
#2538=EDGE_CURVE('',#2000,#1969,#60,.T.);
#2539=EDGE_CURVE('',#2001,#2002,#1085,.T.);
#2540=EDGE_CURVE('',#1970,#2002,#1086,.T.);
#2541=EDGE_CURVE('',#1951,#2003,#1087,.T.);
#2542=EDGE_CURVE('',#2003,#1998,#1683,.T.);
#2543=EDGE_CURVE('',#2002,#2003,#1088,.T.);
#2544=EDGE_CURVE('',#1962,#2004,#61,.T.);
#2545=EDGE_CURVE('',#1957,#2005,#1089,.T.);
#2546=EDGE_CURVE('',#2005,#2006,#1090,.T.);
#2547=EDGE_CURVE('',#2004,#2006,#1091,.T.);
#2548=EDGE_CURVE('',#2004,#2007,#62,.T.);
#2549=EDGE_CURVE('',#2006,#2008,#1092,.T.);
#2550=EDGE_CURVE('',#2007,#2008,#1093,.T.);
#2551=EDGE_CURVE('',#2007,#1966,#63,.T.);
#2552=EDGE_CURVE('',#2008,#2009,#1094,.T.);
#2553=EDGE_CURVE('',#1967,#2009,#1095,.T.);
#2554=EDGE_CURVE('',#1955,#2010,#1096,.T.);
#2555=EDGE_CURVE('',#2010,#2005,#1684,.T.);
#2556=EDGE_CURVE('',#2009,#2010,#1097,.T.);
#2557=EDGE_CURVE('',#1974,#2011,#64,.T.);
#2558=EDGE_CURVE('',#1941,#2012,#1098,.T.);
#2559=EDGE_CURVE('',#2012,#2013,#1099,.T.);
#2560=EDGE_CURVE('',#2011,#2013,#1100,.T.);
#2561=EDGE_CURVE('',#2011,#2014,#65,.T.);
#2562=EDGE_CURVE('',#2013,#2015,#1101,.T.);
#2563=EDGE_CURVE('',#2014,#2015,#1102,.T.);
#2564=EDGE_CURVE('',#2014,#1979,#66,.T.);
#2565=EDGE_CURVE('',#2015,#2016,#1103,.T.);
#2566=EDGE_CURVE('',#1980,#2016,#1104,.T.);
#2567=EDGE_CURVE('',#1939,#2017,#1105,.T.);
#2568=EDGE_CURVE('',#2017,#2012,#1685,.T.);
#2569=EDGE_CURVE('',#2016,#2017,#1106,.T.);
#2570=EDGE_CURVE('',#1981,#2018,#67,.T.);
#2571=EDGE_CURVE('',#1933,#2019,#1107,.T.);
#2572=EDGE_CURVE('',#2019,#2020,#1108,.T.);
#2573=EDGE_CURVE('',#2018,#2020,#1109,.T.);
#2574=EDGE_CURVE('',#2018,#2021,#68,.T.);
#2575=EDGE_CURVE('',#2020,#2022,#1110,.T.);
#2576=EDGE_CURVE('',#2021,#2022,#1111,.T.);
#2577=EDGE_CURVE('',#2021,#1985,#69,.T.);
#2578=EDGE_CURVE('',#2022,#2023,#1112,.T.);
#2579=EDGE_CURVE('',#1986,#2023,#1113,.T.);
#2580=EDGE_CURVE('',#1931,#2024,#1114,.T.);
#2581=EDGE_CURVE('',#2024,#2019,#1686,.T.);
#2582=EDGE_CURVE('',#2023,#2024,#1115,.T.);
#2583=EDGE_CURVE('',#1968,#2025,#70,.T.);
#2584=EDGE_CURVE('',#1949,#2026,#1116,.T.);
#2585=EDGE_CURVE('',#2026,#2027,#1117,.T.);
#2586=EDGE_CURVE('',#2025,#2027,#1118,.T.);
#2587=EDGE_CURVE('',#2025,#2028,#71,.T.);
#2588=EDGE_CURVE('',#2027,#2029,#1119,.T.);
#2589=EDGE_CURVE('',#2028,#2029,#1120,.T.);
#2590=EDGE_CURVE('',#2028,#1972,#72,.T.);
#2591=EDGE_CURVE('',#2029,#2030,#1121,.T.);
#2592=EDGE_CURVE('',#1973,#2030,#1122,.T.);
#2593=EDGE_CURVE('',#1947,#2031,#1123,.T.);
#2594=EDGE_CURVE('',#2031,#2026,#1687,.T.);
#2595=EDGE_CURVE('',#2030,#2031,#1124,.T.);
#2596=EDGE_CURVE('',#1987,#2032,#73,.T.);
#2597=EDGE_CURVE('',#1961,#2033,#1125,.T.);
#2598=EDGE_CURVE('',#2033,#2034,#1126,.T.);
#2599=EDGE_CURVE('',#2032,#2034,#1127,.T.);
#2600=EDGE_CURVE('',#2032,#2035,#74,.T.);
#2601=EDGE_CURVE('',#2034,#2036,#1128,.T.);
#2602=EDGE_CURVE('',#2035,#2036,#1129,.T.);
#2603=EDGE_CURVE('',#2035,#1963,#75,.T.);
#2604=EDGE_CURVE('',#2036,#2037,#1130,.T.);
#2605=EDGE_CURVE('',#1964,#2037,#1131,.T.);
#2606=EDGE_CURVE('',#1959,#2038,#1132,.T.);
#2607=EDGE_CURVE('',#2038,#2033,#1688,.T.);
#2608=EDGE_CURVE('',#2037,#2038,#1133,.T.);
#2609=EDGE_CURVE('',#1971,#2039,#76,.T.);
#2610=EDGE_CURVE('',#1945,#2040,#1134,.T.);
#2611=EDGE_CURVE('',#2040,#2041,#1135,.T.);
#2612=EDGE_CURVE('',#2039,#2041,#1136,.T.);
#2613=EDGE_CURVE('',#2039,#2042,#77,.T.);
#2614=EDGE_CURVE('',#2041,#2043,#1137,.T.);
#2615=EDGE_CURVE('',#2042,#2043,#1138,.T.);
#2616=EDGE_CURVE('',#2042,#1976,#78,.T.);
#2617=EDGE_CURVE('',#2043,#2044,#1139,.T.);
#2618=EDGE_CURVE('',#1977,#2044,#1140,.T.);
#2619=EDGE_CURVE('',#1943,#2045,#1141,.T.);
#2620=EDGE_CURVE('',#2045,#2040,#1689,.T.);
#2621=EDGE_CURVE('',#2044,#2045,#1142,.T.);
#2622=EDGE_CURVE('',#1984,#2046,#79,.T.);
#2623=EDGE_CURVE('',#1928,#2047,#1143,.T.);
#2624=EDGE_CURVE('',#2047,#2048,#1144,.T.);
#2625=EDGE_CURVE('',#2046,#2048,#1145,.T.);
#2626=EDGE_CURVE('',#2046,#2049,#80,.T.);
#2627=EDGE_CURVE('',#2048,#2050,#1146,.T.);
#2628=EDGE_CURVE('',#2049,#2050,#1147,.T.);
#2629=EDGE_CURVE('',#2049,#1988,#81,.T.);
#2630=EDGE_CURVE('',#2050,#2051,#1148,.T.);
#2631=EDGE_CURVE('',#1989,#2051,#1149,.T.);
#2632=EDGE_CURVE('',#1929,#2052,#1150,.T.);
#2633=EDGE_CURVE('',#2052,#2047,#1690,.T.);
#2634=EDGE_CURVE('',#2051,#2052,#1151,.T.);
#2635=EDGE_CURVE('',#1975,#2053,#1691,.T.);
#2636=EDGE_CURVE('',#2053,#2054,#1692,.T.);
#2637=EDGE_CURVE('',#2054,#2053,#1693,.T.);
#2638=EDGE_CURVE('',#2054,#1832,#1152,.T.);
#2639=EDGE_CURVE('',#2055,#2056,#1694,.T.);
#2640=EDGE_CURVE('',#2056,#1830,#1695,.T.);
#2641=EDGE_CURVE('',#2056,#2055,#1696,.T.);
#2642=EDGE_CURVE('',#1833,#2055,#1153,.T.);
#2643=ORIENTED_EDGE('',*,*,#2057,.F.);
#2644=ORIENTED_EDGE('',*,*,#2058,.T.);
#2645=ORIENTED_EDGE('',*,*,#2059,.F.);
#2646=ORIENTED_EDGE('',*,*,#2058,.F.);
#2647=ORIENTED_EDGE('',*,*,#2057,.T.);
#2648=ORIENTED_EDGE('',*,*,#2060,.F.);
#2649=ORIENTED_EDGE('',*,*,#2061,.T.);
#2650=ORIENTED_EDGE('',*,*,#2062,.F.);
#2651=ORIENTED_EDGE('',*,*,#2063,.F.);
#2652=ORIENTED_EDGE('',*,*,#2064,.F.);
#2653=ORIENTED_EDGE('',*,*,#2065,.T.);
#2654=ORIENTED_EDGE('',*,*,#2064,.T.);
#2655=ORIENTED_EDGE('',*,*,#2066,.F.);
#2656=ORIENTED_EDGE('',*,*,#2067,.F.);
#2657=ORIENTED_EDGE('',*,*,#2068,.T.);
#2658=ORIENTED_EDGE('',*,*,#2069,.F.);
#2659=ORIENTED_EDGE('',*,*,#2070,.F.);
#2660=ORIENTED_EDGE('',*,*,#2062,.T.);
#2661=ORIENTED_EDGE('',*,*,#2071,.T.);
#2662=ORIENTED_EDGE('',*,*,#2072,.F.);
#2663=ORIENTED_EDGE('',*,*,#2073,.F.);
#2664=ORIENTED_EDGE('',*,*,#2074,.F.);
#2665=ORIENTED_EDGE('',*,*,#2075,.T.);
#2666=ORIENTED_EDGE('',*,*,#2074,.T.);
#2667=ORIENTED_EDGE('',*,*,#2076,.F.);
#2668=ORIENTED_EDGE('',*,*,#2077,.F.);
#2669=ORIENTED_EDGE('',*,*,#2078,.T.);
#2670=ORIENTED_EDGE('',*,*,#2079,.F.);
#2671=ORIENTED_EDGE('',*,*,#2080,.F.);
#2672=ORIENTED_EDGE('',*,*,#2072,.T.);
#2673=ORIENTED_EDGE('',*,*,#2081,.T.);
#2674=ORIENTED_EDGE('',*,*,#2082,.F.);
#2675=ORIENTED_EDGE('',*,*,#2083,.F.);
#2676=ORIENTED_EDGE('',*,*,#2084,.F.);
#2677=ORIENTED_EDGE('',*,*,#2085,.T.);
#2678=ORIENTED_EDGE('',*,*,#2084,.T.);
#2679=ORIENTED_EDGE('',*,*,#2086,.F.);
#2680=ORIENTED_EDGE('',*,*,#2087,.F.);
#2681=ORIENTED_EDGE('',*,*,#2088,.T.);
#2682=ORIENTED_EDGE('',*,*,#2089,.F.);
#2683=ORIENTED_EDGE('',*,*,#2090,.F.);
#2684=ORIENTED_EDGE('',*,*,#2082,.T.);
#2685=ORIENTED_EDGE('',*,*,#2091,.T.);
#2686=ORIENTED_EDGE('',*,*,#2092,.F.);
#2687=ORIENTED_EDGE('',*,*,#2093,.F.);
#2688=ORIENTED_EDGE('',*,*,#2094,.F.);
#2689=ORIENTED_EDGE('',*,*,#2095,.T.);
#2690=ORIENTED_EDGE('',*,*,#2094,.T.);
#2691=ORIENTED_EDGE('',*,*,#2096,.F.);
#2692=ORIENTED_EDGE('',*,*,#2097,.F.);
#2693=ORIENTED_EDGE('',*,*,#2098,.T.);
#2694=ORIENTED_EDGE('',*,*,#2099,.F.);
#2695=ORIENTED_EDGE('',*,*,#2100,.F.);
#2696=ORIENTED_EDGE('',*,*,#2092,.T.);
#2697=ORIENTED_EDGE('',*,*,#2101,.T.);
#2698=ORIENTED_EDGE('',*,*,#2102,.F.);
#2699=ORIENTED_EDGE('',*,*,#2103,.F.);
#2700=ORIENTED_EDGE('',*,*,#2104,.F.);
#2701=ORIENTED_EDGE('',*,*,#2105,.T.);
#2702=ORIENTED_EDGE('',*,*,#2104,.T.);
#2703=ORIENTED_EDGE('',*,*,#2106,.F.);
#2704=ORIENTED_EDGE('',*,*,#2107,.F.);
#2705=ORIENTED_EDGE('',*,*,#2108,.T.);
#2706=ORIENTED_EDGE('',*,*,#2109,.F.);
#2707=ORIENTED_EDGE('',*,*,#2110,.F.);
#2708=ORIENTED_EDGE('',*,*,#2102,.T.);
#2709=ORIENTED_EDGE('',*,*,#2111,.T.);
#2710=ORIENTED_EDGE('',*,*,#2112,.F.);
#2711=ORIENTED_EDGE('',*,*,#2113,.F.);
#2712=ORIENTED_EDGE('',*,*,#2114,.F.);
#2713=ORIENTED_EDGE('',*,*,#2115,.T.);
#2714=ORIENTED_EDGE('',*,*,#2114,.T.);
#2715=ORIENTED_EDGE('',*,*,#2116,.F.);
#2716=ORIENTED_EDGE('',*,*,#2117,.F.);
#2717=ORIENTED_EDGE('',*,*,#2118,.T.);
#2718=ORIENTED_EDGE('',*,*,#2119,.F.);
#2719=ORIENTED_EDGE('',*,*,#2120,.F.);
#2720=ORIENTED_EDGE('',*,*,#2112,.T.);
#2721=ORIENTED_EDGE('',*,*,#2121,.T.);
#2722=ORIENTED_EDGE('',*,*,#2122,.F.);
#2723=ORIENTED_EDGE('',*,*,#2123,.F.);
#2724=ORIENTED_EDGE('',*,*,#2124,.F.);
#2725=ORIENTED_EDGE('',*,*,#2125,.T.);
#2726=ORIENTED_EDGE('',*,*,#2124,.T.);
#2727=ORIENTED_EDGE('',*,*,#2126,.F.);
#2728=ORIENTED_EDGE('',*,*,#2127,.F.);
#2729=ORIENTED_EDGE('',*,*,#2128,.T.);
#2730=ORIENTED_EDGE('',*,*,#2129,.F.);
#2731=ORIENTED_EDGE('',*,*,#2130,.F.);
#2732=ORIENTED_EDGE('',*,*,#2122,.T.);
#2733=ORIENTED_EDGE('',*,*,#2131,.T.);
#2734=ORIENTED_EDGE('',*,*,#2132,.T.);
#2735=ORIENTED_EDGE('',*,*,#2133,.F.);
#2736=ORIENTED_EDGE('',*,*,#2134,.F.);
#2737=ORIENTED_EDGE('',*,*,#2135,.T.);
#2738=ORIENTED_EDGE('',*,*,#2127,.T.);
#2739=ORIENTED_EDGE('',*,*,#2136,.F.);
#2740=ORIENTED_EDGE('',*,*,#2137,.T.);
#2741=ORIENTED_EDGE('',*,*,#2138,.T.);
#2742=ORIENTED_EDGE('',*,*,#2117,.T.);
#2743=ORIENTED_EDGE('',*,*,#2139,.F.);
#2744=ORIENTED_EDGE('',*,*,#2129,.T.);
#2745=ORIENTED_EDGE('',*,*,#2140,.T.);
#2746=ORIENTED_EDGE('',*,*,#2107,.T.);
#2747=ORIENTED_EDGE('',*,*,#2141,.F.);
#2748=ORIENTED_EDGE('',*,*,#2119,.T.);
#2749=ORIENTED_EDGE('',*,*,#2142,.T.);
#2750=ORIENTED_EDGE('',*,*,#2097,.T.);
#2751=ORIENTED_EDGE('',*,*,#2143,.F.);
#2752=ORIENTED_EDGE('',*,*,#2109,.T.);
#2753=ORIENTED_EDGE('',*,*,#2144,.T.);
#2754=ORIENTED_EDGE('',*,*,#2087,.T.);
#2755=ORIENTED_EDGE('',*,*,#2145,.F.);
#2756=ORIENTED_EDGE('',*,*,#2099,.T.);
#2757=ORIENTED_EDGE('',*,*,#2146,.T.);
#2758=ORIENTED_EDGE('',*,*,#2077,.T.);
#2759=ORIENTED_EDGE('',*,*,#2147,.F.);
#2760=ORIENTED_EDGE('',*,*,#2089,.T.);
#2761=ORIENTED_EDGE('',*,*,#2148,.T.);
#2762=ORIENTED_EDGE('',*,*,#2067,.T.);
#2763=ORIENTED_EDGE('',*,*,#2149,.F.);
#2764=ORIENTED_EDGE('',*,*,#2079,.T.);
#2765=ORIENTED_EDGE('',*,*,#2150,.T.);
#2766=ORIENTED_EDGE('',*,*,#2134,.T.);
#2767=ORIENTED_EDGE('',*,*,#2151,.F.);
#2768=ORIENTED_EDGE('',*,*,#2069,.T.);
#2769=ORIENTED_EDGE('',*,*,#2152,.T.);
#2770=ORIENTED_EDGE('',*,*,#2153,.F.);
#2771=ORIENTED_EDGE('',*,*,#2154,.F.);
#2772=ORIENTED_EDGE('',*,*,#2132,.F.);
#2773=ORIENTED_EDGE('',*,*,#2155,.T.);
#2774=ORIENTED_EDGE('',*,*,#2156,.F.);
#2775=ORIENTED_EDGE('',*,*,#2157,.F.);
#2776=ORIENTED_EDGE('',*,*,#2153,.T.);
#2777=ORIENTED_EDGE('',*,*,#2157,.T.);
#2778=ORIENTED_EDGE('',*,*,#2158,.T.);
#2779=ORIENTED_EDGE('',*,*,#2159,.T.);
#2780=ORIENTED_EDGE('',*,*,#2160,.T.);
#2781=ORIENTED_EDGE('',*,*,#2161,.T.);
#2782=ORIENTED_EDGE('',*,*,#2060,.T.);
#2783=ORIENTED_EDGE('',*,*,#2161,.F.);
#2784=ORIENTED_EDGE('',*,*,#2162,.T.);
#2785=ORIENTED_EDGE('',*,*,#2163,.T.);
#2786=ORIENTED_EDGE('',*,*,#2164,.T.);
#2787=ORIENTED_EDGE('',*,*,#2165,.T.);
#2788=ORIENTED_EDGE('',*,*,#2166,.T.);
#2789=ORIENTED_EDGE('',*,*,#2167,.T.);
#2790=ORIENTED_EDGE('',*,*,#2168,.T.);
#2791=ORIENTED_EDGE('',*,*,#2169,.T.);
#2792=ORIENTED_EDGE('',*,*,#2170,.T.);
#2793=ORIENTED_EDGE('',*,*,#2171,.T.);
#2794=ORIENTED_EDGE('',*,*,#2172,.T.);
#2795=ORIENTED_EDGE('',*,*,#2173,.T.);
#2796=ORIENTED_EDGE('',*,*,#2174,.T.);
#2797=ORIENTED_EDGE('',*,*,#2175,.T.);
#2798=ORIENTED_EDGE('',*,*,#2176,.T.);
#2799=ORIENTED_EDGE('',*,*,#2177,.T.);
#2800=ORIENTED_EDGE('',*,*,#2178,.T.);
#2801=ORIENTED_EDGE('',*,*,#2179,.T.);
#2802=ORIENTED_EDGE('',*,*,#2180,.T.);
#2803=ORIENTED_EDGE('',*,*,#2181,.T.);
#2804=ORIENTED_EDGE('',*,*,#2182,.T.);
#2805=ORIENTED_EDGE('',*,*,#2183,.T.);
#2806=ORIENTED_EDGE('',*,*,#2184,.T.);
#2807=ORIENTED_EDGE('',*,*,#2185,.T.);
#2808=ORIENTED_EDGE('',*,*,#2186,.T.);
#2809=ORIENTED_EDGE('',*,*,#2187,.T.);
#2810=ORIENTED_EDGE('',*,*,#2188,.T.);
#2811=ORIENTED_EDGE('',*,*,#2189,.T.);
#2812=ORIENTED_EDGE('',*,*,#2190,.T.);
#2813=ORIENTED_EDGE('',*,*,#2136,.T.);
#2814=ORIENTED_EDGE('',*,*,#2126,.T.);
#2815=ORIENTED_EDGE('',*,*,#2123,.T.);
#2816=ORIENTED_EDGE('',*,*,#2130,.T.);
#2817=ORIENTED_EDGE('',*,*,#2139,.T.);
#2818=ORIENTED_EDGE('',*,*,#2116,.T.);
#2819=ORIENTED_EDGE('',*,*,#2113,.T.);
#2820=ORIENTED_EDGE('',*,*,#2120,.T.);
#2821=ORIENTED_EDGE('',*,*,#2141,.T.);
#2822=ORIENTED_EDGE('',*,*,#2106,.T.);
#2823=ORIENTED_EDGE('',*,*,#2103,.T.);
#2824=ORIENTED_EDGE('',*,*,#2110,.T.);
#2825=ORIENTED_EDGE('',*,*,#2143,.T.);
#2826=ORIENTED_EDGE('',*,*,#2096,.T.);
#2827=ORIENTED_EDGE('',*,*,#2093,.T.);
#2828=ORIENTED_EDGE('',*,*,#2100,.T.);
#2829=ORIENTED_EDGE('',*,*,#2145,.T.);
#2830=ORIENTED_EDGE('',*,*,#2086,.T.);
#2831=ORIENTED_EDGE('',*,*,#2083,.T.);
#2832=ORIENTED_EDGE('',*,*,#2090,.T.);
#2833=ORIENTED_EDGE('',*,*,#2147,.T.);
#2834=ORIENTED_EDGE('',*,*,#2076,.T.);
#2835=ORIENTED_EDGE('',*,*,#2073,.T.);
#2836=ORIENTED_EDGE('',*,*,#2080,.T.);
#2837=ORIENTED_EDGE('',*,*,#2149,.T.);
#2838=ORIENTED_EDGE('',*,*,#2066,.T.);
#2839=ORIENTED_EDGE('',*,*,#2063,.T.);
#2840=ORIENTED_EDGE('',*,*,#2070,.T.);
#2841=ORIENTED_EDGE('',*,*,#2151,.T.);
#2842=ORIENTED_EDGE('',*,*,#2133,.T.);
#2843=ORIENTED_EDGE('',*,*,#2154,.T.);
#2844=ORIENTED_EDGE('',*,*,#2191,.T.);
#2845=ORIENTED_EDGE('',*,*,#2137,.F.);
#2846=ORIENTED_EDGE('',*,*,#2190,.F.);
#2847=ORIENTED_EDGE('',*,*,#2192,.T.);
#2848=ORIENTED_EDGE('',*,*,#2193,.T.);
#2849=ORIENTED_EDGE('',*,*,#2192,.F.);
#2850=ORIENTED_EDGE('',*,*,#2189,.F.);
#2851=ORIENTED_EDGE('',*,*,#2194,.F.);
#2852=ORIENTED_EDGE('',*,*,#2195,.T.);
#2853=ORIENTED_EDGE('',*,*,#2194,.T.);
#2854=ORIENTED_EDGE('',*,*,#2188,.F.);
#2855=ORIENTED_EDGE('',*,*,#2196,.F.);
#2856=ORIENTED_EDGE('',*,*,#2197,.T.);
#2857=ORIENTED_EDGE('',*,*,#2196,.T.);
#2858=ORIENTED_EDGE('',*,*,#2187,.F.);
#2859=ORIENTED_EDGE('',*,*,#2198,.T.);
#2860=ORIENTED_EDGE('',*,*,#2199,.T.);
#2861=ORIENTED_EDGE('',*,*,#2198,.F.);
#2862=ORIENTED_EDGE('',*,*,#2186,.F.);
#2863=ORIENTED_EDGE('',*,*,#2200,.T.);
#2864=ORIENTED_EDGE('',*,*,#2201,.T.);
#2865=ORIENTED_EDGE('',*,*,#2200,.F.);
#2866=ORIENTED_EDGE('',*,*,#2185,.F.);
#2867=ORIENTED_EDGE('',*,*,#2202,.F.);
#2868=ORIENTED_EDGE('',*,*,#2203,.T.);
#2869=ORIENTED_EDGE('',*,*,#2202,.T.);
#2870=ORIENTED_EDGE('',*,*,#2184,.F.);
#2871=ORIENTED_EDGE('',*,*,#2204,.F.);
#2872=ORIENTED_EDGE('',*,*,#2205,.T.);
#2873=ORIENTED_EDGE('',*,*,#2204,.T.);
#2874=ORIENTED_EDGE('',*,*,#2183,.F.);
#2875=ORIENTED_EDGE('',*,*,#2206,.T.);
#2876=ORIENTED_EDGE('',*,*,#2207,.T.);
#2877=ORIENTED_EDGE('',*,*,#2206,.F.);
#2878=ORIENTED_EDGE('',*,*,#2182,.F.);
#2879=ORIENTED_EDGE('',*,*,#2208,.T.);
#2880=ORIENTED_EDGE('',*,*,#2209,.T.);
#2881=ORIENTED_EDGE('',*,*,#2208,.F.);
#2882=ORIENTED_EDGE('',*,*,#2181,.F.);
#2883=ORIENTED_EDGE('',*,*,#2210,.F.);
#2884=ORIENTED_EDGE('',*,*,#2211,.T.);
#2885=ORIENTED_EDGE('',*,*,#2210,.T.);
#2886=ORIENTED_EDGE('',*,*,#2180,.F.);
#2887=ORIENTED_EDGE('',*,*,#2212,.F.);
#2888=ORIENTED_EDGE('',*,*,#2213,.T.);
#2889=ORIENTED_EDGE('',*,*,#2212,.T.);
#2890=ORIENTED_EDGE('',*,*,#2179,.F.);
#2891=ORIENTED_EDGE('',*,*,#2214,.T.);
#2892=ORIENTED_EDGE('',*,*,#2215,.T.);
#2893=ORIENTED_EDGE('',*,*,#2214,.F.);
#2894=ORIENTED_EDGE('',*,*,#2178,.F.);
#2895=ORIENTED_EDGE('',*,*,#2216,.T.);
#2896=ORIENTED_EDGE('',*,*,#2217,.T.);
#2897=ORIENTED_EDGE('',*,*,#2216,.F.);
#2898=ORIENTED_EDGE('',*,*,#2177,.F.);
#2899=ORIENTED_EDGE('',*,*,#2218,.F.);
#2900=ORIENTED_EDGE('',*,*,#2219,.T.);
#2901=ORIENTED_EDGE('',*,*,#2218,.T.);
#2902=ORIENTED_EDGE('',*,*,#2176,.F.);
#2903=ORIENTED_EDGE('',*,*,#2220,.F.);
#2904=ORIENTED_EDGE('',*,*,#2221,.T.);
#2905=ORIENTED_EDGE('',*,*,#2220,.T.);
#2906=ORIENTED_EDGE('',*,*,#2175,.F.);
#2907=ORIENTED_EDGE('',*,*,#2222,.T.);
#2908=ORIENTED_EDGE('',*,*,#2223,.T.);
#2909=ORIENTED_EDGE('',*,*,#2222,.F.);
#2910=ORIENTED_EDGE('',*,*,#2174,.F.);
#2911=ORIENTED_EDGE('',*,*,#2224,.T.);
#2912=ORIENTED_EDGE('',*,*,#2225,.T.);
#2913=ORIENTED_EDGE('',*,*,#2224,.F.);
#2914=ORIENTED_EDGE('',*,*,#2173,.F.);
#2915=ORIENTED_EDGE('',*,*,#2226,.F.);
#2916=ORIENTED_EDGE('',*,*,#2227,.T.);
#2917=ORIENTED_EDGE('',*,*,#2226,.T.);
#2918=ORIENTED_EDGE('',*,*,#2172,.F.);
#2919=ORIENTED_EDGE('',*,*,#2228,.F.);
#2920=ORIENTED_EDGE('',*,*,#2229,.T.);
#2921=ORIENTED_EDGE('',*,*,#2228,.T.);
#2922=ORIENTED_EDGE('',*,*,#2171,.F.);
#2923=ORIENTED_EDGE('',*,*,#2230,.T.);
#2924=ORIENTED_EDGE('',*,*,#2231,.T.);
#2925=ORIENTED_EDGE('',*,*,#2230,.F.);
#2926=ORIENTED_EDGE('',*,*,#2170,.F.);
#2927=ORIENTED_EDGE('',*,*,#2232,.T.);
#2928=ORIENTED_EDGE('',*,*,#2233,.T.);
#2929=ORIENTED_EDGE('',*,*,#2232,.F.);
#2930=ORIENTED_EDGE('',*,*,#2169,.F.);
#2931=ORIENTED_EDGE('',*,*,#2234,.F.);
#2932=ORIENTED_EDGE('',*,*,#2235,.T.);
#2933=ORIENTED_EDGE('',*,*,#2234,.T.);
#2934=ORIENTED_EDGE('',*,*,#2168,.F.);
#2935=ORIENTED_EDGE('',*,*,#2236,.F.);
#2936=ORIENTED_EDGE('',*,*,#2237,.T.);
#2937=ORIENTED_EDGE('',*,*,#2236,.T.);
#2938=ORIENTED_EDGE('',*,*,#2167,.F.);
#2939=ORIENTED_EDGE('',*,*,#2238,.T.);
#2940=ORIENTED_EDGE('',*,*,#2239,.T.);
#2941=ORIENTED_EDGE('',*,*,#2238,.F.);
#2942=ORIENTED_EDGE('',*,*,#2166,.F.);
#2943=ORIENTED_EDGE('',*,*,#2240,.T.);
#2944=ORIENTED_EDGE('',*,*,#2241,.T.);
#2945=ORIENTED_EDGE('',*,*,#2240,.F.);
#2946=ORIENTED_EDGE('',*,*,#2165,.F.);
#2947=ORIENTED_EDGE('',*,*,#2242,.F.);
#2948=ORIENTED_EDGE('',*,*,#2243,.T.);
#2949=ORIENTED_EDGE('',*,*,#2242,.T.);
#2950=ORIENTED_EDGE('',*,*,#2164,.F.);
#2951=ORIENTED_EDGE('',*,*,#2244,.F.);
#2952=ORIENTED_EDGE('',*,*,#2245,.T.);
#2953=ORIENTED_EDGE('',*,*,#2244,.T.);
#2954=ORIENTED_EDGE('',*,*,#2163,.F.);
#2955=ORIENTED_EDGE('',*,*,#2246,.T.);
#2956=ORIENTED_EDGE('',*,*,#2247,.T.);
#2957=ORIENTED_EDGE('',*,*,#2246,.F.);
#2958=ORIENTED_EDGE('',*,*,#2162,.F.);
#2959=ORIENTED_EDGE('',*,*,#2248,.T.);
#2960=ORIENTED_EDGE('',*,*,#2249,.T.);
#2961=ORIENTED_EDGE('',*,*,#2248,.F.);
#2962=ORIENTED_EDGE('',*,*,#2160,.F.);
#2963=ORIENTED_EDGE('',*,*,#2250,.F.);
#2964=ORIENTED_EDGE('',*,*,#2251,.T.);
#2965=ORIENTED_EDGE('',*,*,#2250,.T.);
#2966=ORIENTED_EDGE('',*,*,#2159,.F.);
#2967=ORIENTED_EDGE('',*,*,#2252,.F.);
#2968=ORIENTED_EDGE('',*,*,#2253,.T.);
#2969=ORIENTED_EDGE('',*,*,#2252,.T.);
#2970=ORIENTED_EDGE('',*,*,#2158,.F.);
#2971=ORIENTED_EDGE('',*,*,#2156,.T.);
#2972=ORIENTED_EDGE('',*,*,#2254,.F.);
#2973=ORIENTED_EDGE('',*,*,#2255,.T.);
#2974=ORIENTED_EDGE('',*,*,#2128,.F.);
#2975=ORIENTED_EDGE('',*,*,#2121,.F.);
#2976=ORIENTED_EDGE('',*,*,#2125,.F.);
#2977=ORIENTED_EDGE('',*,*,#2135,.F.);
#2978=ORIENTED_EDGE('',*,*,#2191,.F.);
#2979=ORIENTED_EDGE('',*,*,#2193,.F.);
#2980=ORIENTED_EDGE('',*,*,#2195,.F.);
#2981=ORIENTED_EDGE('',*,*,#2197,.F.);
#2982=ORIENTED_EDGE('',*,*,#2199,.F.);
#2983=ORIENTED_EDGE('',*,*,#2201,.F.);
#2984=ORIENTED_EDGE('',*,*,#2203,.F.);
#2985=ORIENTED_EDGE('',*,*,#2205,.F.);
#2986=ORIENTED_EDGE('',*,*,#2207,.F.);
#2987=ORIENTED_EDGE('',*,*,#2209,.F.);
#2988=ORIENTED_EDGE('',*,*,#2211,.F.);
#2989=ORIENTED_EDGE('',*,*,#2213,.F.);
#2990=ORIENTED_EDGE('',*,*,#2215,.F.);
#2991=ORIENTED_EDGE('',*,*,#2217,.F.);
#2992=ORIENTED_EDGE('',*,*,#2219,.F.);
#2993=ORIENTED_EDGE('',*,*,#2221,.F.);
#2994=ORIENTED_EDGE('',*,*,#2223,.F.);
#2995=ORIENTED_EDGE('',*,*,#2225,.F.);
#2996=ORIENTED_EDGE('',*,*,#2227,.F.);
#2997=ORIENTED_EDGE('',*,*,#2229,.F.);
#2998=ORIENTED_EDGE('',*,*,#2231,.F.);
#2999=ORIENTED_EDGE('',*,*,#2233,.F.);
#3000=ORIENTED_EDGE('',*,*,#2235,.F.);
#3001=ORIENTED_EDGE('',*,*,#2237,.F.);
#3002=ORIENTED_EDGE('',*,*,#2239,.F.);
#3003=ORIENTED_EDGE('',*,*,#2241,.F.);
#3004=ORIENTED_EDGE('',*,*,#2243,.F.);
#3005=ORIENTED_EDGE('',*,*,#2245,.F.);
#3006=ORIENTED_EDGE('',*,*,#2247,.F.);
#3007=ORIENTED_EDGE('',*,*,#2249,.F.);
#3008=ORIENTED_EDGE('',*,*,#2251,.F.);
#3009=ORIENTED_EDGE('',*,*,#2253,.F.);
#3010=ORIENTED_EDGE('',*,*,#2155,.F.);
#3011=ORIENTED_EDGE('',*,*,#2152,.F.);
#3012=ORIENTED_EDGE('',*,*,#2131,.F.);
#3013=ORIENTED_EDGE('',*,*,#2150,.F.);
#3014=ORIENTED_EDGE('',*,*,#2068,.F.);
#3015=ORIENTED_EDGE('',*,*,#2061,.F.);
#3016=ORIENTED_EDGE('',*,*,#2065,.F.);
#3017=ORIENTED_EDGE('',*,*,#2148,.F.);
#3018=ORIENTED_EDGE('',*,*,#2078,.F.);
#3019=ORIENTED_EDGE('',*,*,#2071,.F.);
#3020=ORIENTED_EDGE('',*,*,#2075,.F.);
#3021=ORIENTED_EDGE('',*,*,#2146,.F.);
#3022=ORIENTED_EDGE('',*,*,#2088,.F.);
#3023=ORIENTED_EDGE('',*,*,#2081,.F.);
#3024=ORIENTED_EDGE('',*,*,#2085,.F.);
#3025=ORIENTED_EDGE('',*,*,#2144,.F.);
#3026=ORIENTED_EDGE('',*,*,#2098,.F.);
#3027=ORIENTED_EDGE('',*,*,#2091,.F.);
#3028=ORIENTED_EDGE('',*,*,#2095,.F.);
#3029=ORIENTED_EDGE('',*,*,#2142,.F.);
#3030=ORIENTED_EDGE('',*,*,#2108,.F.);
#3031=ORIENTED_EDGE('',*,*,#2101,.F.);
#3032=ORIENTED_EDGE('',*,*,#2105,.F.);
#3033=ORIENTED_EDGE('',*,*,#2140,.F.);
#3034=ORIENTED_EDGE('',*,*,#2118,.F.);
#3035=ORIENTED_EDGE('',*,*,#2111,.F.);
#3036=ORIENTED_EDGE('',*,*,#2115,.F.);
#3037=ORIENTED_EDGE('',*,*,#2138,.F.);
#3038=ORIENTED_EDGE('',*,*,#2255,.F.);
#3039=ORIENTED_EDGE('',*,*,#2254,.T.);
#3040=ORIENTED_EDGE('',*,*,#2059,.T.);
#3041=ORIENTED_EDGE('',*,*,#2256,.F.);
#3042=ORIENTED_EDGE('',*,*,#2257,.T.);
#3043=ORIENTED_EDGE('',*,*,#2258,.T.);
#3044=ORIENTED_EDGE('',*,*,#2257,.F.);
#3045=ORIENTED_EDGE('',*,*,#2259,.F.);
#3046=ORIENTED_EDGE('',*,*,#2258,.F.);
#3047=ORIENTED_EDGE('',*,*,#2260,.F.);
#3048=ORIENTED_EDGE('',*,*,#2261,.T.);
#3049=ORIENTED_EDGE('',*,*,#2262,.F.);
#3050=ORIENTED_EDGE('',*,*,#2263,.T.);
#3051=ORIENTED_EDGE('',*,*,#2264,.T.);
#3052=ORIENTED_EDGE('',*,*,#2263,.F.);
#3053=ORIENTED_EDGE('',*,*,#2264,.F.);
#3054=ORIENTED_EDGE('',*,*,#2265,.F.);
#3055=ORIENTED_EDGE('',*,*,#2266,.T.);
#3056=ORIENTED_EDGE('',*,*,#2267,.T.);
#3057=ORIENTED_EDGE('',*,*,#2266,.F.);
#3058=ORIENTED_EDGE('',*,*,#2267,.F.);
#3059=ORIENTED_EDGE('',*,*,#2268,.F.);
#3060=ORIENTED_EDGE('',*,*,#2269,.T.);
#3061=ORIENTED_EDGE('',*,*,#2270,.T.);
#3062=ORIENTED_EDGE('',*,*,#2271,.F.);
#3063=ORIENTED_EDGE('',*,*,#2272,.F.);
#3064=ORIENTED_EDGE('',*,*,#2273,.T.);
#3065=ORIENTED_EDGE('',*,*,#2274,.T.);
#3066=ORIENTED_EDGE('',*,*,#2269,.F.);
#3067=ORIENTED_EDGE('',*,*,#2275,.F.);
#3068=ORIENTED_EDGE('',*,*,#2276,.T.);
#3069=ORIENTED_EDGE('',*,*,#2277,.T.);
#3070=ORIENTED_EDGE('',*,*,#2273,.F.);
#3071=ORIENTED_EDGE('',*,*,#2278,.F.);
#3072=ORIENTED_EDGE('',*,*,#2271,.T.);
#3073=ORIENTED_EDGE('',*,*,#2279,.T.);
#3074=ORIENTED_EDGE('',*,*,#2276,.F.);
#3075=ORIENTED_EDGE('',*,*,#2279,.F.);
#3076=ORIENTED_EDGE('',*,*,#2270,.F.);
#3077=ORIENTED_EDGE('',*,*,#2274,.F.);
#3078=ORIENTED_EDGE('',*,*,#2277,.F.);
#3079=ORIENTED_EDGE('',*,*,#2280,.F.);
#3080=ORIENTED_EDGE('',*,*,#2281,.T.);
#3081=ORIENTED_EDGE('',*,*,#2282,.T.);
#3082=ORIENTED_EDGE('',*,*,#2283,.F.);
#3083=ORIENTED_EDGE('',*,*,#2284,.F.);
#3084=ORIENTED_EDGE('',*,*,#2285,.T.);
#3085=ORIENTED_EDGE('',*,*,#2286,.T.);
#3086=ORIENTED_EDGE('',*,*,#2281,.F.);
#3087=ORIENTED_EDGE('',*,*,#2287,.F.);
#3088=ORIENTED_EDGE('',*,*,#2288,.T.);
#3089=ORIENTED_EDGE('',*,*,#2289,.T.);
#3090=ORIENTED_EDGE('',*,*,#2285,.F.);
#3091=ORIENTED_EDGE('',*,*,#2290,.F.);
#3092=ORIENTED_EDGE('',*,*,#2283,.T.);
#3093=ORIENTED_EDGE('',*,*,#2291,.T.);
#3094=ORIENTED_EDGE('',*,*,#2288,.F.);
#3095=ORIENTED_EDGE('',*,*,#2291,.F.);
#3096=ORIENTED_EDGE('',*,*,#2282,.F.);
#3097=ORIENTED_EDGE('',*,*,#2286,.F.);
#3098=ORIENTED_EDGE('',*,*,#2289,.F.);
#3099=ORIENTED_EDGE('',*,*,#2292,.F.);
#3100=ORIENTED_EDGE('',*,*,#2293,.T.);
#3101=ORIENTED_EDGE('',*,*,#2294,.T.);
#3102=ORIENTED_EDGE('',*,*,#2295,.F.);
#3103=ORIENTED_EDGE('',*,*,#2296,.F.);
#3104=ORIENTED_EDGE('',*,*,#2297,.T.);
#3105=ORIENTED_EDGE('',*,*,#2298,.T.);
#3106=ORIENTED_EDGE('',*,*,#2293,.F.);
#3107=ORIENTED_EDGE('',*,*,#2299,.F.);
#3108=ORIENTED_EDGE('',*,*,#2300,.T.);
#3109=ORIENTED_EDGE('',*,*,#2301,.T.);
#3110=ORIENTED_EDGE('',*,*,#2297,.F.);
#3111=ORIENTED_EDGE('',*,*,#2302,.F.);
#3112=ORIENTED_EDGE('',*,*,#2295,.T.);
#3113=ORIENTED_EDGE('',*,*,#2303,.T.);
#3114=ORIENTED_EDGE('',*,*,#2300,.F.);
#3115=ORIENTED_EDGE('',*,*,#2303,.F.);
#3116=ORIENTED_EDGE('',*,*,#2294,.F.);
#3117=ORIENTED_EDGE('',*,*,#2298,.F.);
#3118=ORIENTED_EDGE('',*,*,#2301,.F.);
#3119=ORIENTED_EDGE('',*,*,#2304,.F.);
#3120=ORIENTED_EDGE('',*,*,#2305,.T.);
#3121=ORIENTED_EDGE('',*,*,#2306,.T.);
#3122=ORIENTED_EDGE('',*,*,#2307,.F.);
#3123=ORIENTED_EDGE('',*,*,#2308,.F.);
#3124=ORIENTED_EDGE('',*,*,#2309,.T.);
#3125=ORIENTED_EDGE('',*,*,#2310,.T.);
#3126=ORIENTED_EDGE('',*,*,#2305,.F.);
#3127=ORIENTED_EDGE('',*,*,#2311,.F.);
#3128=ORIENTED_EDGE('',*,*,#2312,.T.);
#3129=ORIENTED_EDGE('',*,*,#2313,.T.);
#3130=ORIENTED_EDGE('',*,*,#2309,.F.);
#3131=ORIENTED_EDGE('',*,*,#2314,.F.);
#3132=ORIENTED_EDGE('',*,*,#2307,.T.);
#3133=ORIENTED_EDGE('',*,*,#2315,.T.);
#3134=ORIENTED_EDGE('',*,*,#2312,.F.);
#3135=ORIENTED_EDGE('',*,*,#2315,.F.);
#3136=ORIENTED_EDGE('',*,*,#2306,.F.);
#3137=ORIENTED_EDGE('',*,*,#2310,.F.);
#3138=ORIENTED_EDGE('',*,*,#2313,.F.);
#3139=ORIENTED_EDGE('',*,*,#2316,.F.);
#3140=ORIENTED_EDGE('',*,*,#2317,.T.);
#3141=ORIENTED_EDGE('',*,*,#2318,.T.);
#3142=ORIENTED_EDGE('',*,*,#2319,.F.);
#3143=ORIENTED_EDGE('',*,*,#2320,.F.);
#3144=ORIENTED_EDGE('',*,*,#2321,.T.);
#3145=ORIENTED_EDGE('',*,*,#2322,.T.);
#3146=ORIENTED_EDGE('',*,*,#2317,.F.);
#3147=ORIENTED_EDGE('',*,*,#2323,.F.);
#3148=ORIENTED_EDGE('',*,*,#2324,.T.);
#3149=ORIENTED_EDGE('',*,*,#2325,.T.);
#3150=ORIENTED_EDGE('',*,*,#2321,.F.);
#3151=ORIENTED_EDGE('',*,*,#2326,.F.);
#3152=ORIENTED_EDGE('',*,*,#2319,.T.);
#3153=ORIENTED_EDGE('',*,*,#2327,.T.);
#3154=ORIENTED_EDGE('',*,*,#2324,.F.);
#3155=ORIENTED_EDGE('',*,*,#2327,.F.);
#3156=ORIENTED_EDGE('',*,*,#2318,.F.);
#3157=ORIENTED_EDGE('',*,*,#2322,.F.);
#3158=ORIENTED_EDGE('',*,*,#2325,.F.);
#3159=ORIENTED_EDGE('',*,*,#2328,.F.);
#3160=ORIENTED_EDGE('',*,*,#2329,.T.);
#3161=ORIENTED_EDGE('',*,*,#2330,.T.);
#3162=ORIENTED_EDGE('',*,*,#2329,.F.);
#3163=ORIENTED_EDGE('',*,*,#2330,.F.);
#3164=ORIENTED_EDGE('',*,*,#2331,.F.);
#3165=ORIENTED_EDGE('',*,*,#2332,.T.);
#3166=ORIENTED_EDGE('',*,*,#2333,.T.);
#3167=ORIENTED_EDGE('',*,*,#2332,.F.);
#3168=ORIENTED_EDGE('',*,*,#2333,.F.);
#3169=ORIENTED_EDGE('',*,*,#2334,.F.);
#3170=ORIENTED_EDGE('',*,*,#2335,.T.);
#3171=ORIENTED_EDGE('',*,*,#2336,.T.);
#3172=ORIENTED_EDGE('',*,*,#2335,.F.);
#3173=ORIENTED_EDGE('',*,*,#2336,.F.);
#3174=ORIENTED_EDGE('',*,*,#2337,.F.);
#3175=ORIENTED_EDGE('',*,*,#2338,.T.);
#3176=ORIENTED_EDGE('',*,*,#2339,.T.);
#3177=ORIENTED_EDGE('',*,*,#2338,.F.);
#3178=ORIENTED_EDGE('',*,*,#2339,.F.);
#3179=ORIENTED_EDGE('',*,*,#2340,.F.);
#3180=ORIENTED_EDGE('',*,*,#2341,.T.);
#3181=ORIENTED_EDGE('',*,*,#2342,.T.);
#3182=ORIENTED_EDGE('',*,*,#2343,.F.);
#3183=ORIENTED_EDGE('',*,*,#2344,.F.);
#3184=ORIENTED_EDGE('',*,*,#2345,.T.);
#3185=ORIENTED_EDGE('',*,*,#2346,.T.);
#3186=ORIENTED_EDGE('',*,*,#2341,.F.);
#3187=ORIENTED_EDGE('',*,*,#2347,.F.);
#3188=ORIENTED_EDGE('',*,*,#2348,.T.);
#3189=ORIENTED_EDGE('',*,*,#2349,.T.);
#3190=ORIENTED_EDGE('',*,*,#2345,.F.);
#3191=ORIENTED_EDGE('',*,*,#2350,.F.);
#3192=ORIENTED_EDGE('',*,*,#2343,.T.);
#3193=ORIENTED_EDGE('',*,*,#2351,.T.);
#3194=ORIENTED_EDGE('',*,*,#2348,.F.);
#3195=ORIENTED_EDGE('',*,*,#2351,.F.);
#3196=ORIENTED_EDGE('',*,*,#2342,.F.);
#3197=ORIENTED_EDGE('',*,*,#2346,.F.);
#3198=ORIENTED_EDGE('',*,*,#2349,.F.);
#3199=ORIENTED_EDGE('',*,*,#2352,.F.);
#3200=ORIENTED_EDGE('',*,*,#2353,.T.);
#3201=ORIENTED_EDGE('',*,*,#2354,.T.);
#3202=ORIENTED_EDGE('',*,*,#2355,.F.);
#3203=ORIENTED_EDGE('',*,*,#2356,.F.);
#3204=ORIENTED_EDGE('',*,*,#2357,.T.);
#3205=ORIENTED_EDGE('',*,*,#2358,.T.);
#3206=ORIENTED_EDGE('',*,*,#2353,.F.);
#3207=ORIENTED_EDGE('',*,*,#2359,.F.);
#3208=ORIENTED_EDGE('',*,*,#2360,.T.);
#3209=ORIENTED_EDGE('',*,*,#2361,.T.);
#3210=ORIENTED_EDGE('',*,*,#2357,.F.);
#3211=ORIENTED_EDGE('',*,*,#2362,.F.);
#3212=ORIENTED_EDGE('',*,*,#2355,.T.);
#3213=ORIENTED_EDGE('',*,*,#2363,.T.);
#3214=ORIENTED_EDGE('',*,*,#2360,.F.);
#3215=ORIENTED_EDGE('',*,*,#2363,.F.);
#3216=ORIENTED_EDGE('',*,*,#2354,.F.);
#3217=ORIENTED_EDGE('',*,*,#2358,.F.);
#3218=ORIENTED_EDGE('',*,*,#2361,.F.);
#3219=ORIENTED_EDGE('',*,*,#2364,.F.);
#3220=ORIENTED_EDGE('',*,*,#2365,.T.);
#3221=ORIENTED_EDGE('',*,*,#2366,.T.);
#3222=ORIENTED_EDGE('',*,*,#2367,.F.);
#3223=ORIENTED_EDGE('',*,*,#2368,.F.);
#3224=ORIENTED_EDGE('',*,*,#2369,.T.);
#3225=ORIENTED_EDGE('',*,*,#2370,.T.);
#3226=ORIENTED_EDGE('',*,*,#2365,.F.);
#3227=ORIENTED_EDGE('',*,*,#2371,.F.);
#3228=ORIENTED_EDGE('',*,*,#2372,.T.);
#3229=ORIENTED_EDGE('',*,*,#2373,.T.);
#3230=ORIENTED_EDGE('',*,*,#2369,.F.);
#3231=ORIENTED_EDGE('',*,*,#2374,.F.);
#3232=ORIENTED_EDGE('',*,*,#2367,.T.);
#3233=ORIENTED_EDGE('',*,*,#2375,.T.);
#3234=ORIENTED_EDGE('',*,*,#2372,.F.);
#3235=ORIENTED_EDGE('',*,*,#2375,.F.);
#3236=ORIENTED_EDGE('',*,*,#2366,.F.);
#3237=ORIENTED_EDGE('',*,*,#2370,.F.);
#3238=ORIENTED_EDGE('',*,*,#2373,.F.);
#3239=ORIENTED_EDGE('',*,*,#2376,.F.);
#3240=ORIENTED_EDGE('',*,*,#2377,.T.);
#3241=ORIENTED_EDGE('',*,*,#2378,.T.);
#3242=ORIENTED_EDGE('',*,*,#2379,.F.);
#3243=ORIENTED_EDGE('',*,*,#2380,.F.);
#3244=ORIENTED_EDGE('',*,*,#2381,.T.);
#3245=ORIENTED_EDGE('',*,*,#2382,.T.);
#3246=ORIENTED_EDGE('',*,*,#2377,.F.);
#3247=ORIENTED_EDGE('',*,*,#2383,.F.);
#3248=ORIENTED_EDGE('',*,*,#2384,.T.);
#3249=ORIENTED_EDGE('',*,*,#2385,.T.);
#3250=ORIENTED_EDGE('',*,*,#2381,.F.);
#3251=ORIENTED_EDGE('',*,*,#2386,.F.);
#3252=ORIENTED_EDGE('',*,*,#2379,.T.);
#3253=ORIENTED_EDGE('',*,*,#2387,.T.);
#3254=ORIENTED_EDGE('',*,*,#2384,.F.);
#3255=ORIENTED_EDGE('',*,*,#2387,.F.);
#3256=ORIENTED_EDGE('',*,*,#2378,.F.);
#3257=ORIENTED_EDGE('',*,*,#2382,.F.);
#3258=ORIENTED_EDGE('',*,*,#2385,.F.);
#3259=ORIENTED_EDGE('',*,*,#2388,.F.);
#3260=ORIENTED_EDGE('',*,*,#2389,.T.);
#3261=ORIENTED_EDGE('',*,*,#2390,.T.);
#3262=ORIENTED_EDGE('',*,*,#2389,.F.);
#3263=ORIENTED_EDGE('',*,*,#2390,.F.);
#3264=ORIENTED_EDGE('',*,*,#2391,.F.);
#3265=ORIENTED_EDGE('',*,*,#2392,.T.);
#3266=ORIENTED_EDGE('',*,*,#2393,.T.);
#3267=ORIENTED_EDGE('',*,*,#2392,.F.);
#3268=ORIENTED_EDGE('',*,*,#2393,.F.);
#3269=ORIENTED_EDGE('',*,*,#2394,.F.);
#3270=ORIENTED_EDGE('',*,*,#2395,.T.);
#3271=ORIENTED_EDGE('',*,*,#2396,.T.);
#3272=ORIENTED_EDGE('',*,*,#2395,.F.);
#3273=ORIENTED_EDGE('',*,*,#2396,.F.);
#3274=ORIENTED_EDGE('',*,*,#2397,.F.);
#3275=ORIENTED_EDGE('',*,*,#2398,.T.);
#3276=ORIENTED_EDGE('',*,*,#2399,.T.);
#3277=ORIENTED_EDGE('',*,*,#2398,.F.);
#3278=ORIENTED_EDGE('',*,*,#2400,.F.);
#3279=ORIENTED_EDGE('',*,*,#2401,.T.);
#3280=ORIENTED_EDGE('',*,*,#2402,.T.);
#3281=ORIENTED_EDGE('',*,*,#2403,.F.);
#3282=ORIENTED_EDGE('',*,*,#2404,.F.);
#3283=ORIENTED_EDGE('',*,*,#2405,.T.);
#3284=ORIENTED_EDGE('',*,*,#2406,.T.);
#3285=ORIENTED_EDGE('',*,*,#2407,.F.);
#3286=ORIENTED_EDGE('',*,*,#2408,.F.);
#3287=ORIENTED_EDGE('',*,*,#2409,.T.);
#3288=ORIENTED_EDGE('',*,*,#2410,.T.);
#3289=ORIENTED_EDGE('',*,*,#2411,.F.);
#3290=ORIENTED_EDGE('',*,*,#2412,.F.);
#3291=ORIENTED_EDGE('',*,*,#2413,.T.);
#3292=ORIENTED_EDGE('',*,*,#2414,.T.);
#3293=ORIENTED_EDGE('',*,*,#2415,.F.);
#3294=ORIENTED_EDGE('',*,*,#2416,.F.);
#3295=ORIENTED_EDGE('',*,*,#2417,.T.);
#3296=ORIENTED_EDGE('',*,*,#2418,.T.);
#3297=ORIENTED_EDGE('',*,*,#2419,.F.);
#3298=ORIENTED_EDGE('',*,*,#2420,.F.);
#3299=ORIENTED_EDGE('',*,*,#2421,.T.);
#3300=ORIENTED_EDGE('',*,*,#2422,.T.);
#3301=ORIENTED_EDGE('',*,*,#2423,.F.);
#3302=ORIENTED_EDGE('',*,*,#2424,.F.);
#3303=ORIENTED_EDGE('',*,*,#2425,.T.);
#3304=ORIENTED_EDGE('',*,*,#2426,.T.);
#3305=ORIENTED_EDGE('',*,*,#2427,.F.);
#3306=ORIENTED_EDGE('',*,*,#2428,.F.);
#3307=ORIENTED_EDGE('',*,*,#2429,.T.);
#3308=ORIENTED_EDGE('',*,*,#2430,.T.);
#3309=ORIENTED_EDGE('',*,*,#2431,.F.);
#3310=ORIENTED_EDGE('',*,*,#2432,.F.);
#3311=ORIENTED_EDGE('',*,*,#2433,.T.);
#3312=ORIENTED_EDGE('',*,*,#2434,.T.);
#3313=ORIENTED_EDGE('',*,*,#2435,.F.);
#3314=ORIENTED_EDGE('',*,*,#2436,.F.);
#3315=ORIENTED_EDGE('',*,*,#2437,.T.);
#3316=ORIENTED_EDGE('',*,*,#2438,.T.);
#3317=ORIENTED_EDGE('',*,*,#2439,.F.);
#3318=ORIENTED_EDGE('',*,*,#2440,.F.);
#3319=ORIENTED_EDGE('',*,*,#2441,.T.);
#3320=ORIENTED_EDGE('',*,*,#2442,.T.);
#3321=ORIENTED_EDGE('',*,*,#2443,.F.);
#3322=ORIENTED_EDGE('',*,*,#2444,.F.);
#3323=ORIENTED_EDGE('',*,*,#2445,.T.);
#3324=ORIENTED_EDGE('',*,*,#2446,.T.);
#3325=ORIENTED_EDGE('',*,*,#2447,.F.);
#3326=ORIENTED_EDGE('',*,*,#2448,.F.);
#3327=ORIENTED_EDGE('',*,*,#2449,.T.);
#3328=ORIENTED_EDGE('',*,*,#2450,.T.);
#3329=ORIENTED_EDGE('',*,*,#2451,.F.);
#3330=ORIENTED_EDGE('',*,*,#2452,.F.);
#3331=ORIENTED_EDGE('',*,*,#2453,.T.);
#3332=ORIENTED_EDGE('',*,*,#2454,.T.);
#3333=ORIENTED_EDGE('',*,*,#2455,.F.);
#3334=ORIENTED_EDGE('',*,*,#2456,.F.);
#3335=ORIENTED_EDGE('',*,*,#2457,.T.);
#3336=ORIENTED_EDGE('',*,*,#2458,.T.);
#3337=ORIENTED_EDGE('',*,*,#2459,.F.);
#3338=ORIENTED_EDGE('',*,*,#2460,.F.);
#3339=ORIENTED_EDGE('',*,*,#2461,.T.);
#3340=ORIENTED_EDGE('',*,*,#2462,.T.);
#3341=ORIENTED_EDGE('',*,*,#2463,.F.);
#3342=ORIENTED_EDGE('',*,*,#2464,.F.);
#3343=ORIENTED_EDGE('',*,*,#2465,.T.);
#3344=ORIENTED_EDGE('',*,*,#2466,.T.);
#3345=ORIENTED_EDGE('',*,*,#2467,.F.);
#3346=ORIENTED_EDGE('',*,*,#2468,.F.);
#3347=ORIENTED_EDGE('',*,*,#2469,.T.);
#3348=ORIENTED_EDGE('',*,*,#2470,.T.);
#3349=ORIENTED_EDGE('',*,*,#2471,.F.);
#3350=ORIENTED_EDGE('',*,*,#2470,.F.);
#3351=ORIENTED_EDGE('',*,*,#2402,.F.);
#3352=ORIENTED_EDGE('',*,*,#2406,.F.);
#3353=ORIENTED_EDGE('',*,*,#2410,.F.);
#3354=ORIENTED_EDGE('',*,*,#2414,.F.);
#3355=ORIENTED_EDGE('',*,*,#2418,.F.);
#3356=ORIENTED_EDGE('',*,*,#2422,.F.);
#3357=ORIENTED_EDGE('',*,*,#2426,.F.);
#3358=ORIENTED_EDGE('',*,*,#2430,.F.);
#3359=ORIENTED_EDGE('',*,*,#2434,.F.);
#3360=ORIENTED_EDGE('',*,*,#2438,.F.);
#3361=ORIENTED_EDGE('',*,*,#2442,.F.);
#3362=ORIENTED_EDGE('',*,*,#2446,.F.);
#3363=ORIENTED_EDGE('',*,*,#2450,.F.);
#3364=ORIENTED_EDGE('',*,*,#2454,.F.);
#3365=ORIENTED_EDGE('',*,*,#2458,.F.);
#3366=ORIENTED_EDGE('',*,*,#2462,.F.);
#3367=ORIENTED_EDGE('',*,*,#2466,.F.);
#3368=ORIENTED_EDGE('',*,*,#2399,.F.);
#3369=ORIENTED_EDGE('',*,*,#2397,.T.);
#3370=ORIENTED_EDGE('',*,*,#2464,.T.);
#3371=ORIENTED_EDGE('',*,*,#2472,.T.);
#3372=ORIENTED_EDGE('',*,*,#2460,.T.);
#3373=ORIENTED_EDGE('',*,*,#2473,.T.);
#3374=ORIENTED_EDGE('',*,*,#2474,.F.);
#3375=ORIENTED_EDGE('',*,*,#2475,.T.);
#3376=ORIENTED_EDGE('',*,*,#2476,.T.);
#3377=ORIENTED_EDGE('',*,*,#2328,.T.);
#3378=ORIENTED_EDGE('',*,*,#2352,.T.);
#3379=ORIENTED_EDGE('',*,*,#2362,.T.);
#3380=ORIENTED_EDGE('',*,*,#2359,.T.);
#3381=ORIENTED_EDGE('',*,*,#2356,.T.);
#3382=ORIENTED_EDGE('',*,*,#2456,.T.);
#3383=ORIENTED_EDGE('',*,*,#2477,.T.);
#3384=ORIENTED_EDGE('',*,*,#2452,.T.);
#3385=ORIENTED_EDGE('',*,*,#2478,.T.);
#3386=ORIENTED_EDGE('',*,*,#2479,.F.);
#3387=ORIENTED_EDGE('',*,*,#2480,.T.);
#3388=ORIENTED_EDGE('',*,*,#2481,.T.);
#3389=ORIENTED_EDGE('',*,*,#2280,.T.);
#3390=ORIENTED_EDGE('',*,*,#2290,.T.);
#3391=ORIENTED_EDGE('',*,*,#2287,.T.);
#3392=ORIENTED_EDGE('',*,*,#2284,.T.);
#3393=ORIENTED_EDGE('',*,*,#2391,.T.);
#3394=ORIENTED_EDGE('',*,*,#2448,.T.);
#3395=ORIENTED_EDGE('',*,*,#2482,.T.);
#3396=ORIENTED_EDGE('',*,*,#2444,.T.);
#3397=ORIENTED_EDGE('',*,*,#2483,.T.);
#3398=ORIENTED_EDGE('',*,*,#2484,.F.);
#3399=ORIENTED_EDGE('',*,*,#2485,.T.);
#3400=ORIENTED_EDGE('',*,*,#2486,.T.);
#3401=ORIENTED_EDGE('',*,*,#2304,.T.);
#3402=ORIENTED_EDGE('',*,*,#2314,.T.);
#3403=ORIENTED_EDGE('',*,*,#2311,.T.);
#3404=ORIENTED_EDGE('',*,*,#2308,.T.);
#3405=ORIENTED_EDGE('',*,*,#2334,.T.);
#3406=ORIENTED_EDGE('',*,*,#2440,.T.);
#3407=ORIENTED_EDGE('',*,*,#2487,.T.);
#3408=ORIENTED_EDGE('',*,*,#2436,.T.);
#3409=ORIENTED_EDGE('',*,*,#2488,.T.);
#3410=ORIENTED_EDGE('',*,*,#2489,.F.);
#3411=ORIENTED_EDGE('',*,*,#2490,.T.);
#3412=ORIENTED_EDGE('',*,*,#2491,.T.);
#3413=ORIENTED_EDGE('',*,*,#2262,.T.);
#3414=ORIENTED_EDGE('',*,*,#2376,.T.);
#3415=ORIENTED_EDGE('',*,*,#2386,.T.);
#3416=ORIENTED_EDGE('',*,*,#2383,.T.);
#3417=ORIENTED_EDGE('',*,*,#2380,.T.);
#3418=ORIENTED_EDGE('',*,*,#2432,.T.);
#3419=ORIENTED_EDGE('',*,*,#2492,.T.);
#3420=ORIENTED_EDGE('',*,*,#2428,.T.);
#3421=ORIENTED_EDGE('',*,*,#2493,.T.);
#3422=ORIENTED_EDGE('',*,*,#2494,.F.);
#3423=ORIENTED_EDGE('',*,*,#2495,.F.);
#3424=ORIENTED_EDGE('',*,*,#2496,.T.);
#3425=ORIENTED_EDGE('',*,*,#2497,.T.);
#3426=ORIENTED_EDGE('',*,*,#2331,.T.);
#3427=ORIENTED_EDGE('',*,*,#2340,.T.);
#3428=ORIENTED_EDGE('',*,*,#2350,.T.);
#3429=ORIENTED_EDGE('',*,*,#2347,.T.);
#3430=ORIENTED_EDGE('',*,*,#2344,.T.);
#3431=ORIENTED_EDGE('',*,*,#2424,.T.);
#3432=ORIENTED_EDGE('',*,*,#2498,.T.);
#3433=ORIENTED_EDGE('',*,*,#2420,.T.);
#3434=ORIENTED_EDGE('',*,*,#2499,.T.);
#3435=ORIENTED_EDGE('',*,*,#2500,.F.);
#3436=ORIENTED_EDGE('',*,*,#2501,.T.);
#3437=ORIENTED_EDGE('',*,*,#2502,.T.);
#3438=ORIENTED_EDGE('',*,*,#2268,.T.);
#3439=ORIENTED_EDGE('',*,*,#2278,.T.);
#3440=ORIENTED_EDGE('',*,*,#2275,.T.);
#3441=ORIENTED_EDGE('',*,*,#2272,.T.);
#3442=ORIENTED_EDGE('',*,*,#2394,.T.);
#3443=ORIENTED_EDGE('',*,*,#2416,.T.);
#3444=ORIENTED_EDGE('',*,*,#2503,.T.);
#3445=ORIENTED_EDGE('',*,*,#2412,.T.);
#3446=ORIENTED_EDGE('',*,*,#2504,.T.);
#3447=ORIENTED_EDGE('',*,*,#2505,.F.);
#3448=ORIENTED_EDGE('',*,*,#2506,.T.);
#3449=ORIENTED_EDGE('',*,*,#2507,.T.);
#3450=ORIENTED_EDGE('',*,*,#2316,.T.);
#3451=ORIENTED_EDGE('',*,*,#2326,.T.);
#3452=ORIENTED_EDGE('',*,*,#2323,.T.);
#3453=ORIENTED_EDGE('',*,*,#2320,.T.);
#3454=ORIENTED_EDGE('',*,*,#2388,.T.);
#3455=ORIENTED_EDGE('',*,*,#2408,.T.);
#3456=ORIENTED_EDGE('',*,*,#2508,.T.);
#3457=ORIENTED_EDGE('',*,*,#2404,.T.);
#3458=ORIENTED_EDGE('',*,*,#2509,.T.);
#3459=ORIENTED_EDGE('',*,*,#2510,.F.);
#3460=ORIENTED_EDGE('',*,*,#2511,.T.);
#3461=ORIENTED_EDGE('',*,*,#2512,.T.);
#3462=ORIENTED_EDGE('',*,*,#2292,.T.);
#3463=ORIENTED_EDGE('',*,*,#2302,.T.);
#3464=ORIENTED_EDGE('',*,*,#2299,.T.);
#3465=ORIENTED_EDGE('',*,*,#2296,.T.);
#3466=ORIENTED_EDGE('',*,*,#2337,.T.);
#3467=ORIENTED_EDGE('',*,*,#2400,.T.);
#3468=ORIENTED_EDGE('',*,*,#2513,.T.);
#3469=ORIENTED_EDGE('',*,*,#2468,.T.);
#3470=ORIENTED_EDGE('',*,*,#2514,.T.);
#3471=ORIENTED_EDGE('',*,*,#2515,.F.);
#3472=ORIENTED_EDGE('',*,*,#2516,.T.);
#3473=ORIENTED_EDGE('',*,*,#2517,.T.);
#3474=ORIENTED_EDGE('',*,*,#2265,.T.);
#3475=ORIENTED_EDGE('',*,*,#2364,.T.);
#3476=ORIENTED_EDGE('',*,*,#2374,.T.);
#3477=ORIENTED_EDGE('',*,*,#2371,.T.);
#3478=ORIENTED_EDGE('',*,*,#2368,.T.);
#3479=ORIENTED_EDGE('',*,*,#2518,.F.);
#3480=ORIENTED_EDGE('',*,*,#2499,.F.);
#3481=ORIENTED_EDGE('',*,*,#2423,.T.);
#3482=ORIENTED_EDGE('',*,*,#2519,.T.);
#3483=ORIENTED_EDGE('',*,*,#2520,.T.);
#3484=ORIENTED_EDGE('',*,*,#2521,.F.);
#3485=ORIENTED_EDGE('',*,*,#2522,.F.);
#3486=ORIENTED_EDGE('',*,*,#2521,.T.);
#3487=ORIENTED_EDGE('',*,*,#2523,.T.);
#3488=ORIENTED_EDGE('',*,*,#2524,.F.);
#3489=ORIENTED_EDGE('',*,*,#2525,.F.);
#3490=ORIENTED_EDGE('',*,*,#2524,.T.);
#3491=ORIENTED_EDGE('',*,*,#2526,.T.);
#3492=ORIENTED_EDGE('',*,*,#2527,.F.);
#3493=ORIENTED_EDGE('',*,*,#2506,.F.);
#3494=ORIENTED_EDGE('',*,*,#2503,.F.);
#3495=ORIENTED_EDGE('',*,*,#2419,.T.);
#3496=ORIENTED_EDGE('',*,*,#2528,.T.);
#3497=ORIENTED_EDGE('',*,*,#2529,.T.);
#3498=ORIENTED_EDGE('',*,*,#2519,.F.);
#3499=ORIENTED_EDGE('',*,*,#2417,.F.);
#3500=ORIENTED_EDGE('',*,*,#2507,.F.);
#3501=ORIENTED_EDGE('',*,*,#2527,.T.);
#3502=ORIENTED_EDGE('',*,*,#2530,.T.);
#3503=ORIENTED_EDGE('',*,*,#2528,.F.);
#3504=ORIENTED_EDGE('',*,*,#2413,.F.);
#3505=ORIENTED_EDGE('',*,*,#2530,.F.);
#3506=ORIENTED_EDGE('',*,*,#2526,.F.);
#3507=ORIENTED_EDGE('',*,*,#2523,.F.);
#3508=ORIENTED_EDGE('',*,*,#2520,.F.);
#3509=ORIENTED_EDGE('',*,*,#2529,.F.);
#3510=ORIENTED_EDGE('',*,*,#2531,.F.);
#3511=ORIENTED_EDGE('',*,*,#2478,.F.);
#3512=ORIENTED_EDGE('',*,*,#2455,.T.);
#3513=ORIENTED_EDGE('',*,*,#2532,.T.);
#3514=ORIENTED_EDGE('',*,*,#2533,.T.);
#3515=ORIENTED_EDGE('',*,*,#2534,.F.);
#3516=ORIENTED_EDGE('',*,*,#2535,.F.);
#3517=ORIENTED_EDGE('',*,*,#2534,.T.);
#3518=ORIENTED_EDGE('',*,*,#2536,.T.);
#3519=ORIENTED_EDGE('',*,*,#2537,.F.);
#3520=ORIENTED_EDGE('',*,*,#2538,.F.);
#3521=ORIENTED_EDGE('',*,*,#2537,.T.);
#3522=ORIENTED_EDGE('',*,*,#2539,.T.);
#3523=ORIENTED_EDGE('',*,*,#2540,.F.);
#3524=ORIENTED_EDGE('',*,*,#2485,.F.);
#3525=ORIENTED_EDGE('',*,*,#2482,.F.);
#3526=ORIENTED_EDGE('',*,*,#2451,.T.);
#3527=ORIENTED_EDGE('',*,*,#2541,.T.);
#3528=ORIENTED_EDGE('',*,*,#2542,.T.);
#3529=ORIENTED_EDGE('',*,*,#2532,.F.);
#3530=ORIENTED_EDGE('',*,*,#2449,.F.);
#3531=ORIENTED_EDGE('',*,*,#2486,.F.);
#3532=ORIENTED_EDGE('',*,*,#2540,.T.);
#3533=ORIENTED_EDGE('',*,*,#2543,.T.);
#3534=ORIENTED_EDGE('',*,*,#2541,.F.);
#3535=ORIENTED_EDGE('',*,*,#2445,.F.);
#3536=ORIENTED_EDGE('',*,*,#2543,.F.);
#3537=ORIENTED_EDGE('',*,*,#2539,.F.);
#3538=ORIENTED_EDGE('',*,*,#2536,.F.);
#3539=ORIENTED_EDGE('',*,*,#2533,.F.);
#3540=ORIENTED_EDGE('',*,*,#2542,.F.);
#3541=ORIENTED_EDGE('',*,*,#2544,.F.);
#3542=ORIENTED_EDGE('',*,*,#2473,.F.);
#3543=ORIENTED_EDGE('',*,*,#2463,.T.);
#3544=ORIENTED_EDGE('',*,*,#2545,.T.);
#3545=ORIENTED_EDGE('',*,*,#2546,.T.);
#3546=ORIENTED_EDGE('',*,*,#2547,.F.);
#3547=ORIENTED_EDGE('',*,*,#2548,.F.);
#3548=ORIENTED_EDGE('',*,*,#2547,.T.);
#3549=ORIENTED_EDGE('',*,*,#2549,.T.);
#3550=ORIENTED_EDGE('',*,*,#2550,.F.);
#3551=ORIENTED_EDGE('',*,*,#2551,.F.);
#3552=ORIENTED_EDGE('',*,*,#2550,.T.);
#3553=ORIENTED_EDGE('',*,*,#2552,.T.);
#3554=ORIENTED_EDGE('',*,*,#2553,.F.);
#3555=ORIENTED_EDGE('',*,*,#2480,.F.);
#3556=ORIENTED_EDGE('',*,*,#2477,.F.);
#3557=ORIENTED_EDGE('',*,*,#2459,.T.);
#3558=ORIENTED_EDGE('',*,*,#2554,.T.);
#3559=ORIENTED_EDGE('',*,*,#2555,.T.);
#3560=ORIENTED_EDGE('',*,*,#2545,.F.);
#3561=ORIENTED_EDGE('',*,*,#2457,.F.);
#3562=ORIENTED_EDGE('',*,*,#2481,.F.);
#3563=ORIENTED_EDGE('',*,*,#2553,.T.);
#3564=ORIENTED_EDGE('',*,*,#2556,.T.);
#3565=ORIENTED_EDGE('',*,*,#2554,.F.);
#3566=ORIENTED_EDGE('',*,*,#2453,.F.);
#3567=ORIENTED_EDGE('',*,*,#2556,.F.);
#3568=ORIENTED_EDGE('',*,*,#2552,.F.);
#3569=ORIENTED_EDGE('',*,*,#2549,.F.);
#3570=ORIENTED_EDGE('',*,*,#2546,.F.);
#3571=ORIENTED_EDGE('',*,*,#2555,.F.);
#3572=ORIENTED_EDGE('',*,*,#2557,.F.);
#3573=ORIENTED_EDGE('',*,*,#2493,.F.);
#3574=ORIENTED_EDGE('',*,*,#2431,.T.);
#3575=ORIENTED_EDGE('',*,*,#2558,.T.);
#3576=ORIENTED_EDGE('',*,*,#2559,.T.);
#3577=ORIENTED_EDGE('',*,*,#2560,.F.);
#3578=ORIENTED_EDGE('',*,*,#2561,.F.);
#3579=ORIENTED_EDGE('',*,*,#2560,.T.);
#3580=ORIENTED_EDGE('',*,*,#2562,.T.);
#3581=ORIENTED_EDGE('',*,*,#2563,.F.);
#3582=ORIENTED_EDGE('',*,*,#2564,.F.);
#3583=ORIENTED_EDGE('',*,*,#2563,.T.);
#3584=ORIENTED_EDGE('',*,*,#2565,.T.);
#3585=ORIENTED_EDGE('',*,*,#2566,.F.);
#3586=ORIENTED_EDGE('',*,*,#2501,.F.);
#3587=ORIENTED_EDGE('',*,*,#2498,.F.);
#3588=ORIENTED_EDGE('',*,*,#2427,.T.);
#3589=ORIENTED_EDGE('',*,*,#2567,.T.);
#3590=ORIENTED_EDGE('',*,*,#2568,.T.);
#3591=ORIENTED_EDGE('',*,*,#2558,.F.);
#3592=ORIENTED_EDGE('',*,*,#2425,.F.);
#3593=ORIENTED_EDGE('',*,*,#2502,.F.);
#3594=ORIENTED_EDGE('',*,*,#2566,.T.);
#3595=ORIENTED_EDGE('',*,*,#2569,.T.);
#3596=ORIENTED_EDGE('',*,*,#2567,.F.);
#3597=ORIENTED_EDGE('',*,*,#2421,.F.);
#3598=ORIENTED_EDGE('',*,*,#2569,.F.);
#3599=ORIENTED_EDGE('',*,*,#2565,.F.);
#3600=ORIENTED_EDGE('',*,*,#2562,.F.);
#3601=ORIENTED_EDGE('',*,*,#2559,.F.);
#3602=ORIENTED_EDGE('',*,*,#2568,.F.);
#3603=ORIENTED_EDGE('',*,*,#2570,.F.);
#3604=ORIENTED_EDGE('',*,*,#2504,.F.);
#3605=ORIENTED_EDGE('',*,*,#2415,.T.);
#3606=ORIENTED_EDGE('',*,*,#2571,.T.);
#3607=ORIENTED_EDGE('',*,*,#2572,.T.);
#3608=ORIENTED_EDGE('',*,*,#2573,.F.);
#3609=ORIENTED_EDGE('',*,*,#2574,.F.);
#3610=ORIENTED_EDGE('',*,*,#2573,.T.);
#3611=ORIENTED_EDGE('',*,*,#2575,.T.);
#3612=ORIENTED_EDGE('',*,*,#2576,.F.);
#3613=ORIENTED_EDGE('',*,*,#2577,.F.);
#3614=ORIENTED_EDGE('',*,*,#2576,.T.);
#3615=ORIENTED_EDGE('',*,*,#2578,.T.);
#3616=ORIENTED_EDGE('',*,*,#2579,.F.);
#3617=ORIENTED_EDGE('',*,*,#2511,.F.);
#3618=ORIENTED_EDGE('',*,*,#2508,.F.);
#3619=ORIENTED_EDGE('',*,*,#2411,.T.);
#3620=ORIENTED_EDGE('',*,*,#2580,.T.);
#3621=ORIENTED_EDGE('',*,*,#2581,.T.);
#3622=ORIENTED_EDGE('',*,*,#2571,.F.);
#3623=ORIENTED_EDGE('',*,*,#2409,.F.);
#3624=ORIENTED_EDGE('',*,*,#2512,.F.);
#3625=ORIENTED_EDGE('',*,*,#2579,.T.);
#3626=ORIENTED_EDGE('',*,*,#2582,.T.);
#3627=ORIENTED_EDGE('',*,*,#2580,.F.);
#3628=ORIENTED_EDGE('',*,*,#2405,.F.);
#3629=ORIENTED_EDGE('',*,*,#2582,.F.);
#3630=ORIENTED_EDGE('',*,*,#2578,.F.);
#3631=ORIENTED_EDGE('',*,*,#2575,.F.);
#3632=ORIENTED_EDGE('',*,*,#2572,.F.);
#3633=ORIENTED_EDGE('',*,*,#2581,.F.);
#3634=ORIENTED_EDGE('',*,*,#2583,.F.);
#3635=ORIENTED_EDGE('',*,*,#2483,.F.);
#3636=ORIENTED_EDGE('',*,*,#2447,.T.);
#3637=ORIENTED_EDGE('',*,*,#2584,.T.);
#3638=ORIENTED_EDGE('',*,*,#2585,.T.);
#3639=ORIENTED_EDGE('',*,*,#2586,.F.);
#3640=ORIENTED_EDGE('',*,*,#2587,.F.);
#3641=ORIENTED_EDGE('',*,*,#2586,.T.);
#3642=ORIENTED_EDGE('',*,*,#2588,.T.);
#3643=ORIENTED_EDGE('',*,*,#2589,.F.);
#3644=ORIENTED_EDGE('',*,*,#2590,.F.);
#3645=ORIENTED_EDGE('',*,*,#2589,.T.);
#3646=ORIENTED_EDGE('',*,*,#2591,.T.);
#3647=ORIENTED_EDGE('',*,*,#2592,.F.);
#3648=ORIENTED_EDGE('',*,*,#2490,.F.);
#3649=ORIENTED_EDGE('',*,*,#2487,.F.);
#3650=ORIENTED_EDGE('',*,*,#2443,.T.);
#3651=ORIENTED_EDGE('',*,*,#2593,.T.);
#3652=ORIENTED_EDGE('',*,*,#2594,.T.);
#3653=ORIENTED_EDGE('',*,*,#2584,.F.);
#3654=ORIENTED_EDGE('',*,*,#2441,.F.);
#3655=ORIENTED_EDGE('',*,*,#2491,.F.);
#3656=ORIENTED_EDGE('',*,*,#2592,.T.);
#3657=ORIENTED_EDGE('',*,*,#2595,.T.);
#3658=ORIENTED_EDGE('',*,*,#2593,.F.);
#3659=ORIENTED_EDGE('',*,*,#2437,.F.);
#3660=ORIENTED_EDGE('',*,*,#2595,.F.);
#3661=ORIENTED_EDGE('',*,*,#2591,.F.);
#3662=ORIENTED_EDGE('',*,*,#2588,.F.);
#3663=ORIENTED_EDGE('',*,*,#2585,.F.);
#3664=ORIENTED_EDGE('',*,*,#2594,.F.);
#3665=ORIENTED_EDGE('',*,*,#2596,.F.);
#3666=ORIENTED_EDGE('',*,*,#2514,.F.);
#3667=ORIENTED_EDGE('',*,*,#2471,.T.);
#3668=ORIENTED_EDGE('',*,*,#2597,.T.);
#3669=ORIENTED_EDGE('',*,*,#2598,.T.);
#3670=ORIENTED_EDGE('',*,*,#2599,.F.);
#3671=ORIENTED_EDGE('',*,*,#2600,.F.);
#3672=ORIENTED_EDGE('',*,*,#2599,.T.);
#3673=ORIENTED_EDGE('',*,*,#2601,.T.);
#3674=ORIENTED_EDGE('',*,*,#2602,.F.);
#3675=ORIENTED_EDGE('',*,*,#2603,.F.);
#3676=ORIENTED_EDGE('',*,*,#2602,.T.);
#3677=ORIENTED_EDGE('',*,*,#2604,.T.);
#3678=ORIENTED_EDGE('',*,*,#2605,.F.);
#3679=ORIENTED_EDGE('',*,*,#2475,.F.);
#3680=ORIENTED_EDGE('',*,*,#2472,.F.);
#3681=ORIENTED_EDGE('',*,*,#2467,.T.);
#3682=ORIENTED_EDGE('',*,*,#2606,.T.);
#3683=ORIENTED_EDGE('',*,*,#2607,.T.);
#3684=ORIENTED_EDGE('',*,*,#2597,.F.);
#3685=ORIENTED_EDGE('',*,*,#2465,.F.);
#3686=ORIENTED_EDGE('',*,*,#2476,.F.);
#3687=ORIENTED_EDGE('',*,*,#2605,.T.);
#3688=ORIENTED_EDGE('',*,*,#2608,.T.);
#3689=ORIENTED_EDGE('',*,*,#2606,.F.);
#3690=ORIENTED_EDGE('',*,*,#2461,.F.);
#3691=ORIENTED_EDGE('',*,*,#2608,.F.);
#3692=ORIENTED_EDGE('',*,*,#2604,.F.);
#3693=ORIENTED_EDGE('',*,*,#2601,.F.);
#3694=ORIENTED_EDGE('',*,*,#2598,.F.);
#3695=ORIENTED_EDGE('',*,*,#2607,.F.);
#3696=ORIENTED_EDGE('',*,*,#2609,.F.);
#3697=ORIENTED_EDGE('',*,*,#2488,.F.);
#3698=ORIENTED_EDGE('',*,*,#2439,.T.);
#3699=ORIENTED_EDGE('',*,*,#2610,.T.);
#3700=ORIENTED_EDGE('',*,*,#2611,.T.);
#3701=ORIENTED_EDGE('',*,*,#2612,.F.);
#3702=ORIENTED_EDGE('',*,*,#2613,.F.);
#3703=ORIENTED_EDGE('',*,*,#2612,.T.);
#3704=ORIENTED_EDGE('',*,*,#2614,.T.);
#3705=ORIENTED_EDGE('',*,*,#2615,.F.);
#3706=ORIENTED_EDGE('',*,*,#2616,.F.);
#3707=ORIENTED_EDGE('',*,*,#2615,.T.);
#3708=ORIENTED_EDGE('',*,*,#2617,.T.);
#3709=ORIENTED_EDGE('',*,*,#2618,.F.);
#3710=ORIENTED_EDGE('',*,*,#2496,.F.);
#3711=ORIENTED_EDGE('',*,*,#2492,.F.);
#3712=ORIENTED_EDGE('',*,*,#2435,.T.);
#3713=ORIENTED_EDGE('',*,*,#2619,.T.);
#3714=ORIENTED_EDGE('',*,*,#2620,.T.);
#3715=ORIENTED_EDGE('',*,*,#2610,.F.);
#3716=ORIENTED_EDGE('',*,*,#2433,.F.);
#3717=ORIENTED_EDGE('',*,*,#2497,.F.);
#3718=ORIENTED_EDGE('',*,*,#2618,.T.);
#3719=ORIENTED_EDGE('',*,*,#2621,.T.);
#3720=ORIENTED_EDGE('',*,*,#2619,.F.);
#3721=ORIENTED_EDGE('',*,*,#2429,.F.);
#3722=ORIENTED_EDGE('',*,*,#2621,.F.);
#3723=ORIENTED_EDGE('',*,*,#2617,.F.);
#3724=ORIENTED_EDGE('',*,*,#2614,.F.);
#3725=ORIENTED_EDGE('',*,*,#2611,.F.);
#3726=ORIENTED_EDGE('',*,*,#2620,.F.);
#3727=ORIENTED_EDGE('',*,*,#2622,.F.);
#3728=ORIENTED_EDGE('',*,*,#2509,.F.);
#3729=ORIENTED_EDGE('',*,*,#2407,.T.);
#3730=ORIENTED_EDGE('',*,*,#2623,.T.);
#3731=ORIENTED_EDGE('',*,*,#2624,.T.);
#3732=ORIENTED_EDGE('',*,*,#2625,.F.);
#3733=ORIENTED_EDGE('',*,*,#2626,.F.);
#3734=ORIENTED_EDGE('',*,*,#2625,.T.);
#3735=ORIENTED_EDGE('',*,*,#2627,.T.);
#3736=ORIENTED_EDGE('',*,*,#2628,.F.);
#3737=ORIENTED_EDGE('',*,*,#2629,.F.);
#3738=ORIENTED_EDGE('',*,*,#2628,.T.);
#3739=ORIENTED_EDGE('',*,*,#2630,.T.);
#3740=ORIENTED_EDGE('',*,*,#2631,.F.);
#3741=ORIENTED_EDGE('',*,*,#2516,.F.);
#3742=ORIENTED_EDGE('',*,*,#2513,.F.);
#3743=ORIENTED_EDGE('',*,*,#2403,.T.);
#3744=ORIENTED_EDGE('',*,*,#2632,.T.);
#3745=ORIENTED_EDGE('',*,*,#2633,.T.);
#3746=ORIENTED_EDGE('',*,*,#2623,.F.);
#3747=ORIENTED_EDGE('',*,*,#2401,.F.);
#3748=ORIENTED_EDGE('',*,*,#2517,.F.);
#3749=ORIENTED_EDGE('',*,*,#2631,.T.);
#3750=ORIENTED_EDGE('',*,*,#2634,.T.);
#3751=ORIENTED_EDGE('',*,*,#2632,.F.);
#3752=ORIENTED_EDGE('',*,*,#2469,.F.);
#3753=ORIENTED_EDGE('',*,*,#2634,.F.);
#3754=ORIENTED_EDGE('',*,*,#2630,.F.);
#3755=ORIENTED_EDGE('',*,*,#2627,.F.);
#3756=ORIENTED_EDGE('',*,*,#2624,.F.);
#3757=ORIENTED_EDGE('',*,*,#2633,.F.);
#3758=ORIENTED_EDGE('',*,*,#2518,.T.);
#3759=ORIENTED_EDGE('',*,*,#2522,.T.);
#3760=ORIENTED_EDGE('',*,*,#2525,.T.);
#3761=ORIENTED_EDGE('',*,*,#2505,.T.);
#3762=ORIENTED_EDGE('',*,*,#2570,.T.);
#3763=ORIENTED_EDGE('',*,*,#2574,.T.);
#3764=ORIENTED_EDGE('',*,*,#2577,.T.);
#3765=ORIENTED_EDGE('',*,*,#2510,.T.);
#3766=ORIENTED_EDGE('',*,*,#2622,.T.);
#3767=ORIENTED_EDGE('',*,*,#2626,.T.);
#3768=ORIENTED_EDGE('',*,*,#2629,.T.);
#3769=ORIENTED_EDGE('',*,*,#2515,.T.);
#3770=ORIENTED_EDGE('',*,*,#2596,.T.);
#3771=ORIENTED_EDGE('',*,*,#2600,.T.);
#3772=ORIENTED_EDGE('',*,*,#2603,.T.);
#3773=ORIENTED_EDGE('',*,*,#2474,.T.);
#3774=ORIENTED_EDGE('',*,*,#2544,.T.);
#3775=ORIENTED_EDGE('',*,*,#2548,.T.);
#3776=ORIENTED_EDGE('',*,*,#2551,.T.);
#3777=ORIENTED_EDGE('',*,*,#2479,.T.);
#3778=ORIENTED_EDGE('',*,*,#2531,.T.);
#3779=ORIENTED_EDGE('',*,*,#2535,.T.);
#3780=ORIENTED_EDGE('',*,*,#2538,.T.);
#3781=ORIENTED_EDGE('',*,*,#2484,.T.);
#3782=ORIENTED_EDGE('',*,*,#2583,.T.);
#3783=ORIENTED_EDGE('',*,*,#2587,.T.);
#3784=ORIENTED_EDGE('',*,*,#2590,.T.);
#3785=ORIENTED_EDGE('',*,*,#2489,.T.);
#3786=ORIENTED_EDGE('',*,*,#2609,.T.);
#3787=ORIENTED_EDGE('',*,*,#2613,.T.);
#3788=ORIENTED_EDGE('',*,*,#2616,.T.);
#3789=ORIENTED_EDGE('',*,*,#2495,.T.);
#3790=ORIENTED_EDGE('',*,*,#2635,.T.);
#3791=ORIENTED_EDGE('',*,*,#2636,.T.);
#3792=ORIENTED_EDGE('',*,*,#2637,.T.);
#3793=ORIENTED_EDGE('',*,*,#2635,.F.);
#3794=ORIENTED_EDGE('',*,*,#2494,.T.);
#3795=ORIENTED_EDGE('',*,*,#2557,.T.);
#3796=ORIENTED_EDGE('',*,*,#2561,.T.);
#3797=ORIENTED_EDGE('',*,*,#2564,.T.);
#3798=ORIENTED_EDGE('',*,*,#2500,.T.);
#3799=ORIENTED_EDGE('',*,*,#2637,.F.);
#3800=ORIENTED_EDGE('',*,*,#2638,.T.);
#3801=ORIENTED_EDGE('',*,*,#2260,.T.);
#3802=ORIENTED_EDGE('',*,*,#2638,.F.);
#3803=ORIENTED_EDGE('',*,*,#2636,.F.);
#3804=ORIENTED_EDGE('',*,*,#2639,.T.);
#3805=ORIENTED_EDGE('',*,*,#2640,.T.);
#3806=ORIENTED_EDGE('',*,*,#2259,.T.);
#3807=ORIENTED_EDGE('',*,*,#2256,.T.);
#3808=ORIENTED_EDGE('',*,*,#2640,.F.);
#3809=ORIENTED_EDGE('',*,*,#2641,.T.);
#3810=ORIENTED_EDGE('',*,*,#2261,.F.);
#3811=ORIENTED_EDGE('',*,*,#2642,.T.);
#3812=ORIENTED_EDGE('',*,*,#2641,.F.);
#3813=ORIENTED_EDGE('',*,*,#2639,.F.);
#3814=ORIENTED_EDGE('',*,*,#2642,.F.);
#3815=CYLINDRICAL_SURFACE('',#4114,14.5);
#3816=CYLINDRICAL_SURFACE('',#4266,15.);
#3817=CYLINDRICAL_SURFACE('',#4269,15.);
#3818=CYLINDRICAL_SURFACE('',#4277,4.11773006853872);
#3819=CYLINDRICAL_SURFACE('',#4281,4.11773006853872);
#3820=CYLINDRICAL_SURFACE('',#4286,22.6690882786822);
#3821=CYLINDRICAL_SURFACE('',#4290,17.1686616977554);
#3822=CYLINDRICAL_SURFACE('',#4295,22.6690882786822);
#3823=CYLINDRICAL_SURFACE('',#4299,17.1686616977554);
#3824=CYLINDRICAL_SURFACE('',#4304,22.6690882786822);
#3825=CYLINDRICAL_SURFACE('',#4308,17.1686616977554);
#3826=CYLINDRICAL_SURFACE('',#4313,22.6690882786822);
#3827=CYLINDRICAL_SURFACE('',#4317,17.1686616977554);
#3828=CYLINDRICAL_SURFACE('',#4322,22.6690882786822);
#3829=CYLINDRICAL_SURFACE('',#4326,17.1686616977554);
#3830=CYLINDRICAL_SURFACE('',#4330,4.11773006853872);
#3831=CYLINDRICAL_SURFACE('',#4334,4.11773006853872);
#3832=CYLINDRICAL_SURFACE('',#4338,4.11773006853872);
#3833=CYLINDRICAL_SURFACE('',#4342,4.11773006853872);
#3834=CYLINDRICAL_SURFACE('',#4346,17.1686616977554);
#3835=CYLINDRICAL_SURFACE('',#4350,22.6690882786822);
#3836=CYLINDRICAL_SURFACE('',#4356,22.6690882786822);
#3837=CYLINDRICAL_SURFACE('',#4360,17.1686616977554);
#3838=CYLINDRICAL_SURFACE('',#4365,22.6690882786822);
#3839=CYLINDRICAL_SURFACE('',#4369,17.1686616977554);
#3840=CYLINDRICAL_SURFACE('',#4374,22.6690882786822);
#3841=CYLINDRICAL_SURFACE('',#4378,17.1686616977554);
#3842=CYLINDRICAL_SURFACE('',#4382,4.11773006853873);
#3843=CYLINDRICAL_SURFACE('',#4386,4.11773006853872);
#3844=CYLINDRICAL_SURFACE('',#4390,4.11773006853872);
#3845=CYLINDRICAL_SURFACE('',#4394,16.8218403324655);
#3846=CYLINDRICAL_SURFACE('',#4398,17.4885437168471);
#3847=CYLINDRICAL_SURFACE('',#4402,17.4885437168471);
#3848=CYLINDRICAL_SURFACE('',#4406,17.4885437168471);
#3849=CYLINDRICAL_SURFACE('',#4410,17.4885437168471);
#3850=CYLINDRICAL_SURFACE('',#4414,17.4885437168471);
#3851=CYLINDRICAL_SURFACE('',#4418,17.4885437168471);
#3852=CYLINDRICAL_SURFACE('',#4422,17.4885437168471);
#3853=CYLINDRICAL_SURFACE('',#4426,17.4885437168471);
#3854=CYLINDRICAL_SURFACE('',#4430,17.4885437168471);
#3855=CYLINDRICAL_SURFACE('',#4475,17.4885437168471);
#3856=CYLINDRICAL_SURFACE('',#4482,17.4885437168471);
#3857=CYLINDRICAL_SURFACE('',#4489,17.4885437168471);
#3858=CYLINDRICAL_SURFACE('',#4496,17.4885437168471);
#3859=CYLINDRICAL_SURFACE('',#4503,17.4885437168471);
#3860=CYLINDRICAL_SURFACE('',#4510,17.4885437168471);
#3861=CYLINDRICAL_SURFACE('',#4517,17.4885437168471);
#3862=CYLINDRICAL_SURFACE('',#4524,17.4885437168471);
#3863=CYLINDRICAL_SURFACE('',#4531,17.4885437168471);
#3864=CYLINDRICAL_SURFACE('',#4539,99.8908209967419);
#3865=CYLINDRICAL_SURFACE('',#4544,17.5);
#3866=ADVANCED_FACE('',(#322),#3815,.T.);
#3867=ADVANCED_FACE('',(#323),#143,.T.);
#3868=ADVANCED_FACE('',(#324),#144,.F.);
#3869=ADVANCED_FACE('',(#325),#145,.F.);
#3870=ADVANCED_FACE('',(#326),#146,.F.);
#3871=ADVANCED_FACE('',(#327),#147,.F.);
#3872=ADVANCED_FACE('',(#328),#148,.F.);
#3873=ADVANCED_FACE('',(#329),#149,.F.);
#3874=ADVANCED_FACE('',(#330),#150,.F.);
#3875=ADVANCED_FACE('',(#331),#151,.F.);
#3876=ADVANCED_FACE('',(#332),#152,.F.);
#3877=ADVANCED_FACE('',(#333),#153,.F.);
#3878=ADVANCED_FACE('',(#334),#154,.F.);
#3879=ADVANCED_FACE('',(#335),#155,.F.);
#3880=ADVANCED_FACE('',(#336),#156,.F.);
#3881=ADVANCED_FACE('',(#337),#157,.F.);
#3882=ADVANCED_FACE('',(#338),#158,.F.);
#3883=ADVANCED_FACE('',(#339),#159,.F.);
#3884=ADVANCED_FACE('',(#340),#160,.F.);
#3885=ADVANCED_FACE('',(#341),#161,.F.);
#3886=ADVANCED_FACE('',(#342),#162,.F.);
#3887=ADVANCED_FACE('',(#343),#163,.F.);
#3888=ADVANCED_FACE('',(#344),#164,.F.);
#3889=ADVANCED_FACE('',(#345),#165,.F.);
#3890=ADVANCED_FACE('',(#346),#166,.F.);
#3891=ADVANCED_FACE('',(#347),#167,.T.);
#3892=ADVANCED_FACE('',(#348),#168,.T.);
#3893=ADVANCED_FACE('',(#349),#169,.T.);
#3894=ADVANCED_FACE('',(#350),#170,.T.);
#3895=ADVANCED_FACE('',(#351),#171,.T.);
#3896=ADVANCED_FACE('',(#352),#172,.T.);
#3897=ADVANCED_FACE('',(#353),#173,.T.);
#3898=ADVANCED_FACE('',(#354),#174,.T.);
#3899=ADVANCED_FACE('',(#355),#175,.F.);
#3900=ADVANCED_FACE('',(#356),#176,.F.);
#3901=ADVANCED_FACE('',(#357),#36,.T.);
#3902=ADVANCED_FACE('',(#358),#177,.F.);
#3903=ADVANCED_FACE('',(#359),#178,.F.);
#3904=ADVANCED_FACE('',(#360),#179,.F.);
#3905=ADVANCED_FACE('',(#361),#180,.T.);
#3906=ADVANCED_FACE('',(#362),#181,.F.);
#3907=ADVANCED_FACE('',(#363),#182,.F.);
#3908=ADVANCED_FACE('',(#364),#183,.F.);
#3909=ADVANCED_FACE('',(#365),#184,.T.);
#3910=ADVANCED_FACE('',(#366),#185,.F.);
#3911=ADVANCED_FACE('',(#367),#186,.F.);
#3912=ADVANCED_FACE('',(#368),#187,.F.);
#3913=ADVANCED_FACE('',(#369),#188,.T.);
#3914=ADVANCED_FACE('',(#370),#189,.F.);
#3915=ADVANCED_FACE('',(#371),#190,.F.);
#3916=ADVANCED_FACE('',(#372),#191,.F.);
#3917=ADVANCED_FACE('',(#373),#192,.T.);
#3918=ADVANCED_FACE('',(#374),#193,.F.);
#3919=ADVANCED_FACE('',(#375),#194,.F.);
#3920=ADVANCED_FACE('',(#376),#195,.F.);
#3921=ADVANCED_FACE('',(#377),#196,.T.);
#3922=ADVANCED_FACE('',(#378),#197,.F.);
#3923=ADVANCED_FACE('',(#379),#198,.F.);
#3924=ADVANCED_FACE('',(#380),#199,.F.);
#3925=ADVANCED_FACE('',(#381),#200,.T.);
#3926=ADVANCED_FACE('',(#382),#201,.F.);
#3927=ADVANCED_FACE('',(#383),#202,.F.);
#3928=ADVANCED_FACE('',(#384),#203,.F.);
#3929=ADVANCED_FACE('',(#385),#204,.T.);
#3930=ADVANCED_FACE('',(#386),#205,.F.);
#3931=ADVANCED_FACE('',(#387),#206,.F.);
#3932=ADVANCED_FACE('',(#388),#207,.F.);
#3933=ADVANCED_FACE('',(#389),#208,.T.);
#3934=ADVANCED_FACE('',(#390),#3816,.T.);
#3935=ADVANCED_FACE('',(#391,#15),#209,.T.);
#3936=ADVANCED_FACE('',(#392),#3817,.F.);
#3937=ADVANCED_FACE('',(#393),#210,.F.);
#3938=ADVANCED_FACE('',(#394,#16),#211,.F.);
#3939=ADVANCED_FACE('',(#395),#3818,.F.);
#3940=ADVANCED_FACE('',(#396),#212,.T.);
#3941=ADVANCED_FACE('',(#397),#3819,.F.);
#3942=ADVANCED_FACE('',(#398),#213,.T.);
#3943=ADVANCED_FACE('',(#399),#214,.F.);
#3944=ADVANCED_FACE('',(#400),#3820,.T.);
#3945=ADVANCED_FACE('',(#401),#215,.F.);
#3946=ADVANCED_FACE('',(#402),#3821,.F.);
#3947=ADVANCED_FACE('',(#403),#216,.T.);
#3948=ADVANCED_FACE('',(#404),#217,.F.);
#3949=ADVANCED_FACE('',(#405),#3822,.T.);
#3950=ADVANCED_FACE('',(#406),#218,.F.);
#3951=ADVANCED_FACE('',(#407),#3823,.F.);
#3952=ADVANCED_FACE('',(#408),#219,.T.);
#3953=ADVANCED_FACE('',(#409),#220,.F.);
#3954=ADVANCED_FACE('',(#410),#3824,.T.);
#3955=ADVANCED_FACE('',(#411),#221,.F.);
#3956=ADVANCED_FACE('',(#412),#3825,.F.);
#3957=ADVANCED_FACE('',(#413),#222,.T.);
#3958=ADVANCED_FACE('',(#414),#223,.F.);
#3959=ADVANCED_FACE('',(#415),#3826,.T.);
#3960=ADVANCED_FACE('',(#416),#224,.F.);
#3961=ADVANCED_FACE('',(#417),#3827,.F.);
#3962=ADVANCED_FACE('',(#418),#225,.T.);
#3963=ADVANCED_FACE('',(#419),#226,.F.);
#3964=ADVANCED_FACE('',(#420),#3828,.T.);
#3965=ADVANCED_FACE('',(#421),#227,.F.);
#3966=ADVANCED_FACE('',(#422),#3829,.F.);
#3967=ADVANCED_FACE('',(#423),#228,.T.);
#3968=ADVANCED_FACE('',(#424),#3830,.F.);
#3969=ADVANCED_FACE('',(#425),#229,.T.);
#3970=ADVANCED_FACE('',(#426),#3831,.F.);
#3971=ADVANCED_FACE('',(#427),#230,.T.);
#3972=ADVANCED_FACE('',(#428),#3832,.F.);
#3973=ADVANCED_FACE('',(#429),#231,.T.);
#3974=ADVANCED_FACE('',(#430),#3833,.F.);
#3975=ADVANCED_FACE('',(#431),#232,.T.);
#3976=ADVANCED_FACE('',(#432),#3834,.F.);
#3977=ADVANCED_FACE('',(#433),#233,.F.);
#3978=ADVANCED_FACE('',(#434),#3835,.T.);
#3979=ADVANCED_FACE('',(#435),#234,.F.);
#3980=ADVANCED_FACE('',(#436),#235,.T.);
#3981=ADVANCED_FACE('',(#437),#236,.F.);
#3982=ADVANCED_FACE('',(#438),#3836,.T.);
#3983=ADVANCED_FACE('',(#439),#237,.F.);
#3984=ADVANCED_FACE('',(#440),#3837,.F.);
#3985=ADVANCED_FACE('',(#441),#238,.T.);
#3986=ADVANCED_FACE('',(#442),#239,.F.);
#3987=ADVANCED_FACE('',(#443),#3838,.T.);
#3988=ADVANCED_FACE('',(#444),#240,.F.);
#3989=ADVANCED_FACE('',(#445),#3839,.F.);
#3990=ADVANCED_FACE('',(#446),#241,.T.);
#3991=ADVANCED_FACE('',(#447),#242,.F.);
#3992=ADVANCED_FACE('',(#448),#3840,.T.);
#3993=ADVANCED_FACE('',(#449),#243,.F.);
#3994=ADVANCED_FACE('',(#450),#3841,.F.);
#3995=ADVANCED_FACE('',(#451),#244,.T.);
#3996=ADVANCED_FACE('',(#452),#3842,.F.);
#3997=ADVANCED_FACE('',(#453),#245,.T.);
#3998=ADVANCED_FACE('',(#454),#3843,.F.);
#3999=ADVANCED_FACE('',(#455),#246,.T.);
#4000=ADVANCED_FACE('',(#456),#3844,.F.);
#4001=ADVANCED_FACE('',(#457),#247,.T.);
#4002=ADVANCED_FACE('',(#458),#3845,.T.);
#4003=ADVANCED_FACE('',(#459),#248,.F.);
#4004=ADVANCED_FACE('',(#460),#3846,.F.);
#4005=ADVANCED_FACE('',(#461),#249,.F.);
#4006=ADVANCED_FACE('',(#462),#3847,.F.);
#4007=ADVANCED_FACE('',(#463),#250,.F.);
#4008=ADVANCED_FACE('',(#464),#3848,.F.);
#4009=ADVANCED_FACE('',(#465),#251,.F.);
#4010=ADVANCED_FACE('',(#466),#3849,.F.);
#4011=ADVANCED_FACE('',(#467),#252,.F.);
#4012=ADVANCED_FACE('',(#468),#3850,.F.);
#4013=ADVANCED_FACE('',(#469),#253,.F.);
#4014=ADVANCED_FACE('',(#470),#3851,.F.);
#4015=ADVANCED_FACE('',(#471),#254,.F.);
#4016=ADVANCED_FACE('',(#472),#3852,.F.);
#4017=ADVANCED_FACE('',(#473),#255,.F.);
#4018=ADVANCED_FACE('',(#474),#3853,.F.);
#4019=ADVANCED_FACE('',(#475),#256,.F.);
#4020=ADVANCED_FACE('',(#476),#3854,.F.);
#4021=ADVANCED_FACE('',(#477,#17),#257,.T.);
#4022=ADVANCED_FACE('',(#478),#258,.T.);
#4023=ADVANCED_FACE('',(#479),#259,.T.);
#4024=ADVANCED_FACE('',(#480,#18,#19),#260,.T.);
#4025=ADVANCED_FACE('',(#481),#261,.T.);
#4026=ADVANCED_FACE('',(#482,#20,#21),#262,.T.);
#4027=ADVANCED_FACE('',(#483),#263,.T.);
#4028=ADVANCED_FACE('',(#484,#22,#23),#264,.T.);
#4029=ADVANCED_FACE('',(#485),#265,.T.);
#4030=ADVANCED_FACE('',(#486,#24,#25),#266,.T.);
#4031=ADVANCED_FACE('',(#487),#267,.T.);
#4032=ADVANCED_FACE('',(#488,#26,#27),#268,.T.);
#4033=ADVANCED_FACE('',(#489),#269,.T.);
#4034=ADVANCED_FACE('',(#490,#28,#29),#270,.T.);
#4035=ADVANCED_FACE('',(#491),#271,.T.);
#4036=ADVANCED_FACE('',(#492,#30,#31),#272,.T.);
#4037=ADVANCED_FACE('',(#493),#273,.T.);
#4038=ADVANCED_FACE('',(#494,#32,#33),#274,.T.);
#4039=ADVANCED_FACE('',(#495),#275,.T.);
#4040=ADVANCED_FACE('',(#496,#34,#35),#276,.T.);
#4041=ADVANCED_FACE('',(#497),#277,.F.);
#4042=ADVANCED_FACE('',(#498),#278,.F.);
#4043=ADVANCED_FACE('',(#499),#279,.F.);
#4044=ADVANCED_FACE('',(#500),#3855,.T.);
#4045=ADVANCED_FACE('',(#501),#280,.F.);
#4046=ADVANCED_FACE('',(#502),#281,.T.);
#4047=ADVANCED_FACE('',(#503),#282,.F.);
#4048=ADVANCED_FACE('',(#504),#283,.F.);
#4049=ADVANCED_FACE('',(#505),#284,.F.);
#4050=ADVANCED_FACE('',(#506),#3856,.T.);
#4051=ADVANCED_FACE('',(#507),#285,.F.);
#4052=ADVANCED_FACE('',(#508),#286,.T.);
#4053=ADVANCED_FACE('',(#509),#287,.F.);
#4054=ADVANCED_FACE('',(#510),#288,.F.);
#4055=ADVANCED_FACE('',(#511),#289,.F.);
#4056=ADVANCED_FACE('',(#512),#3857,.T.);
#4057=ADVANCED_FACE('',(#513),#290,.F.);
#4058=ADVANCED_FACE('',(#514),#291,.T.);
#4059=ADVANCED_FACE('',(#515),#292,.F.);
#4060=ADVANCED_FACE('',(#516),#293,.F.);
#4061=ADVANCED_FACE('',(#517),#294,.F.);
#4062=ADVANCED_FACE('',(#518),#3858,.T.);
#4063=ADVANCED_FACE('',(#519),#295,.F.);
#4064=ADVANCED_FACE('',(#520),#296,.T.);
#4065=ADVANCED_FACE('',(#521),#297,.F.);
#4066=ADVANCED_FACE('',(#522),#298,.F.);
#4067=ADVANCED_FACE('',(#523),#299,.F.);
#4068=ADVANCED_FACE('',(#524),#3859,.T.);
#4069=ADVANCED_FACE('',(#525),#300,.F.);
#4070=ADVANCED_FACE('',(#526),#301,.T.);
#4071=ADVANCED_FACE('',(#527),#302,.F.);
#4072=ADVANCED_FACE('',(#528),#303,.F.);
#4073=ADVANCED_FACE('',(#529),#304,.F.);
#4074=ADVANCED_FACE('',(#530),#3860,.T.);
#4075=ADVANCED_FACE('',(#531),#305,.F.);
#4076=ADVANCED_FACE('',(#532),#306,.T.);
#4077=ADVANCED_FACE('',(#533),#307,.F.);
#4078=ADVANCED_FACE('',(#534),#308,.F.);
#4079=ADVANCED_FACE('',(#535),#309,.F.);
#4080=ADVANCED_FACE('',(#536),#3861,.T.);
#4081=ADVANCED_FACE('',(#537),#310,.F.);
#4082=ADVANCED_FACE('',(#538),#311,.T.);
#4083=ADVANCED_FACE('',(#539),#312,.F.);
#4084=ADVANCED_FACE('',(#540),#313,.F.);
#4085=ADVANCED_FACE('',(#541),#314,.F.);
#4086=ADVANCED_FACE('',(#542),#3862,.T.);
#4087=ADVANCED_FACE('',(#543),#315,.F.);
#4088=ADVANCED_FACE('',(#544),#316,.T.);
#4089=ADVANCED_FACE('',(#545),#317,.F.);
#4090=ADVANCED_FACE('',(#546),#318,.F.);
#4091=ADVANCED_FACE('',(#547),#319,.F.);
#4092=ADVANCED_FACE('',(#548),#3863,.T.);
#4093=ADVANCED_FACE('',(#549),#320,.F.);
#4094=ADVANCED_FACE('',(#550),#321,.T.);
#4095=ADVANCED_FACE('',(#551),#37,.T.);
#4096=ADVANCED_FACE('',(#552),#3864,.T.);
#4097=ADVANCED_FACE('',(#553),#38,.T.);
#4098=ADVANCED_FACE('',(#554),#3865,.T.);
#4099=CLOSED_SHELL('',(#3866,#3867,#3868,#3869,#3870,#3871,#3872,#3873,
#3874,#3875,#3876,#3877,#3878,#3879,#3880,#3881,#3882,#3883,#3884,#3885,
#3886,#3887,#3888,#3889,#3890,#3891,#3892,#3893,#3894,#3895,#3896,#3897,
#3898,#3899,#3900,#3901,#3902,#3903,#3904,#3905,#3906,#3907,#3908,#3909,
#3910,#3911,#3912,#3913,#3914,#3915,#3916,#3917,#3918,#3919,#3920,#3921,
#3922,#3923,#3924,#3925,#3926,#3927,#3928,#3929,#3930,#3931,#3932,#3933,
#3934,#3935));
#4100=CLOSED_SHELL('',(#3936,#3937,#3938,#3939,#3940,#3941,#3942,#3943,
#3944,#3945,#3946,#3947,#3948,#3949,#3950,#3951,#3952,#3953,#3954,#3955,
#3956,#3957,#3958,#3959,#3960,#3961,#3962,#3963,#3964,#3965,#3966,#3967,
#3968,#3969,#3970,#3971,#3972,#3973,#3974,#3975,#3976,#3977,#3978,#3979,
#3980,#3981,#3982,#3983,#3984,#3985,#3986,#3987,#3988,#3989,#3990,#3991,
#3992,#3993,#3994,#3995,#3996,#3997,#3998,#3999,#4000,#4001,#4002,#4003,
#4004,#4005,#4006,#4007,#4008,#4009,#4010,#4011,#4012,#4013,#4014,#4015,
#4016,#4017,#4018,#4019,#4020,#4021,#4022,#4023,#4024,#4025,#4026,#4027,
#4028,#4029,#4030,#4031,#4032,#4033,#4034,#4035,#4036,#4037,#4038,#4039,
#4040,#4041,#4042,#4043,#4044,#4045,#4046,#4047,#4048,#4049,#4050,#4051,
#4052,#4053,#4054,#4055,#4056,#4057,#4058,#4059,#4060,#4061,#4062,#4063,
#4064,#4065,#4066,#4067,#4068,#4069,#4070,#4071,#4072,#4073,#4074,#4075,
#4076,#4077,#4078,#4079,#4080,#4081,#4082,#4083,#4084,#4085,#4086,#4087,
#4088,#4089,#4090,#4091,#4092,#4093,#4094,#4095,#4096,#4097,#4098));
#4101=DERIVED_UNIT_ELEMENT(#4103,1.);
#4102=DERIVED_UNIT_ELEMENT(#7218,-3.);
#4103=(
MASS_UNIT()
NAMED_UNIT(*)
SI_UNIT(.KILO.,.GRAM.)
);
#4104=DERIVED_UNIT((#4101,#4102));
#4105=MEASURE_REPRESENTATION_ITEM('density measure',
POSITIVE_RATIO_MEASURE(7850.),#4104);
#4106=PROPERTY_DEFINITION_REPRESENTATION(#4111,#4108);
#4107=PROPERTY_DEFINITION_REPRESENTATION(#4112,#4109);
#4108=REPRESENTATION('material name',(#4110),#7215);
#4109=REPRESENTATION('density',(#4105),#7215);
#4110=DESCRIPTIVE_REPRESENTATION_ITEM('Steel','Steel');
#4111=PROPERTY_DEFINITION('material property','material name',#7225);
#4112=PROPERTY_DEFINITION('material property','density of part',#7225);
#4113=AXIS2_PLACEMENT_3D('',#5754,#4545,#4546);
#4114=AXIS2_PLACEMENT_3D('',#5755,#4547,#4548);
#4115=AXIS2_PLACEMENT_3D('',#5757,#4549,#4550);
#4116=AXIS2_PLACEMENT_3D('',#5760,#4552,#4553);
#4117=AXIS2_PLACEMENT_3D('',#5761,#4554,#4555);
#4118=AXIS2_PLACEMENT_3D('',#5762,#4556,#4557);
#4119=AXIS2_PLACEMENT_3D('',#5764,#4558,#4559);
#4120=AXIS2_PLACEMENT_3D('',#5765,#4560,#4561);
#4121=AXIS2_PLACEMENT_3D('',#5768,#4562,#4563);
#4122=AXIS2_PLACEMENT_3D('',#5772,#4565,#4566);
#4123=AXIS2_PLACEMENT_3D('',#5774,#4568,#4569);
#4124=AXIS2_PLACEMENT_3D('',#5789,#4572,#4573);
#4125=AXIS2_PLACEMENT_3D('',#5794,#4576,#4577);
#4126=AXIS2_PLACEMENT_3D('',#5795,#4578,#4579);
#4127=AXIS2_PLACEMENT_3D('',#5798,#4580,#4581);
#4128=AXIS2_PLACEMENT_3D('',#5802,#4583,#4584);
#4129=AXIS2_PLACEMENT_3D('',#5804,#4586,#4587);
#4130=AXIS2_PLACEMENT_3D('',#5819,#4590,#4591);
#4131=AXIS2_PLACEMENT_3D('',#5824,#4594,#4595);
#4132=AXIS2_PLACEMENT_3D('',#5825,#4596,#4597);
#4133=AXIS2_PLACEMENT_3D('',#5828,#4598,#4599);
#4134=AXIS2_PLACEMENT_3D('',#5832,#4601,#4602);
#4135=AXIS2_PLACEMENT_3D('',#5834,#4604,#4605);
#4136=AXIS2_PLACEMENT_3D('',#5849,#4608,#4609);
#4137=AXIS2_PLACEMENT_3D('',#5854,#4612,#4613);
#4138=AXIS2_PLACEMENT_3D('',#5855,#4614,#4615);
#4139=AXIS2_PLACEMENT_3D('',#5858,#4616,#4617);
#4140=AXIS2_PLACEMENT_3D('',#5862,#4619,#4620);
#4141=AXIS2_PLACEMENT_3D('',#5864,#4622,#4623);
#4142=AXIS2_PLACEMENT_3D('',#5879,#4626,#4627);
#4143=AXIS2_PLACEMENT_3D('',#5884,#4630,#4631);
#4144=AXIS2_PLACEMENT_3D('',#5885,#4632,#4633);
#4145=AXIS2_PLACEMENT_3D('',#5888,#4634,#4635);
#4146=AXIS2_PLACEMENT_3D('',#5892,#4637,#4638);
#4147=AXIS2_PLACEMENT_3D('',#5894,#4640,#4641);
#4148=AXIS2_PLACEMENT_3D('',#5909,#4644,#4645);
#4149=AXIS2_PLACEMENT_3D('',#5914,#4648,#4649);
#4150=AXIS2_PLACEMENT_3D('',#5915,#4650,#4651);
#4151=AXIS2_PLACEMENT_3D('',#5918,#4652,#4653);
#4152=AXIS2_PLACEMENT_3D('',#5922,#4655,#4656);
#4153=AXIS2_PLACEMENT_3D('',#5924,#4658,#4659);
#4154=AXIS2_PLACEMENT_3D('',#5939,#4662,#4663);
#4155=AXIS2_PLACEMENT_3D('',#5944,#4666,#4667);
#4156=AXIS2_PLACEMENT_3D('',#5945,#4668,#4669);
#4157=AXIS2_PLACEMENT_3D('',#5948,#4670,#4671);
#4158=AXIS2_PLACEMENT_3D('',#5952,#4673,#4674);
#4159=AXIS2_PLACEMENT_3D('',#5954,#4676,#4677);
#4160=AXIS2_PLACEMENT_3D('',#5969,#4680,#4681);
#4161=AXIS2_PLACEMENT_3D('',#5974,#4684,#4685);
#4162=AXIS2_PLACEMENT_3D('',#5975,#4686,#4687);
#4163=AXIS2_PLACEMENT_3D('',#5993,#4691,#4692);
#4164=AXIS2_PLACEMENT_3D('',#5995,#4693,#4694);
#4165=AXIS2_PLACEMENT_3D('',#5997,#4695,#4696);
#4166=AXIS2_PLACEMENT_3D('',#5999,#4698,#4699);
#4167=AXIS2_PLACEMENT_3D('',#6000,#4700,#4701);
#4168=AXIS2_PLACEMENT_3D('',#6001,#4702,#4703);
#4169=AXIS2_PLACEMENT_3D('',#6002,#4704,#4705);
#4170=AXIS2_PLACEMENT_3D('',#6003,#4706,#4707);
#4171=AXIS2_PLACEMENT_3D('',#6004,#4708,#4709);
#4172=AXIS2_PLACEMENT_3D('',#6005,#4710,#4711);
#4173=AXIS2_PLACEMENT_3D('',#6006,#4712,#4713);
#4174=AXIS2_PLACEMENT_3D('',#6007,#4714,#4715);
#4175=AXIS2_PLACEMENT_3D('',#6008,#4716,#4717);
#4176=AXIS2_PLACEMENT_3D('',#6009,#4718,#4719);
#4177=AXIS2_PLACEMENT_3D('',#6010,#4720,#4721);
#4178=AXIS2_PLACEMENT_3D('',#6011,#4722,#4723);
#4179=AXIS2_PLACEMENT_3D('',#6012,#4724,#4725);
#4180=AXIS2_PLACEMENT_3D('',#6013,#4726,#4727);
#4181=AXIS2_PLACEMENT_3D('',#6014,#4728,#4729);
#4182=AXIS2_PLACEMENT_3D('',#6015,#4730,#4731);
#4183=AXIS2_PLACEMENT_3D('',#6016,#4732,#4733);
#4184=AXIS2_PLACEMENT_3D('',#6017,#4734,#4735);
#4185=AXIS2_PLACEMENT_3D('',#6018,#4736,#4737);
#4186=AXIS2_PLACEMENT_3D('',#6019,#4738,#4739);
#4187=AXIS2_PLACEMENT_3D('',#6020,#4740,#4741);
#4188=AXIS2_PLACEMENT_3D('',#6022,#4742,#4743);
#4189=AXIS2_PLACEMENT_3D('',#6025,#4745,#4746);
#4190=AXIS2_PLACEMENT_3D('',#6026,#4747,#4748);
#4191=AXIS2_PLACEMENT_3D('',#6031,#4751,#4752);
#4192=AXIS2_PLACEMENT_3D('',#6032,#4753,#4754);
#4193=AXIS2_PLACEMENT_3D('',#6034,#4755,#4756);
#4194=AXIS2_PLACEMENT_3D('',#6047,#4757,#4758);
#4195=AXIS2_PLACEMENT_3D('',#6048,#4759,#4760);
#4196=AXIS2_PLACEMENT_3D('',#6050,#4761,#4762);
#4197=AXIS2_PLACEMENT_3D('',#6052,#4763,#4764);
#4198=AXIS2_PLACEMENT_3D('',#6065,#4765,#4766);
#4199=AXIS2_PLACEMENT_3D('',#6067,#4767,#4768);
#4200=AXIS2_PLACEMENT_3D('',#6069,#4769,#4770);
#4201=AXIS2_PLACEMENT_3D('',#6082,#4771,#4772);
#4202=AXIS2_PLACEMENT_3D('',#6084,#4773,#4774);
#4203=AXIS2_PLACEMENT_3D('',#6086,#4775,#4776);
#4204=AXIS2_PLACEMENT_3D('',#6099,#4777,#4778);
#4205=AXIS2_PLACEMENT_3D('',#6101,#4779,#4780);
#4206=AXIS2_PLACEMENT_3D('',#6103,#4781,#4782);
#4207=AXIS2_PLACEMENT_3D('',#6116,#4783,#4784);
#4208=AXIS2_PLACEMENT_3D('',#6118,#4785,#4786);
#4209=AXIS2_PLACEMENT_3D('',#6120,#4787,#4788);
#4210=AXIS2_PLACEMENT_3D('',#6133,#4789,#4790);
#4211=AXIS2_PLACEMENT_3D('',#6135,#4791,#4792);
#4212=AXIS2_PLACEMENT_3D('',#6137,#4793,#4794);
#4213=AXIS2_PLACEMENT_3D('',#6150,#4795,#4796);
#4214=AXIS2_PLACEMENT_3D('',#6152,#4797,#4798);
#4215=AXIS2_PLACEMENT_3D('',#6154,#4799,#4800);
#4216=AXIS2_PLACEMENT_3D('',#6167,#4801,#4802);
#4217=AXIS2_PLACEMENT_3D('',#6168,#4803,#4804);
#4218=AXIS2_PLACEMENT_3D('',#6169,#4805,#4806);
#4219=AXIS2_PLACEMENT_3D('',#6173,#4809,#4810);
#4220=AXIS2_PLACEMENT_3D('',#6175,#4811,#4812);
#4221=AXIS2_PLACEMENT_3D('',#6177,#4814,#4815);
#4222=AXIS2_PLACEMENT_3D('',#6181,#4818,#4819);
#4223=AXIS2_PLACEMENT_3D('',#6183,#4820,#4821);
#4224=AXIS2_PLACEMENT_3D('',#6185,#4823,#4824);
#4225=AXIS2_PLACEMENT_3D('',#6189,#4827,#4828);
#4226=AXIS2_PLACEMENT_3D('',#6191,#4829,#4830);
#4227=AXIS2_PLACEMENT_3D('',#6193,#4832,#4833);
#4228=AXIS2_PLACEMENT_3D('',#6197,#4836,#4837);
#4229=AXIS2_PLACEMENT_3D('',#6199,#4838,#4839);
#4230=AXIS2_PLACEMENT_3D('',#6201,#4841,#4842);
#4231=AXIS2_PLACEMENT_3D('',#6205,#4845,#4846);
#4232=AXIS2_PLACEMENT_3D('',#6207,#4847,#4848);
#4233=AXIS2_PLACEMENT_3D('',#6209,#4850,#4851);
#4234=AXIS2_PLACEMENT_3D('',#6213,#4854,#4855);
#4235=AXIS2_PLACEMENT_3D('',#6215,#4856,#4857);
#4236=AXIS2_PLACEMENT_3D('',#6217,#4859,#4860);
#4237=AXIS2_PLACEMENT_3D('',#6221,#4863,#4864);
#4238=AXIS2_PLACEMENT_3D('',#6223,#4865,#4866);
#4239=AXIS2_PLACEMENT_3D('',#6225,#4868,#4869);
#4240=AXIS2_PLACEMENT_3D('',#6229,#4872,#4873);
#4241=AXIS2_PLACEMENT_3D('',#6231,#4874,#4875);
#4242=AXIS2_PLACEMENT_3D('',#6233,#4877,#4878);
#4243=AXIS2_PLACEMENT_3D('',#6237,#4881,#4882);
#4244=AXIS2_PLACEMENT_3D('',#6239,#4883,#4884);
#4245=AXIS2_PLACEMENT_3D('',#6241,#4886,#4887);
#4246=AXIS2_PLACEMENT_3D('',#6245,#4890,#4891);
#4247=AXIS2_PLACEMENT_3D('',#6247,#4892,#4893);
#4248=AXIS2_PLACEMENT_3D('',#6249,#4895,#4896);
#4249=AXIS2_PLACEMENT_3D('',#6253,#4899,#4900);
#4250=AXIS2_PLACEMENT_3D('',#6255,#4901,#4902);
#4251=AXIS2_PLACEMENT_3D('',#6257,#4904,#4905);
#4252=AXIS2_PLACEMENT_3D('',#6261,#4908,#4909);
#4253=AXIS2_PLACEMENT_3D('',#6263,#4910,#4911);
#4254=AXIS2_PLACEMENT_3D('',#6265,#4913,#4914);
#4255=AXIS2_PLACEMENT_3D('',#6269,#4917,#4918);
#4256=AXIS2_PLACEMENT_3D('',#6271,#4919,#4920);
#4257=AXIS2_PLACEMENT_3D('',#6273,#4922,#4923);
#4258=AXIS2_PLACEMENT_3D('',#6277,#4926,#4927);
#4259=AXIS2_PLACEMENT_3D('',#6279,#4928,#4929);
#4260=AXIS2_PLACEMENT_3D('',#6281,#4931,#4932);
#4261=AXIS2_PLACEMENT_3D('',#6285,#4935,#4936);
#4262=AXIS2_PLACEMENT_3D('',#6287,#4937,#4938);
#4263=AXIS2_PLACEMENT_3D('',#6289,#4940,#4941);
#4264=AXIS2_PLACEMENT_3D('',#6293,#4944,#4945);
#4265=AXIS2_PLACEMENT_3D('',#6294,#4946,#4947);
#4266=AXIS2_PLACEMENT_3D('',#6295,#4948,#4949);
#4267=AXIS2_PLACEMENT_3D('',#6297,#4950,#4951);
#4268=AXIS2_PLACEMENT_3D('',#6299,#4953,#4954);
#4269=AXIS2_PLACEMENT_3D('',#6300,#4955,#4956);
#4270=AXIS2_PLACEMENT_3D('',#6303,#4957,#4958);
#4271=AXIS2_PLACEMENT_3D('',#6306,#4960,#4961);
#4272=AXIS2_PLACEMENT_3D('',#6307,#4962,#4963);
#4273=AXIS2_PLACEMENT_3D('',#6308,#4964,#4965);
#4274=AXIS2_PLACEMENT_3D('',#6309,#4966,#4967);
#4275=AXIS2_PLACEMENT_3D('',#6311,#4968,#4969);
#4276=AXIS2_PLACEMENT_3D('',#6313,#4970,#4971);
#4277=AXIS2_PLACEMENT_3D('',#6314,#4972,#4973);
#4278=AXIS2_PLACEMENT_3D('',#6316,#4974,#4975);
#4279=AXIS2_PLACEMENT_3D('',#6319,#4977,#4978);
#4280=AXIS2_PLACEMENT_3D('',#6320,#4979,#4980);
#4281=AXIS2_PLACEMENT_3D('',#6321,#4981,#4982);
#4282=AXIS2_PLACEMENT_3D('',#6323,#4983,#4984);
#4283=AXIS2_PLACEMENT_3D('',#6326,#4986,#4987);
#4284=AXIS2_PLACEMENT_3D('',#6327,#4988,#4989);
#4285=AXIS2_PLACEMENT_3D('',#6328,#4990,#4991);
#4286=AXIS2_PLACEMENT_3D('',#6337,#4996,#4997);
#4287=AXIS2_PLACEMENT_3D('',#6339,#4998,#4999);
#4288=AXIS2_PLACEMENT_3D('',#6342,#5001,#5002);
#4289=AXIS2_PLACEMENT_3D('',#6343,#5003,#5004);
#4290=AXIS2_PLACEMENT_3D('',#6349,#5008,#5009);
#4291=AXIS2_PLACEMENT_3D('',#6350,#5010,#5011);
#4292=AXIS2_PLACEMENT_3D('',#6351,#5012,#5013);
#4293=AXIS2_PLACEMENT_3D('',#6352,#5014,#5015);
#4294=AXIS2_PLACEMENT_3D('',#6353,#5016,#5017);
#4295=AXIS2_PLACEMENT_3D('',#6362,#5022,#5023);
#4296=AXIS2_PLACEMENT_3D('',#6364,#5024,#5025);
#4297=AXIS2_PLACEMENT_3D('',#6367,#5027,#5028);
#4298=AXIS2_PLACEMENT_3D('',#6368,#5029,#5030);
#4299=AXIS2_PLACEMENT_3D('',#6374,#5034,#5035);
#4300=AXIS2_PLACEMENT_3D('',#6375,#5036,#5037);
#4301=AXIS2_PLACEMENT_3D('',#6376,#5038,#5039);
#4302=AXIS2_PLACEMENT_3D('',#6377,#5040,#5041);
#4303=AXIS2_PLACEMENT_3D('',#6378,#5042,#5043);
#4304=AXIS2_PLACEMENT_3D('',#6387,#5048,#5049);
#4305=AXIS2_PLACEMENT_3D('',#6389,#5050,#5051);
#4306=AXIS2_PLACEMENT_3D('',#6392,#5053,#5054);
#4307=AXIS2_PLACEMENT_3D('',#6393,#5055,#5056);
#4308=AXIS2_PLACEMENT_3D('',#6399,#5060,#5061);
#4309=AXIS2_PLACEMENT_3D('',#6400,#5062,#5063);
#4310=AXIS2_PLACEMENT_3D('',#6401,#5064,#5065);
#4311=AXIS2_PLACEMENT_3D('',#6402,#5066,#5067);
#4312=AXIS2_PLACEMENT_3D('',#6403,#5068,#5069);
#4313=AXIS2_PLACEMENT_3D('',#6412,#5074,#5075);
#4314=AXIS2_PLACEMENT_3D('',#6414,#5076,#5077);
#4315=AXIS2_PLACEMENT_3D('',#6417,#5079,#5080);
#4316=AXIS2_PLACEMENT_3D('',#6418,#5081,#5082);
#4317=AXIS2_PLACEMENT_3D('',#6424,#5086,#5087);
#4318=AXIS2_PLACEMENT_3D('',#6425,#5088,#5089);
#4319=AXIS2_PLACEMENT_3D('',#6426,#5090,#5091);
#4320=AXIS2_PLACEMENT_3D('',#6427,#5092,#5093);
#4321=AXIS2_PLACEMENT_3D('',#6428,#5094,#5095);
#4322=AXIS2_PLACEMENT_3D('',#6437,#5100,#5101);
#4323=AXIS2_PLACEMENT_3D('',#6439,#5102,#5103);
#4324=AXIS2_PLACEMENT_3D('',#6442,#5105,#5106);
#4325=AXIS2_PLACEMENT_3D('',#6443,#5107,#5108);
#4326=AXIS2_PLACEMENT_3D('',#6449,#5112,#5113);
#4327=AXIS2_PLACEMENT_3D('',#6450,#5114,#5115);
#4328=AXIS2_PLACEMENT_3D('',#6451,#5116,#5117);
#4329=AXIS2_PLACEMENT_3D('',#6452,#5118,#5119);
#4330=AXIS2_PLACEMENT_3D('',#6453,#5120,#5121);
#4331=AXIS2_PLACEMENT_3D('',#6455,#5122,#5123);
#4332=AXIS2_PLACEMENT_3D('',#6458,#5125,#5126);
#4333=AXIS2_PLACEMENT_3D('',#6459,#5127,#5128);
#4334=AXIS2_PLACEMENT_3D('',#6460,#5129,#5130);
#4335=AXIS2_PLACEMENT_3D('',#6462,#5131,#5132);
#4336=AXIS2_PLACEMENT_3D('',#6465,#5134,#5135);
#4337=AXIS2_PLACEMENT_3D('',#6466,#5136,#5137);
#4338=AXIS2_PLACEMENT_3D('',#6467,#5138,#5139);
#4339=AXIS2_PLACEMENT_3D('',#6469,#5140,#5141);
#4340=AXIS2_PLACEMENT_3D('',#6472,#5143,#5144);
#4341=AXIS2_PLACEMENT_3D('',#6473,#5145,#5146);
#4342=AXIS2_PLACEMENT_3D('',#6474,#5147,#5148);
#4343=AXIS2_PLACEMENT_3D('',#6476,#5149,#5150);
#4344=AXIS2_PLACEMENT_3D('',#6479,#5152,#5153);
#4345=AXIS2_PLACEMENT_3D('',#6480,#5154,#5155);
#4346=AXIS2_PLACEMENT_3D('',#6481,#5156,#5157);
#4347=AXIS2_PLACEMENT_3D('',#6484,#5158,#5159);
#4348=AXIS2_PLACEMENT_3D('',#6488,#5161,#5162);
#4349=AXIS2_PLACEMENT_3D('',#6490,#5164,#5165);
#4350=AXIS2_PLACEMENT_3D('',#6496,#5169,#5170);
#4351=AXIS2_PLACEMENT_3D('',#6498,#5171,#5172);
#4352=AXIS2_PLACEMENT_3D('',#6501,#5174,#5175);
#4353=AXIS2_PLACEMENT_3D('',#6502,#5176,#5177);
#4354=AXIS2_PLACEMENT_3D('',#6505,#5180,#5181);
#4355=AXIS2_PLACEMENT_3D('',#6506,#5182,#5183);
#4356=AXIS2_PLACEMENT_3D('',#6515,#5188,#5189);
#4357=AXIS2_PLACEMENT_3D('',#6517,#5190,#5191);
#4358=AXIS2_PLACEMENT_3D('',#6520,#5193,#5194);
#4359=AXIS2_PLACEMENT_3D('',#6521,#5195,#5196);
#4360=AXIS2_PLACEMENT_3D('',#6527,#5200,#5201);
#4361=AXIS2_PLACEMENT_3D('',#6528,#5202,#5203);
#4362=AXIS2_PLACEMENT_3D('',#6529,#5204,#5205);
#4363=AXIS2_PLACEMENT_3D('',#6530,#5206,#5207);
#4364=AXIS2_PLACEMENT_3D('',#6531,#5208,#5209);
#4365=AXIS2_PLACEMENT_3D('',#6540,#5214,#5215);
#4366=AXIS2_PLACEMENT_3D('',#6542,#5216,#5217);
#4367=AXIS2_PLACEMENT_3D('',#6545,#5219,#5220);
#4368=AXIS2_PLACEMENT_3D('',#6546,#5221,#5222);
#4369=AXIS2_PLACEMENT_3D('',#6552,#5226,#5227);
#4370=AXIS2_PLACEMENT_3D('',#6553,#5228,#5229);
#4371=AXIS2_PLACEMENT_3D('',#6554,#5230,#5231);
#4372=AXIS2_PLACEMENT_3D('',#6555,#5232,#5233);
#4373=AXIS2_PLACEMENT_3D('',#6556,#5234,#5235);
#4374=AXIS2_PLACEMENT_3D('',#6565,#5240,#5241);
#4375=AXIS2_PLACEMENT_3D('',#6567,#5242,#5243);
#4376=AXIS2_PLACEMENT_3D('',#6570,#5245,#5246);
#4377=AXIS2_PLACEMENT_3D('',#6571,#5247,#5248);
#4378=AXIS2_PLACEMENT_3D('',#6577,#5252,#5253);
#4379=AXIS2_PLACEMENT_3D('',#6578,#5254,#5255);
#4380=AXIS2_PLACEMENT_3D('',#6579,#5256,#5257);
#4381=AXIS2_PLACEMENT_3D('',#6580,#5258,#5259);
#4382=AXIS2_PLACEMENT_3D('',#6581,#5260,#5261);
#4383=AXIS2_PLACEMENT_3D('',#6583,#5262,#5263);
#4384=AXIS2_PLACEMENT_3D('',#6586,#5265,#5266);
#4385=AXIS2_PLACEMENT_3D('',#6587,#5267,#5268);
#4386=AXIS2_PLACEMENT_3D('',#6588,#5269,#5270);
#4387=AXIS2_PLACEMENT_3D('',#6590,#5271,#5272);
#4388=AXIS2_PLACEMENT_3D('',#6593,#5274,#5275);
#4389=AXIS2_PLACEMENT_3D('',#6594,#5276,#5277);
#4390=AXIS2_PLACEMENT_3D('',#6595,#5278,#5279);
#4391=AXIS2_PLACEMENT_3D('',#6597,#5280,#5281);
#4392=AXIS2_PLACEMENT_3D('',#6600,#5283,#5284);
#4393=AXIS2_PLACEMENT_3D('',#6601,#5285,#5286);
#4394=AXIS2_PLACEMENT_3D('',#6602,#5287,#5288);
#4395=AXIS2_PLACEMENT_3D('',#6604,#5289,#5290);
#4396=AXIS2_PLACEMENT_3D('',#6607,#5292,#5293);
#4397=AXIS2_PLACEMENT_3D('',#6608,#5294,#5295);
#4398=AXIS2_PLACEMENT_3D('',#6617,#5300,#5301);
#4399=AXIS2_PLACEMENT_3D('',#6619,#5302,#5303);
#4400=AXIS2_PLACEMENT_3D('',#6622,#5305,#5306);
#4401=AXIS2_PLACEMENT_3D('',#6624,#5308,#5309);
#4402=AXIS2_PLACEMENT_3D('',#6631,#5314,#5315);
#4403=AXIS2_PLACEMENT_3D('',#6633,#5316,#5317);
#4404=AXIS2_PLACEMENT_3D('',#6636,#5319,#5320);
#4405=AXIS2_PLACEMENT_3D('',#6638,#5322,#5323);
#4406=AXIS2_PLACEMENT_3D('',#6645,#5328,#5329);
#4407=AXIS2_PLACEMENT_3D('',#6647,#5330,#5331);
#4408=AXIS2_PLACEMENT_3D('',#6650,#5333,#5334);
#4409=AXIS2_PLACEMENT_3D('',#6652,#5336,#5337);
#4410=AXIS2_PLACEMENT_3D('',#6659,#5342,#5343);
#4411=AXIS2_PLACEMENT_3D('',#6661,#5344,#5345);
#4412=AXIS2_PLACEMENT_3D('',#6664,#5347,#5348);
#4413=AXIS2_PLACEMENT_3D('',#6666,#5350,#5351);
#4414=AXIS2_PLACEMENT_3D('',#6673,#5356,#5357);
#4415=AXIS2_PLACEMENT_3D('',#6675,#5358,#5359);
#4416=AXIS2_PLACEMENT_3D('',#6678,#5361,#5362);
#4417=AXIS2_PLACEMENT_3D('',#6680,#5364,#5365);
#4418=AXIS2_PLACEMENT_3D('',#6687,#5370,#5371);
#4419=AXIS2_PLACEMENT_3D('',#6689,#5372,#5373);
#4420=AXIS2_PLACEMENT_3D('',#6692,#5375,#5376);
#4421=AXIS2_PLACEMENT_3D('',#6694,#5378,#5379);
#4422=AXIS2_PLACEMENT_3D('',#6701,#5384,#5385);
#4423=AXIS2_PLACEMENT_3D('',#6703,#5386,#5387);
#4424=AXIS2_PLACEMENT_3D('',#6706,#5389,#5390);
#4425=AXIS2_PLACEMENT_3D('',#6708,#5392,#5393);
#4426=AXIS2_PLACEMENT_3D('',#6715,#5398,#5399);
#4427=AXIS2_PLACEMENT_3D('',#6717,#5400,#5401);
#4428=AXIS2_PLACEMENT_3D('',#6720,#5403,#5404);
#4429=AXIS2_PLACEMENT_3D('',#6722,#5406,#5407);
#4430=AXIS2_PLACEMENT_3D('',#6729,#5412,#5413);
#4431=AXIS2_PLACEMENT_3D('',#6730,#5414,#5415);
#4432=AXIS2_PLACEMENT_3D('',#6732,#5417,#5418);
#4433=AXIS2_PLACEMENT_3D('',#6734,#5420,#5421);
#4434=AXIS2_PLACEMENT_3D('',#6735,#5422,#5423);
#4435=AXIS2_PLACEMENT_3D('',#6736,#5424,#5425);
#4436=AXIS2_PLACEMENT_3D('',#6737,#5426,#5427);
#4437=AXIS2_PLACEMENT_3D('',#6738,#5428,#5429);
#4438=AXIS2_PLACEMENT_3D('',#6742,#5431,#5432);
#4439=AXIS2_PLACEMENT_3D('',#6746,#5435,#5436);
#4440=AXIS2_PLACEMENT_3D('',#6747,#5437,#5438);
#4441=AXIS2_PLACEMENT_3D('',#6748,#5439,#5440);
#4442=AXIS2_PLACEMENT_3D('',#6752,#5442,#5443);
#4443=AXIS2_PLACEMENT_3D('',#6756,#5446,#5447);
#4444=AXIS2_PLACEMENT_3D('',#6757,#5448,#5449);
#4445=AXIS2_PLACEMENT_3D('',#6758,#5450,#5451);
#4446=AXIS2_PLACEMENT_3D('',#6762,#5453,#5454);
#4447=AXIS2_PLACEMENT_3D('',#6766,#5457,#5458);
#4448=AXIS2_PLACEMENT_3D('',#6767,#5459,#5460);
#4449=AXIS2_PLACEMENT_3D('',#6768,#5461,#5462);
#4450=AXIS2_PLACEMENT_3D('',#6772,#5464,#5465);
#4451=AXIS2_PLACEMENT_3D('',#6776,#5468,#5469);
#4452=AXIS2_PLACEMENT_3D('',#6777,#5470,#5471);
#4453=AXIS2_PLACEMENT_3D('',#6778,#5472,#5473);
#4454=AXIS2_PLACEMENT_3D('',#6782,#5475,#5476);
#4455=AXIS2_PLACEMENT_3D('',#6784,#5477,#5478);
#4456=AXIS2_PLACEMENT_3D('',#6788,#5481,#5482);
#4457=AXIS2_PLACEMENT_3D('',#6789,#5483,#5484);
#4458=AXIS2_PLACEMENT_3D('',#6790,#5485,#5486);
#4459=AXIS2_PLACEMENT_3D('',#6794,#5488,#5489);
#4460=AXIS2_PLACEMENT_3D('',#6798,#5492,#5493);
#4461=AXIS2_PLACEMENT_3D('',#6799,#5494,#5495);
#4462=AXIS2_PLACEMENT_3D('',#6800,#5496,#5497);
#4463=AXIS2_PLACEMENT_3D('',#6804,#5499,#5500);
#4464=AXIS2_PLACEMENT_3D('',#6808,#5503,#5504);
#4465=AXIS2_PLACEMENT_3D('',#6809,#5505,#5506);
#4466=AXIS2_PLACEMENT_3D('',#6810,#5507,#5508);
#4467=AXIS2_PLACEMENT_3D('',#6814,#5510,#5511);
#4468=AXIS2_PLACEMENT_3D('',#6818,#5514,#5515);
#4469=AXIS2_PLACEMENT_3D('',#6819,#5516,#5517);
#4470=AXIS2_PLACEMENT_3D('',#6820,#5518,#5519);
#4471=AXIS2_PLACEMENT_3D('',#6824,#5521,#5522);
#4472=AXIS2_PLACEMENT_3D('',#6828,#5525,#5526);
#4473=AXIS2_PLACEMENT_3D('',#6841,#5530,#5531);
#4474=AXIS2_PLACEMENT_3D('',#6852,#5534,#5535);
#4475=AXIS2_PLACEMENT_3D('',#6862,#5538,#5539);
#4476=AXIS2_PLACEMENT_3D('',#6865,#5541,#5542);
#4477=AXIS2_PLACEMENT_3D('',#6866,#5543,#5544);
#4478=AXIS2_PLACEMENT_3D('',#6868,#5546,#5547);
#4479=AXIS2_PLACEMENT_3D('',#6869,#5548,#5549);
#4480=AXIS2_PLACEMENT_3D('',#6882,#5553,#5554);
#4481=AXIS2_PLACEMENT_3D('',#6893,#5557,#5558);
#4482=AXIS2_PLACEMENT_3D('',#6903,#5561,#5562);
#4483=AXIS2_PLACEMENT_3D('',#6906,#5564,#5565);
#4484=AXIS2_PLACEMENT_3D('',#6907,#5566,#5567);
#4485=AXIS2_PLACEMENT_3D('',#6909,#5569,#5570);
#4486=AXIS2_PLACEMENT_3D('',#6910,#5571,#5572);
#4487=AXIS2_PLACEMENT_3D('',#6923,#5576,#5577);
#4488=AXIS2_PLACEMENT_3D('',#6934,#5580,#5581);
#4489=AXIS2_PLACEMENT_3D('',#6944,#5584,#5585);
#4490=AXIS2_PLACEMENT_3D('',#6947,#5587,#5588);
#4491=AXIS2_PLACEMENT_3D('',#6948,#5589,#5590);
#4492=AXIS2_PLACEMENT_3D('',#6950,#5592,#5593);
#4493=AXIS2_PLACEMENT_3D('',#6951,#5594,#5595);
#4494=AXIS2_PLACEMENT_3D('',#6964,#5599,#5600);
#4495=AXIS2_PLACEMENT_3D('',#6975,#5603,#5604);
#4496=AXIS2_PLACEMENT_3D('',#6985,#5607,#5608);
#4497=AXIS2_PLACEMENT_3D('',#6988,#5610,#5611);
#4498=AXIS2_PLACEMENT_3D('',#6989,#5612,#5613);
#4499=AXIS2_PLACEMENT_3D('',#6991,#5615,#5616);
#4500=AXIS2_PLACEMENT_3D('',#6992,#5617,#5618);
#4501=AXIS2_PLACEMENT_3D('',#7005,#5622,#5623);
#4502=AXIS2_PLACEMENT_3D('',#7016,#5626,#5627);
#4503=AXIS2_PLACEMENT_3D('',#7026,#5630,#5631);
#4504=AXIS2_PLACEMENT_3D('',#7029,#5633,#5634);
#4505=AXIS2_PLACEMENT_3D('',#7030,#5635,#5636);
#4506=AXIS2_PLACEMENT_3D('',#7032,#5638,#5639);
#4507=AXIS2_PLACEMENT_3D('',#7033,#5640,#5641);
#4508=AXIS2_PLACEMENT_3D('',#7046,#5645,#5646);
#4509=AXIS2_PLACEMENT_3D('',#7057,#5649,#5650);
#4510=AXIS2_PLACEMENT_3D('',#7067,#5653,#5654);
#4511=AXIS2_PLACEMENT_3D('',#7070,#5656,#5657);
#4512=AXIS2_PLACEMENT_3D('',#7071,#5658,#5659);
#4513=AXIS2_PLACEMENT_3D('',#7073,#5661,#5662);
#4514=AXIS2_PLACEMENT_3D('',#7074,#5663,#5664);
#4515=AXIS2_PLACEMENT_3D('',#7087,#5668,#5669);
#4516=AXIS2_PLACEMENT_3D('',#7098,#5672,#5673);
#4517=AXIS2_PLACEMENT_3D('',#7108,#5676,#5677);
#4518=AXIS2_PLACEMENT_3D('',#7111,#5679,#5680);
#4519=AXIS2_PLACEMENT_3D('',#7112,#5681,#5682);
#4520=AXIS2_PLACEMENT_3D('',#7114,#5684,#5685);
#4521=AXIS2_PLACEMENT_3D('',#7115,#5686,#5687);
#4522=AXIS2_PLACEMENT_3D('',#7128,#5691,#5692);
#4523=AXIS2_PLACEMENT_3D('',#7139,#5695,#5696);
#4524=AXIS2_PLACEMENT_3D('',#7149,#5699,#5700);
#4525=AXIS2_PLACEMENT_3D('',#7152,#5702,#5703);
#4526=AXIS2_PLACEMENT_3D('',#7153,#5704,#5705);
#4527=AXIS2_PLACEMENT_3D('',#7155,#5707,#5708);
#4528=AXIS2_PLACEMENT_3D('',#7156,#5709,#5710);
#4529=AXIS2_PLACEMENT_3D('',#7169,#5714,#5715);
#4530=AXIS2_PLACEMENT_3D('',#7180,#5718,#5719);
#4531=AXIS2_PLACEMENT_3D('',#7190,#5722,#5723);
#4532=AXIS2_PLACEMENT_3D('',#7193,#5725,#5726);
#4533=AXIS2_PLACEMENT_3D('',#7194,#5727,#5728);
#4534=AXIS2_PLACEMENT_3D('',#7196,#5730,#5731);
#4535=AXIS2_PLACEMENT_3D('',#7197,#5732,#5733);
#4536=AXIS2_PLACEMENT_3D('',#7199,#5734,#5735);
#4537=AXIS2_PLACEMENT_3D('',#7201,#5736,#5737);
#4538=AXIS2_PLACEMENT_3D('',#7202,#5738,#5739);
#4539=AXIS2_PLACEMENT_3D('',#7203,#5740,#5741);
#4540=AXIS2_PLACEMENT_3D('',#7205,#5743,#5744);
#4541=AXIS2_PLACEMENT_3D('',#7208,#5745,#5746);
#4542=AXIS2_PLACEMENT_3D('',#7209,#5747,#5748);
#4543=AXIS2_PLACEMENT_3D('',#7210,#5749,#5750);
#4544=AXIS2_PLACEMENT_3D('',#7211,#5751,#5752);
#4545=DIRECTION('axis',(0.,0.,1.));
#4546=DIRECTION('refdir',(1.,0.,0.));
#4547=DIRECTION('center_axis',(0.,1.,0.));
#4548=DIRECTION('ref_axis',(-1.,0.,0.));
#4549=DIRECTION('center_axis',(0.,1.,0.));
#4550=DIRECTION('ref_axis',(-1.,0.,0.));
#4551=DIRECTION('',(0.,-1.,0.));
#4552=DIRECTION('center_axis',(0.,-1.,0.));
#4553=DIRECTION('ref_axis',(-1.,0.,0.));
#4554=DIRECTION('center_axis',(0.,1.,0.));
#4555=DIRECTION('ref_axis',(-1.,0.,0.));
#4556=DIRECTION('center_axis',(0.,1.,0.));
#4557=DIRECTION('ref_axis',(1.,0.,0.));
#4558=DIRECTION('center_axis',(0.,1.,0.));
#4559=DIRECTION('ref_axis',(1.,0.,0.));
#4560=DIRECTION('center_axis',(0.,-1.,0.));
#4561=DIRECTION('ref_axis',(0.,0.,-1.));
#4562=DIRECTION('center_axis',(0.,-1.,0.));
#4563=DIRECTION('ref_axis',(1.,0.,0.));
#4564=DIRECTION('',(-0.707106781186548,0.,0.707106781186547));
#4565=DIRECTION('center_axis',(0.,-1.,0.));
#4566=DIRECTION('ref_axis',(0.,0.,1.));
#4567=DIRECTION('',(0.707106781186548,0.,-0.707106781186547));
#4568=DIRECTION('center_axis',(-0.707106781186547,0.,-0.707106781186548));
#4569=DIRECTION('ref_axis',(0.707106781186548,0.,-0.707106781186547));
#4570=DIRECTION('',(0.,-1.,0.));
#4571=DIRECTION('',(0.707106781186548,0.,-0.707106781186547));
#4572=DIRECTION('center_axis',(0.707106781186547,0.,0.707106781186548));
#4573=DIRECTION('ref_axis',(-0.707106781186548,0.,0.707106781186547));
#4574=DIRECTION('',(0.,1.,0.));
#4575=DIRECTION('',(-0.707106781186548,0.,0.707106781186547));
#4576=DIRECTION('center_axis',(0.707106781186547,0.,0.707106781186548));
#4577=DIRECTION('ref_axis',(0.707106781186548,0.,-0.707106781186547));
#4578=DIRECTION('center_axis',(0.,-1.,0.));
#4579=DIRECTION('ref_axis',(0.,0.,-1.));
#4580=DIRECTION('center_axis',(0.,-1.,0.));
#4581=DIRECTION('ref_axis',(1.,0.,0.));
#4582=DIRECTION('',(-0.38268343236509,0.,0.923879532511287));
#4583=DIRECTION('center_axis',(0.,-1.,0.));
#4584=DIRECTION('ref_axis',(0.,0.,1.));
#4585=DIRECTION('',(0.38268343236509,0.,-0.923879532511287));
#4586=DIRECTION('center_axis',(-0.923879532511287,0.,-0.38268343236509));
#4587=DIRECTION('ref_axis',(0.38268343236509,0.,-0.923879532511287));
#4588=DIRECTION('',(0.,-1.,0.));
#4589=DIRECTION('',(0.38268343236509,0.,-0.923879532511287));
#4590=DIRECTION('center_axis',(0.923879532511287,0.,0.38268343236509));
#4591=DIRECTION('ref_axis',(-0.38268343236509,0.,0.923879532511287));
#4592=DIRECTION('',(0.,1.,0.));
#4593=DIRECTION('',(-0.38268343236509,0.,0.923879532511287));
#4594=DIRECTION('center_axis',(0.923879532511287,0.,0.38268343236509));
#4595=DIRECTION('ref_axis',(0.38268343236509,0.,-0.923879532511287));
#4596=DIRECTION('center_axis',(0.,-1.,0.));
#4597=DIRECTION('ref_axis',(0.,0.,-1.));
#4598=DIRECTION('center_axis',(0.,-1.,0.));
#4599=DIRECTION('ref_axis',(1.,0.,0.));
#4600=DIRECTION('',(-1.22464679914735E-16,0.,1.));
#4601=DIRECTION('center_axis',(0.,-1.,0.));
#4602=DIRECTION('ref_axis',(0.,0.,1.));
#4603=DIRECTION('',(1.22143248864578E-16,0.,-1.));
#4604=DIRECTION('center_axis',(-1.,0.,-1.22143248864578E-16));
#4605=DIRECTION('ref_axis',(1.22143248864578E-16,0.,-1.));
#4606=DIRECTION('',(0.,-1.,0.));
#4607=DIRECTION('',(1.22143248864578E-16,0.,-1.));
#4608=DIRECTION('center_axis',(1.,0.,1.22464679914735E-16));
#4609=DIRECTION('ref_axis',(-1.22464679914735E-16,0.,1.));
#4610=DIRECTION('',(0.,1.,0.));
#4611=DIRECTION('',(-1.22464679914735E-16,0.,1.));
#4612=DIRECTION('center_axis',(1.,0.,1.22464679914735E-16));
#4613=DIRECTION('ref_axis',(1.22464679914735E-16,0.,-1.));
#4614=DIRECTION('center_axis',(0.,-1.,0.));
#4615=DIRECTION('ref_axis',(0.,0.,-1.));
#4616=DIRECTION('center_axis',(0.,-1.,0.));
#4617=DIRECTION('ref_axis',(1.,0.,0.));
#4618=DIRECTION('',(0.38268343236509,0.,0.923879532511287));
#4619=DIRECTION('center_axis',(0.,-1.,0.));
#4620=DIRECTION('ref_axis',(0.,0.,1.));
#4621=DIRECTION('',(-0.38268343236509,0.,-0.923879532511287));
#4622=DIRECTION('center_axis',(-0.923879532511287,0.,0.38268343236509));
#4623=DIRECTION('ref_axis',(-0.38268343236509,0.,-0.923879532511287));
#4624=DIRECTION('',(0.,-1.,0.));
#4625=DIRECTION('',(-0.38268343236509,0.,-0.923879532511287));
#4626=DIRECTION('center_axis',(0.923879532511287,0.,-0.38268343236509));
#4627=DIRECTION('ref_axis',(0.38268343236509,0.,0.923879532511287));
#4628=DIRECTION('',(0.,1.,0.));
#4629=DIRECTION('',(0.38268343236509,0.,0.923879532511287));
#4630=DIRECTION('center_axis',(0.923879532511287,0.,-0.38268343236509));
#4631=DIRECTION('ref_axis',(-0.38268343236509,0.,-0.923879532511287));
#4632=DIRECTION('center_axis',(0.,-1.,0.));
#4633=DIRECTION('ref_axis',(0.,0.,-1.));
#4634=DIRECTION('center_axis',(0.,-1.,0.));
#4635=DIRECTION('ref_axis',(1.,0.,0.));
#4636=DIRECTION('',(0.707106781186547,0.,0.707106781186547));
#4637=DIRECTION('center_axis',(0.,-1.,0.));
#4638=DIRECTION('ref_axis',(0.,0.,1.));
#4639=DIRECTION('',(-0.707106781186547,0.,-0.707106781186547));
#4640=DIRECTION('center_axis',(-0.707106781186548,0.,0.707106781186548));
#4641=DIRECTION('ref_axis',(-0.707106781186548,0.,-0.707106781186548));
#4642=DIRECTION('',(0.,-1.,0.));
#4643=DIRECTION('',(-0.707106781186548,0.,-0.707106781186548));
#4644=DIRECTION('center_axis',(0.707106781186548,0.,-0.707106781186548));
#4645=DIRECTION('ref_axis',(0.707106781186548,0.,0.707106781186548));
#4646=DIRECTION('',(0.,1.,0.));
#4647=DIRECTION('',(0.707106781186548,0.,0.707106781186548));
#4648=DIRECTION('center_axis',(0.707106781186548,0.,-0.707106781186548));
#4649=DIRECTION('ref_axis',(-0.707106781186548,0.,-0.707106781186548));
#4650=DIRECTION('center_axis',(0.,-1.,0.));
#4651=DIRECTION('ref_axis',(0.,0.,-1.));
#4652=DIRECTION('center_axis',(0.,-1.,0.));
#4653=DIRECTION('ref_axis',(1.,0.,0.));
#4654=DIRECTION('',(0.923879532511287,0.,0.38268343236509));
#4655=DIRECTION('center_axis',(0.,-1.,0.));
#4656=DIRECTION('ref_axis',(0.,0.,1.));
#4657=DIRECTION('',(-0.923879532511287,0.,-0.38268343236509));
#4658=DIRECTION('center_axis',(-0.38268343236509,0.,0.923879532511287));
#4659=DIRECTION('ref_axis',(-0.923879532511287,0.,-0.38268343236509));
#4660=DIRECTION('',(0.,-1.,0.));
#4661=DIRECTION('',(-0.923879532511287,0.,-0.38268343236509));
#4662=DIRECTION('center_axis',(0.38268343236509,0.,-0.923879532511287));
#4663=DIRECTION('ref_axis',(0.923879532511287,0.,0.38268343236509));
#4664=DIRECTION('',(0.,1.,0.));
#4665=DIRECTION('',(0.923879532511287,0.,0.38268343236509));
#4666=DIRECTION('center_axis',(0.38268343236509,0.,-0.923879532511287));
#4667=DIRECTION('ref_axis',(-0.923879532511287,0.,-0.38268343236509));
#4668=DIRECTION('center_axis',(0.,-1.,0.));
#4669=DIRECTION('ref_axis',(0.,0.,-1.));
#4670=DIRECTION('center_axis',(0.,-1.,0.));
#4671=DIRECTION('ref_axis',(1.,0.,0.));
#4672=DIRECTION('',(1.,0.,2.22044604925031E-16));
#4673=DIRECTION('center_axis',(0.,-1.,0.));
#4674=DIRECTION('ref_axis',(0.,0.,1.));
#4675=DIRECTION('',(-1.,0.,-2.22078634299232E-16));
#4676=DIRECTION('center_axis',(-2.22078634299232E-16,0.,1.));
#4677=DIRECTION('ref_axis',(-1.,0.,-2.22078634299232E-16));
#4678=DIRECTION('',(0.,-1.,0.));
#4679=DIRECTION('',(-1.,0.,-2.22078634299232E-16));
#4680=DIRECTION('center_axis',(2.22044604925031E-16,0.,-1.));
#4681=DIRECTION('ref_axis',(1.,0.,2.22044604925031E-16));
#4682=DIRECTION('',(0.,1.,0.));
#4683=DIRECTION('',(1.,0.,2.22044604925031E-16));
#4684=DIRECTION('center_axis',(2.22044604925031E-16,0.,-1.));
#4685=DIRECTION('ref_axis',(-1.,0.,-2.22044604925031E-16));
#4686=DIRECTION('center_axis',(-0.38268343236509,0.,-0.923879532511287));
#4687=DIRECTION('ref_axis',(0.923879532511287,0.,-0.38268343236509));
#4688=DIRECTION('',(0.,-1.,0.));
#4689=DIRECTION('',(0.923879532511287,0.,-0.38268343236509));
#4690=DIRECTION('',(0.923879532511287,0.,-0.38268343236509));
#4691=DIRECTION('center_axis',(0.,1.,0.));
#4692=DIRECTION('ref_axis',(1.,0.,0.));
#4693=DIRECTION('center_axis',(0.,-1.,0.));
#4694=DIRECTION('ref_axis',(1.,0.,0.));
#4695=DIRECTION('center_axis',(0.,-1.,0.));
#4696=DIRECTION('ref_axis',(-1.,0.,0.));
#4697=DIRECTION('',(0.923879532511287,0.,-0.38268343236509));
#4698=DIRECTION('center_axis',(0.,1.,0.));
#4699=DIRECTION('ref_axis',(1.,0.,0.));
#4700=DIRECTION('center_axis',(0.,-1.,0.));
#4701=DIRECTION('ref_axis',(1.,0.,0.));
#4702=DIRECTION('center_axis',(0.,-1.,0.));
#4703=DIRECTION('ref_axis',(-1.,0.,0.));
#4704=DIRECTION('center_axis',(0.,1.,0.));
#4705=DIRECTION('ref_axis',(1.,0.,0.));
#4706=DIRECTION('center_axis',(0.,-1.,0.));
#4707=DIRECTION('ref_axis',(1.,0.,0.));
#4708=DIRECTION('center_axis',(0.,-1.,0.));
#4709=DIRECTION('ref_axis',(-1.,0.,0.));
#4710=DIRECTION('center_axis',(0.,1.,0.));
#4711=DIRECTION('ref_axis',(1.,0.,0.));
#4712=DIRECTION('center_axis',(0.,-1.,0.));
#4713=DIRECTION('ref_axis',(1.,0.,0.));
#4714=DIRECTION('center_axis',(0.,-1.,0.));
#4715=DIRECTION('ref_axis',(-1.,0.,0.));
#4716=DIRECTION('center_axis',(0.,1.,0.));
#4717=DIRECTION('ref_axis',(1.,0.,0.));
#4718=DIRECTION('center_axis',(0.,-1.,0.));
#4719=DIRECTION('ref_axis',(1.,0.,0.));
#4720=DIRECTION('center_axis',(0.,-1.,0.));
#4721=DIRECTION('ref_axis',(-1.,0.,0.));
#4722=DIRECTION('center_axis',(0.,1.,0.));
#4723=DIRECTION('ref_axis',(1.,0.,0.));
#4724=DIRECTION('center_axis',(0.,-1.,0.));
#4725=DIRECTION('ref_axis',(1.,0.,0.));
#4726=DIRECTION('center_axis',(0.,-1.,0.));
#4727=DIRECTION('ref_axis',(-1.,0.,0.));
#4728=DIRECTION('center_axis',(0.,1.,0.));
#4729=DIRECTION('ref_axis',(1.,0.,0.));
#4730=DIRECTION('center_axis',(0.,-1.,0.));
#4731=DIRECTION('ref_axis',(1.,0.,0.));
#4732=DIRECTION('center_axis',(0.,-1.,0.));
#4733=DIRECTION('ref_axis',(-1.,0.,0.));
#4734=DIRECTION('center_axis',(0.,1.,0.));
#4735=DIRECTION('ref_axis',(1.,0.,0.));
#4736=DIRECTION('center_axis',(0.,-1.,0.));
#4737=DIRECTION('ref_axis',(1.,0.,0.));
#4738=DIRECTION('center_axis',(0.,-1.,0.));
#4739=DIRECTION('ref_axis',(-1.,0.,0.));
#4740=DIRECTION('center_axis',(0.,-1.,0.));
#4741=DIRECTION('ref_axis',(0.,0.,-1.));
#4742=DIRECTION('center_axis',(0.,-1.,0.));
#4743=DIRECTION('ref_axis',(1.,0.,0.));
#4744=DIRECTION('',(-0.923879532511287,0.,0.38268343236509));
#4745=DIRECTION('center_axis',(0.,-1.,0.));
#4746=DIRECTION('ref_axis',(0.,0.,1.));
#4747=DIRECTION('center_axis',(0.38268343236509,0.,0.923879532511287));
#4748=DIRECTION('ref_axis',(-0.923879532511287,0.,0.38268343236509));
#4749=DIRECTION('',(0.,1.,0.));
#4750=DIRECTION('',(-0.923879532511287,0.,0.38268343236509));
#4751=DIRECTION('center_axis',(0.38268343236509,0.,0.923879532511287));
#4752=DIRECTION('ref_axis',(0.923879532511287,0.,-0.38268343236509));
#4753=DIRECTION('center_axis',(0.,1.,0.));
#4754=DIRECTION('ref_axis',(-1.,0.,0.));
#4755=DIRECTION('center_axis',(0.,-1.,0.));
#4756=DIRECTION('ref_axis',(-1.,0.,0.));
#4757=DIRECTION('center_axis',(0.,-1.,0.));
#4758=DIRECTION('ref_axis',(0.,0.,1.));
#4759=DIRECTION('center_axis',(1.22464679914735E-16,0.,-1.));
#4760=DIRECTION('ref_axis',(1.,0.,1.22464679914735E-16));
#4761=DIRECTION('center_axis',(2.22044604925031E-16,0.,1.));
#4762=DIRECTION('ref_axis',(1.,0.,-2.22044604925031E-16));
#4763=DIRECTION('center_axis',(0.,-1.,0.));
#4764=DIRECTION('ref_axis',(-1.,0.,0.));
#4765=DIRECTION('center_axis',(0.,-1.,0.));
#4766=DIRECTION('ref_axis',(0.,0.,1.));
#4767=DIRECTION('center_axis',(-0.38268343236509,0.,0.923879532511287));
#4768=DIRECTION('ref_axis',(0.923879532511287,0.,0.38268343236509));
#4769=DIRECTION('center_axis',(0.,-1.,0.));
#4770=DIRECTION('ref_axis',(-1.,0.,0.));
#4771=DIRECTION('center_axis',(0.,-1.,0.));
#4772=DIRECTION('ref_axis',(0.,0.,1.));
#4773=DIRECTION('center_axis',(-0.707106781186548,0.,0.707106781186548));
#4774=DIRECTION('ref_axis',(0.707106781186548,0.,0.707106781186548));
#4775=DIRECTION('center_axis',(0.,-1.,0.));
#4776=DIRECTION('ref_axis',(-1.,0.,0.));
#4777=DIRECTION('center_axis',(0.,-1.,0.));
#4778=DIRECTION('ref_axis',(0.,0.,1.));
#4779=DIRECTION('center_axis',(-0.923879532511287,0.,0.38268343236509));
#4780=DIRECTION('ref_axis',(0.38268343236509,0.,0.923879532511287));
#4781=DIRECTION('center_axis',(0.,-1.,0.));
#4782=DIRECTION('ref_axis',(-1.,0.,0.));
#4783=DIRECTION('center_axis',(0.,-1.,0.));
#4784=DIRECTION('ref_axis',(0.,0.,1.));
#4785=DIRECTION('center_axis',(-1.,0.,0.));
#4786=DIRECTION('ref_axis',(0.,0.,1.));
#4787=DIRECTION('center_axis',(0.,-1.,0.));
#4788=DIRECTION('ref_axis',(-1.,0.,0.));
#4789=DIRECTION('center_axis',(0.,-1.,0.));
#4790=DIRECTION('ref_axis',(0.,0.,1.));
#4791=DIRECTION('center_axis',(-0.923879532511287,0.,-0.38268343236509));
#4792=DIRECTION('ref_axis',(-0.38268343236509,0.,0.923879532511287));
#4793=DIRECTION('center_axis',(0.,-1.,0.));
#4794=DIRECTION('ref_axis',(-1.,0.,0.));
#4795=DIRECTION('center_axis',(0.,-1.,0.));
#4796=DIRECTION('ref_axis',(0.,0.,1.));
#4797=DIRECTION('center_axis',(-0.707106781186547,0.,-0.707106781186548));
#4798=DIRECTION('ref_axis',(-0.707106781186548,0.,0.707106781186547));
#4799=DIRECTION('center_axis',(0.,-1.,0.));
#4800=DIRECTION('ref_axis',(-1.,0.,0.));
#4801=DIRECTION('center_axis',(0.,-1.,0.));
#4802=DIRECTION('ref_axis',(0.,0.,1.));
#4803=DIRECTION('center_axis',(-0.38268343236509,0.,-0.923879532511287));
#4804=DIRECTION('ref_axis',(-0.923879532511287,0.,0.38268343236509));
#4805=DIRECTION('center_axis',(-0.38268343236509,0.,-0.923879532511287));
#4806=DIRECTION('ref_axis',(0.923879532511287,0.,-0.38268343236509));
#4807=DIRECTION('',(0.,1.,0.));
#4808=DIRECTION('',(0.923879532511287,0.,-0.38268343236509));
#4809=DIRECTION('center_axis',(0.,-1.,0.));
#4810=DIRECTION('ref_axis',(0.,0.,-1.));
#4811=DIRECTION('center_axis',(0.,-1.,0.));
#4812=DIRECTION('ref_axis',(1.,0.,0.));
#4813=DIRECTION('',(-0.923879532511287,0.,0.38268343236509));
#4814=DIRECTION('center_axis',(0.38268343236509,0.,0.923879532511287));
#4815=DIRECTION('ref_axis',(-0.923879532511287,0.,0.38268343236509));
#4816=DIRECTION('',(0.,-1.,0.));
#4817=DIRECTION('',(-0.923879532511287,0.,0.38268343236509));
#4818=DIRECTION('center_axis',(0.,1.,0.));
#4819=DIRECTION('ref_axis',(1.,0.,0.));
#4820=DIRECTION('center_axis',(0.,-1.,0.));
#4821=DIRECTION('ref_axis',(1.,0.,0.));
#4822=DIRECTION('',(0.707106781186548,0.,-0.707106781186547));
#4823=DIRECTION('center_axis',(-0.707106781186547,0.,-0.707106781186548));
#4824=DIRECTION('ref_axis',(0.707106781186548,0.,-0.707106781186547));
#4825=DIRECTION('',(0.,1.,0.));
#4826=DIRECTION('',(0.707106781186548,0.,-0.707106781186547));
#4827=DIRECTION('center_axis',(0.,-1.,0.));
#4828=DIRECTION('ref_axis',(0.,0.,-1.));
#4829=DIRECTION('center_axis',(0.,-1.,0.));
#4830=DIRECTION('ref_axis',(1.,0.,0.));
#4831=DIRECTION('',(-0.707106781186548,0.,0.707106781186547));
#4832=DIRECTION('center_axis',(0.707106781186547,0.,0.707106781186548));
#4833=DIRECTION('ref_axis',(-0.707106781186548,0.,0.707106781186547));
#4834=DIRECTION('',(0.,-1.,0.));
#4835=DIRECTION('',(-0.707106781186548,0.,0.707106781186547));
#4836=DIRECTION('center_axis',(0.,1.,0.));
#4837=DIRECTION('ref_axis',(1.,0.,0.));
#4838=DIRECTION('center_axis',(0.,-1.,0.));
#4839=DIRECTION('ref_axis',(1.,0.,0.));
#4840=DIRECTION('',(0.38268343236509,0.,-0.923879532511286));
#4841=DIRECTION('center_axis',(-0.923879532511287,0.,-0.38268343236509));
#4842=DIRECTION('ref_axis',(0.38268343236509,0.,-0.923879532511286));
#4843=DIRECTION('',(0.,1.,0.));
#4844=DIRECTION('',(0.38268343236509,0.,-0.923879532511286));
#4845=DIRECTION('center_axis',(0.,-1.,0.));
#4846=DIRECTION('ref_axis',(0.,0.,-1.));
#4847=DIRECTION('center_axis',(0.,-1.,0.));
#4848=DIRECTION('ref_axis',(1.,0.,0.));
#4849=DIRECTION('',(-0.38268343236509,0.,0.923879532511286));
#4850=DIRECTION('center_axis',(0.923879532511287,0.,0.38268343236509));
#4851=DIRECTION('ref_axis',(-0.38268343236509,0.,0.923879532511286));
#4852=DIRECTION('',(0.,-1.,0.));
#4853=DIRECTION('',(-0.38268343236509,0.,0.923879532511286));
#4854=DIRECTION('center_axis',(0.,1.,0.));
#4855=DIRECTION('ref_axis',(1.,0.,0.));
#4856=DIRECTION('center_axis',(0.,-1.,0.));
#4857=DIRECTION('ref_axis',(1.,0.,0.));
#4858=DIRECTION('',(0.,0.,-1.));
#4859=DIRECTION('center_axis',(-1.,0.,0.));
#4860=DIRECTION('ref_axis',(0.,0.,-1.));
#4861=DIRECTION('',(0.,1.,0.));
#4862=DIRECTION('',(0.,0.,-1.));
#4863=DIRECTION('center_axis',(0.,-1.,0.));
#4864=DIRECTION('ref_axis',(0.,0.,-1.));
#4865=DIRECTION('center_axis',(0.,-1.,0.));
#4866=DIRECTION('ref_axis',(1.,0.,0.));
#4867=DIRECTION('',(0.,0.,1.));
#4868=DIRECTION('center_axis',(1.,0.,0.));
#4869=DIRECTION('ref_axis',(0.,0.,1.));
#4870=DIRECTION('',(0.,-1.,0.));
#4871=DIRECTION('',(0.,0.,1.));
#4872=DIRECTION('center_axis',(0.,1.,0.));
#4873=DIRECTION('ref_axis',(1.,0.,0.));
#4874=DIRECTION('center_axis',(0.,-1.,0.));
#4875=DIRECTION('ref_axis',(1.,0.,0.));
#4876=DIRECTION('',(-0.38268343236509,0.,-0.923879532511287));
#4877=DIRECTION('center_axis',(-0.923879532511287,0.,0.38268343236509));
#4878=DIRECTION('ref_axis',(-0.38268343236509,0.,-0.923879532511287));
#4879=DIRECTION('',(0.,1.,0.));
#4880=DIRECTION('',(-0.38268343236509,0.,-0.923879532511287));
#4881=DIRECTION('center_axis',(0.,-1.,0.));
#4882=DIRECTION('ref_axis',(0.,0.,-1.));
#4883=DIRECTION('center_axis',(0.,-1.,0.));
#4884=DIRECTION('ref_axis',(1.,0.,0.));
#4885=DIRECTION('',(0.38268343236509,0.,0.923879532511287));
#4886=DIRECTION('center_axis',(0.923879532511287,0.,-0.38268343236509));
#4887=DIRECTION('ref_axis',(0.38268343236509,0.,0.923879532511287));
#4888=DIRECTION('',(0.,-1.,0.));
#4889=DIRECTION('',(0.38268343236509,0.,0.923879532511287));
#4890=DIRECTION('center_axis',(0.,1.,0.));
#4891=DIRECTION('ref_axis',(1.,0.,0.));
#4892=DIRECTION('center_axis',(0.,-1.,0.));
#4893=DIRECTION('ref_axis',(1.,0.,0.));
#4894=DIRECTION('',(-0.707106781186548,0.,-0.707106781186548));
#4895=DIRECTION('center_axis',(-0.707106781186548,0.,0.707106781186548));
#4896=DIRECTION('ref_axis',(-0.707106781186548,0.,-0.707106781186548));
#4897=DIRECTION('',(0.,1.,0.));
#4898=DIRECTION('',(-0.707106781186547,0.,-0.707106781186547));
#4899=DIRECTION('center_axis',(0.,-1.,0.));
#4900=DIRECTION('ref_axis',(0.,0.,-1.));
#4901=DIRECTION('center_axis',(0.,-1.,0.));
#4902=DIRECTION('ref_axis',(1.,0.,0.));
#4903=DIRECTION('',(0.707106781186547,0.,0.707106781186547));
#4904=DIRECTION('center_axis',(0.707106781186548,0.,-0.707106781186548));
#4905=DIRECTION('ref_axis',(0.707106781186548,0.,0.707106781186548));
#4906=DIRECTION('',(0.,-1.,0.));
#4907=DIRECTION('',(0.707106781186548,0.,0.707106781186548));
#4908=DIRECTION('center_axis',(0.,1.,0.));
#4909=DIRECTION('ref_axis',(1.,0.,0.));
#4910=DIRECTION('center_axis',(0.,-1.,0.));
#4911=DIRECTION('ref_axis',(1.,0.,0.));
#4912=DIRECTION('',(-0.923879532511287,0.,-0.38268343236509));
#4913=DIRECTION('center_axis',(-0.38268343236509,0.,0.923879532511287));
#4914=DIRECTION('ref_axis',(-0.923879532511287,0.,-0.38268343236509));
#4915=DIRECTION('',(0.,1.,0.));
#4916=DIRECTION('',(-0.923879532511287,0.,-0.38268343236509));
#4917=DIRECTION('center_axis',(0.,-1.,0.));
#4918=DIRECTION('ref_axis',(0.,0.,-1.));
#4919=DIRECTION('center_axis',(0.,-1.,0.));
#4920=DIRECTION('ref_axis',(1.,0.,0.));
#4921=DIRECTION('',(0.923879532511287,0.,0.38268343236509));
#4922=DIRECTION('center_axis',(0.38268343236509,0.,-0.923879532511287));
#4923=DIRECTION('ref_axis',(0.923879532511287,0.,0.38268343236509));
#4924=DIRECTION('',(0.,-1.,0.));
#4925=DIRECTION('',(0.923879532511287,0.,0.38268343236509));
#4926=DIRECTION('center_axis',(0.,1.,0.));
#4927=DIRECTION('ref_axis',(1.,0.,0.));
#4928=DIRECTION('center_axis',(0.,-1.,0.));
#4929=DIRECTION('ref_axis',(1.,0.,0.));
#4930=DIRECTION('',(-1.,0.,2.22044604925031E-16));
#4931=DIRECTION('center_axis',(2.22044604925031E-16,0.,1.));
#4932=DIRECTION('ref_axis',(-1.,0.,2.22044604925031E-16));
#4933=DIRECTION('',(0.,1.,0.));
#4934=DIRECTION('',(-1.,0.,2.22044604925031E-16));
#4935=DIRECTION('center_axis',(0.,-1.,0.));
#4936=DIRECTION('ref_axis',(0.,0.,-1.));
#4937=DIRECTION('center_axis',(0.,-1.,0.));
#4938=DIRECTION('ref_axis',(1.,0.,0.));
#4939=DIRECTION('',(1.,0.,-2.22078634299232E-16));
#4940=DIRECTION('center_axis',(-2.22078634299232E-16,0.,-1.));
#4941=DIRECTION('ref_axis',(1.,0.,-2.22078634299232E-16));
#4942=DIRECTION('',(0.,-1.,0.));
#4943=DIRECTION('',(1.,0.,-2.22078634299232E-16));
#4944=DIRECTION('center_axis',(0.,1.,0.));
#4945=DIRECTION('ref_axis',(1.,0.,0.));
#4946=DIRECTION('center_axis',(0.,-1.,0.));
#4947=DIRECTION('ref_axis',(1.,0.,0.));
#4948=DIRECTION('center_axis',(0.,1.,0.));
#4949=DIRECTION('ref_axis',(1.,0.,0.));
#4950=DIRECTION('center_axis',(0.,1.,0.));
#4951=DIRECTION('ref_axis',(1.,0.,0.));
#4952=DIRECTION('',(0.,-1.,0.));
#4953=DIRECTION('center_axis',(0.,1.,0.));
#4954=DIRECTION('ref_axis',(0.,0.,1.));
#4955=DIRECTION('center_axis',(0.,-1.,0.));
#4956=DIRECTION('ref_axis',(-1.,0.,0.));
#4957=DIRECTION('center_axis',(-1.22464679914735E-16,-1.,0.));
#4958=DIRECTION('ref_axis',(-1.,1.22464679914735E-16,0.));
#4959=DIRECTION('',(0.,-1.,0.));
#4960=DIRECTION('center_axis',(-1.22464679914735E-16,-1.,0.));
#4961=DIRECTION('ref_axis',(-1.,1.22464679914735E-16,0.));
#4962=DIRECTION('center_axis',(-1.22464679914735E-16,-1.,0.));
#4963=DIRECTION('ref_axis',(-1.,1.22464679914735E-16,0.));
#4964=DIRECTION('center_axis',(-1.22464679914735E-16,-1.,0.));
#4965=DIRECTION('ref_axis',(0.,0.,1.));
#4966=DIRECTION('center_axis',(-1.22464679914735E-16,-1.,0.));
#4967=DIRECTION('ref_axis',(-1.,1.22464679914735E-16,0.));
#4968=DIRECTION('center_axis',(-1.22464679914735E-16,-1.,0.));
#4969=DIRECTION('ref_axis',(-1.,1.22464679914735E-16,0.));
#4970=DIRECTION('center_axis',(-1.22464679914735E-16,-1.,0.));
#4971=DIRECTION('ref_axis',(-1.,1.22464679914735E-16,0.));
#4972=DIRECTION('center_axis',(1.22464679914735E-16,1.,0.));
#4973=DIRECTION('ref_axis',(-1.,1.22464679914735E-16,0.));
#4974=DIRECTION('center_axis',(1.22464679914735E-16,1.,0.));
#4975=DIRECTION('ref_axis',(-1.,1.22464679914735E-16,0.));
#4976=DIRECTION('',(1.22464679914735E-16,1.,0.));
#4977=DIRECTION('center_axis',(1.22464679914735E-16,1.,0.));
#4978=DIRECTION('ref_axis',(-1.,1.22464679914735E-16,0.));
#4979=DIRECTION('center_axis',(-1.22464679914735E-16,-1.,0.));
#4980=DIRECTION('ref_axis',(-1.,1.22464679914735E-16,0.));
#4981=DIRECTION('center_axis',(1.22464679914735E-16,1.,0.));
#4982=DIRECTION('ref_axis',(-1.,1.22464679914735E-16,0.));
#4983=DIRECTION('center_axis',(1.22464679914735E-16,1.,0.));
#4984=DIRECTION('ref_axis',(-1.,1.22464679914735E-16,0.));
#4985=DIRECTION('',(1.22464679914735E-16,1.,0.));
#4986=DIRECTION('center_axis',(1.22464679914735E-16,1.,0.));
#4987=DIRECTION('ref_axis',(-1.,1.22464679914735E-16,0.));
#4988=DIRECTION('center_axis',(-1.22464679914735E-16,-1.,0.));
#4989=DIRECTION('ref_axis',(-1.,1.22464679914735E-16,0.));
#4990=DIRECTION('center_axis',(0.766044443118977,-9.38133875270272E-17,
-0.64278760968654));
#4991=DIRECTION('ref_axis',(-0.64278760968654,7.871877887342E-17,-0.766044443118977));
#4992=DIRECTION('',(-0.64278760968654,7.871877887342E-17,-0.766044443118977));
#4993=DIRECTION('',(1.22464679914735E-16,1.,0.));
#4994=DIRECTION('',(-0.64278760968654,7.871877887342E-17,-0.766044443118977));
#4995=DIRECTION('',(1.22464679914735E-16,1.,0.));
#4996=DIRECTION('center_axis',(1.22464679914735E-16,1.,0.));
#4997=DIRECTION('ref_axis',(-0.921135866347397,1.12806609030216E-16,-0.389241205075247));
#4998=DIRECTION('center_axis',(-1.22464679914735E-16,-1.,0.));
#4999=DIRECTION('ref_axis',(-0.921135866347397,1.12806609030216E-16,-0.389241205075247));
#5000=DIRECTION('',(1.22464679914735E-16,1.,0.));
#5001=DIRECTION('center_axis',(-1.22464679914735E-16,-1.,0.));
#5002=DIRECTION('ref_axis',(-0.921135866347397,1.12806609030216E-16,-0.389241205075247));
#5003=DIRECTION('center_axis',(-0.766044443118977,9.38133875270272E-17,
0.64278760968654));
#5004=DIRECTION('ref_axis',(0.64278760968654,-7.871877887342E-17,0.766044443118977));
#5005=DIRECTION('',(0.64278760968654,-7.871877887342E-17,0.766044443118977));
#5006=DIRECTION('',(1.22464679914735E-16,1.,0.));
#5007=DIRECTION('',(0.64278760968654,-7.871877887342E-17,0.766044443118977));
#5008=DIRECTION('center_axis',(1.22464679914735E-16,1.,0.));
#5009=DIRECTION('ref_axis',(-0.974236383612756,1.19309546880425E-16,-0.225529308173325));
#5010=DIRECTION('center_axis',(1.22464679914735E-16,1.,0.));
#5011=DIRECTION('ref_axis',(-0.974236383612756,1.19309546880425E-16,-0.225529308173325));
#5012=DIRECTION('center_axis',(1.22464679914735E-16,1.,0.));
#5013=DIRECTION('ref_axis',(-0.974236383612756,1.19309546880425E-16,-0.225529308173325));
#5014=DIRECTION('center_axis',(-1.22464679914735E-16,-1.,0.));
#5015=DIRECTION('ref_axis',(-1.,1.22464679914735E-16,0.));
#5016=DIRECTION('center_axis',(-0.5,6.12323399573677E-17,0.866025403784438));
#5017=DIRECTION('ref_axis',(0.866025403784438,-1.06057523872491E-16,0.5));
#5018=DIRECTION('',(0.866025403784438,-1.06057523872491E-16,0.5));
#5019=DIRECTION('',(1.22464679914735E-16,1.,0.));
#5020=DIRECTION('',(0.866025403784438,-1.06057523872491E-16,0.5));
#5021=DIRECTION('',(1.22464679914735E-16,1.,0.));
#5022=DIRECTION('center_axis',(1.22464679914735E-16,1.,0.));
#5023=DIRECTION('ref_axis',(0.998712909095976,-1.22307056739153E-16,0.0507200670844733));
#5024=DIRECTION('center_axis',(-1.22464679914735E-16,-1.,0.));
#5025=DIRECTION('ref_axis',(0.998712909095976,-1.22307056739153E-16,0.0507200670844733));
#5026=DIRECTION('',(1.22464679914735E-16,1.,0.));
#5027=DIRECTION('center_axis',(-1.22464679914735E-16,-1.,0.));
#5028=DIRECTION('ref_axis',(0.998712909095976,-1.22307056739153E-16,0.0507200670844733));
#5029=DIRECTION('center_axis',(0.5,-6.12323399573677E-17,-0.866025403784438));
#5030=DIRECTION('ref_axis',(-0.866025403784438,1.06057523872491E-16,-0.5));
#5031=DIRECTION('',(-0.866025403784438,1.06057523872491E-16,-0.5));
#5032=DIRECTION('',(1.22464679914735E-16,1.,0.));
#5033=DIRECTION('',(-0.866025403784438,1.06057523872491E-16,-0.5));
#5034=DIRECTION('center_axis',(1.22464679914735E-16,1.,0.));
#5035=DIRECTION('ref_axis',(0.992618306887636,-1.21560683230501E-16,-0.121280240894891));
#5036=DIRECTION('center_axis',(1.22464679914735E-16,1.,0.));
#5037=DIRECTION('ref_axis',(0.992618306887636,-1.21560683230501E-16,-0.121280240894891));
#5038=DIRECTION('center_axis',(1.22464679914735E-16,1.,0.));
#5039=DIRECTION('ref_axis',(0.992618306887636,-1.21560683230501E-16,-0.121280240894891));
#5040=DIRECTION('center_axis',(-1.22464679914735E-16,-1.,0.));
#5041=DIRECTION('ref_axis',(-1.,1.22464679914735E-16,0.));
#5042=DIRECTION('center_axis',(-0.5,6.12323399573676E-17,-0.866025403784439));
#5043=DIRECTION('ref_axis',(-0.866025403784439,1.06057523872491E-16,0.499999999999999));
#5044=DIRECTION('',(-0.866025403784439,1.06057523872491E-16,0.499999999999999));
#5045=DIRECTION('',(1.22464679914735E-16,1.,0.));
#5046=DIRECTION('',(-0.866025403784439,1.06057523872491E-16,0.499999999999999));
#5047=DIRECTION('',(1.22464679914735E-16,1.,0.));
#5048=DIRECTION('center_axis',(1.22464679914735E-16,1.,0.));
#5049=DIRECTION('ref_axis',(-0.543281321124793,6.65327730952022E-17,0.839550716822337));
#5050=DIRECTION('center_axis',(-1.22464679914735E-16,-1.,0.));
#5051=DIRECTION('ref_axis',(-0.543281321124793,6.65327730952022E-17,0.839550716822337));
#5052=DIRECTION('',(1.22464679914735E-16,1.,0.));
#5053=DIRECTION('center_axis',(-1.22464679914735E-16,-1.,0.));
#5054=DIRECTION('ref_axis',(-0.543281321124793,6.65327730952022E-17,0.839550716822337));
#5055=DIRECTION('center_axis',(0.5,-6.12323399573677E-17,0.866025403784438));
#5056=DIRECTION('ref_axis',(0.866025403784438,-1.06057523872491E-16,-0.5));
#5057=DIRECTION('',(0.866025403784438,-1.06057523872491E-16,-0.5));
#5058=DIRECTION('',(1.22464679914735E-16,1.,0.));
#5059=DIRECTION('',(0.866025403784438,-1.06057523872491E-16,-0.5));
#5060=DIRECTION('center_axis',(1.22464679914735E-16,1.,0.));
#5061=DIRECTION('ref_axis',(-0.391277383851746,4.79176595712791E-17,0.920272790473636));
#5062=DIRECTION('center_axis',(1.22464679914735E-16,1.,0.));
#5063=DIRECTION('ref_axis',(-0.391277383851746,4.79176595712791E-17,0.920272790473636));
#5064=DIRECTION('center_axis',(1.22464679914735E-16,1.,0.));
#5065=DIRECTION('ref_axis',(-0.391277383851746,4.79176595712791E-17,0.920272790473636));
#5066=DIRECTION('center_axis',(-1.22464679914735E-16,-1.,0.));
#5067=DIRECTION('ref_axis',(-1.,1.22464679914735E-16,0.));
#5068=DIRECTION('center_axis',(0.173648177666931,-2.12657684957578E-17,
0.984807753012208));
#5069=DIRECTION('ref_axis',(0.984807753012208,-1.2060416625019E-16,-0.173648177666931));
#5070=DIRECTION('',(0.984807753012208,-1.2060416625019E-16,-0.173648177666931));
#5071=DIRECTION('',(1.22464679914735E-16,1.,0.));
#5072=DIRECTION('',(0.984807753012208,-1.2060416625019E-16,-0.173648177666931));
#5073=DIRECTION('',(1.22464679914735E-16,1.,0.));
#5074=DIRECTION('center_axis',(1.22464679914735E-16,1.,0.));
#5075=DIRECTION('ref_axis',(0.797660704968531,-9.76852629145332E-17,-0.60310645805621));
#5076=DIRECTION('center_axis',(-1.22464679914735E-16,-1.,0.));
#5077=DIRECTION('ref_axis',(0.797660704968531,-9.76852629145332E-17,-0.60310645805621));
#5078=DIRECTION('',(1.22464679914735E-16,1.,0.));
#5079=DIRECTION('center_axis',(-1.22464679914735E-16,-1.,0.));
#5080=DIRECTION('ref_axis',(0.797660704968531,-9.76852629145332E-17,-0.60310645805621));
#5081=DIRECTION('center_axis',(-0.17364817766693,2.12657684957577E-17,-0.984807753012208));
#5082=DIRECTION('ref_axis',(-0.984807753012208,1.2060416625019E-16,0.17364817766693));
#5083=DIRECTION('',(-0.984807753012208,1.2060416625019E-16,0.17364817766693));
#5084=DIRECTION('',(1.22464679914735E-16,1.,0.));
#5085=DIRECTION('',(-0.984807753012208,1.2060416625019E-16,0.17364817766693));
#5086=DIRECTION('center_axis',(1.22464679914735E-16,1.,0.));
#5087=DIRECTION('ref_axis',(0.682432301982407,-8.35738534257515E-17,-0.730948803413066));
#5088=DIRECTION('center_axis',(1.22464679914735E-16,1.,0.));
#5089=DIRECTION('ref_axis',(0.682432301982407,-8.35738534257515E-17,-0.730948803413066));
#5090=DIRECTION('center_axis',(1.22464679914735E-16,1.,0.));
#5091=DIRECTION('ref_axis',(0.682432301982407,-8.35738534257515E-17,-0.730948803413066));
#5092=DIRECTION('center_axis',(-1.22464679914735E-16,-1.,0.));
#5093=DIRECTION('ref_axis',(-1.,1.22464679914735E-16,0.));
#5094=DIRECTION('center_axis',(0.17364817766693,-2.12657684957576E-17,-0.984807753012208));
#5095=DIRECTION('ref_axis',(-0.984807753012208,1.2060416625019E-16,-0.17364817766693));
#5096=DIRECTION('',(-0.984807753012208,1.2060416625019E-16,-0.17364817766693));
#5097=DIRECTION('',(1.22464679914735E-16,1.,0.));
#5098=DIRECTION('',(-0.984807753012208,1.2060416625019E-16,-0.17364817766693));
#5099=DIRECTION('',(1.22464679914735E-16,1.,0.));
#5100=DIRECTION('center_axis',(1.22464679914735E-16,1.,0.));
#5101=DIRECTION('ref_axis',(-0.955830435574835,1.17055468345434E-16,0.293918659545156));
#5102=DIRECTION('center_axis',(-1.22464679914735E-16,-1.,0.));
#5103=DIRECTION('ref_axis',(-0.955830435574835,1.17055468345434E-16,0.293918659545156));
#5104=DIRECTION('',(1.22464679914735E-16,1.,0.));
#5105=DIRECTION('center_axis',(-1.22464679914735E-16,-1.,0.));
#5106=DIRECTION('ref_axis',(-0.955830435574835,1.17055468345434E-16,0.293918659545156));
#5107=DIRECTION('center_axis',(-0.17364817766693,2.12657684957577E-17,0.984807753012208));
#5108=DIRECTION('ref_axis',(0.984807753012208,-1.2060416625019E-16,0.17364817766693));
#5109=DIRECTION('',(0.984807753012208,-1.2060416625019E-16,0.17364817766693));
#5110=DIRECTION('',(1.22464679914735E-16,1.,0.));
#5111=DIRECTION('',(0.984807753012208,-1.2060416625019E-16,0.17364817766693));
#5112=DIRECTION('center_axis',(1.22464679914735E-16,1.,0.));
#5113=DIRECTION('ref_axis',(-0.891275812865871,1.09149807138364E-16,0.453461603005459));
#5114=DIRECTION('center_axis',(1.22464679914735E-16,1.,0.));
#5115=DIRECTION('ref_axis',(-0.891275812865871,1.09149807138364E-16,0.453461603005459));
#5116=DIRECTION('center_axis',(1.22464679914735E-16,1.,0.));
#5117=DIRECTION('ref_axis',(-0.891275812865871,1.09149807138364E-16,0.453461603005459));
#5118=DIRECTION('center_axis',(-1.22464679914735E-16,-1.,0.));
#5119=DIRECTION('ref_axis',(-1.,1.22464679914735E-16,0.));
#5120=DIRECTION('center_axis',(1.22464679914735E-16,1.,0.));
#5121=DIRECTION('ref_axis',(-1.,1.22464679914735E-16,0.));
#5122=DIRECTION('center_axis',(1.22464679914735E-16,1.,0.));
#5123=DIRECTION('ref_axis',(-1.,1.22464679914735E-16,0.));
#5124=DIRECTION('',(1.22464679914735E-16,1.,0.));
#5125=DIRECTION('center_axis',(1.22464679914735E-16,1.,0.));
#5126=DIRECTION('ref_axis',(-1.,1.22464679914735E-16,0.));
#5127=DIRECTION('center_axis',(-1.22464679914735E-16,-1.,0.));
#5128=DIRECTION('ref_axis',(-1.,1.22464679914735E-16,0.));
#5129=DIRECTION('center_axis',(1.22464679914735E-16,1.,0.));
#5130=DIRECTION('ref_axis',(-1.,1.22464679914735E-16,0.));
#5131=DIRECTION('center_axis',(1.22464679914735E-16,1.,0.));
#5132=DIRECTION('ref_axis',(-1.,1.22464679914735E-16,0.));
#5133=DIRECTION('',(1.22464679914735E-16,1.,0.));
#5134=DIRECTION('center_axis',(1.22464679914735E-16,1.,0.));
#5135=DIRECTION('ref_axis',(-1.,1.22464679914735E-16,0.));
#5136=DIRECTION('center_axis',(-1.22464679914735E-16,-1.,0.));
#5137=DIRECTION('ref_axis',(-1.,1.22464679914735E-16,0.));
#5138=DIRECTION('center_axis',(1.22464679914735E-16,1.,0.));
#5139=DIRECTION('ref_axis',(-1.,1.22464679914735E-16,0.));
#5140=DIRECTION('center_axis',(1.22464679914735E-16,1.,0.));
#5141=DIRECTION('ref_axis',(-1.,1.22464679914735E-16,0.));
#5142=DIRECTION('',(1.22464679914735E-16,1.,0.));
#5143=DIRECTION('center_axis',(1.22464679914735E-16,1.,0.));
#5144=DIRECTION('ref_axis',(-1.,1.22464679914735E-16,0.));
#5145=DIRECTION('center_axis',(-1.22464679914735E-16,-1.,0.));
#5146=DIRECTION('ref_axis',(-1.,1.22464679914735E-16,0.));
#5147=DIRECTION('center_axis',(1.22464679914735E-16,1.,0.));
#5148=DIRECTION('ref_axis',(-1.,1.22464679914735E-16,0.));
#5149=DIRECTION('center_axis',(1.22464679914735E-16,1.,0.));
#5150=DIRECTION('ref_axis',(-1.,1.22464679914735E-16,0.));
#5151=DIRECTION('',(1.22464679914735E-16,1.,0.));
#5152=DIRECTION('center_axis',(1.22464679914735E-16,1.,0.));
#5153=DIRECTION('ref_axis',(-1.,1.22464679914735E-16,0.));
#5154=DIRECTION('center_axis',(-1.22464679914735E-16,-1.,0.));
#5155=DIRECTION('ref_axis',(-1.,1.22464679914735E-16,0.));
#5156=DIRECTION('center_axis',(1.22464679914735E-16,1.,0.));
#5157=DIRECTION('ref_axis',(-0.60134092303589,7.36430236592218E-17,-0.798992549578745));
#5158=DIRECTION('center_axis',(1.22464679914735E-16,1.,0.));
#5159=DIRECTION('ref_axis',(-0.60134092303589,7.36430236592218E-17,-0.798992549578745));
#5160=DIRECTION('',(1.22464679914735E-16,1.,0.));
#5161=DIRECTION('center_axis',(1.22464679914735E-16,1.,0.));
#5162=DIRECTION('ref_axis',(-0.60134092303589,7.36430236592218E-17,-0.798992549578745));
#5163=DIRECTION('',(1.22464679914735E-16,1.,0.));
#5164=DIRECTION('center_axis',(1.,-1.22464679914735E-16,0.));
#5165=DIRECTION('ref_axis',(0.,0.,-1.));
#5166=DIRECTION('',(0.,0.,-1.));
#5167=DIRECTION('',(1.22464679914735E-16,1.,0.));
#5168=DIRECTION('',(0.,0.,-1.));
#5169=DIRECTION('center_axis',(1.22464679914735E-16,1.,0.));
#5170=DIRECTION('ref_axis',(-0.455431587971183,5.57742836439505E-17,-0.89027078390681));
#5171=DIRECTION('center_axis',(-1.22464679914735E-16,-1.,0.));
#5172=DIRECTION('ref_axis',(-0.455431587971183,5.57742836439505E-17,-0.89027078390681));
#5173=DIRECTION('',(1.22464679914735E-16,1.,0.));
#5174=DIRECTION('center_axis',(-1.22464679914735E-16,-1.,0.));
#5175=DIRECTION('ref_axis',(-0.455431587971183,5.57742836439505E-17,-0.89027078390681));
#5176=DIRECTION('center_axis',(-1.,1.22464679914735E-16,0.));
#5177=DIRECTION('ref_axis',(0.,0.,1.));
#5178=DIRECTION('',(0.,0.,1.));
#5179=DIRECTION('',(0.,0.,1.));
#5180=DIRECTION('center_axis',(-1.22464679914735E-16,-1.,0.));
#5181=DIRECTION('ref_axis',(-1.,1.22464679914735E-16,0.));
#5182=DIRECTION('center_axis',(-0.939692620785908,1.15079156022785E-16,
0.342020143325669));
#5183=DIRECTION('ref_axis',(0.342020143325669,-4.188538737677E-17,0.939692620785908));
#5184=DIRECTION('',(0.342020143325669,-4.188538737677E-17,0.939692620785908));
#5185=DIRECTION('',(1.22464679914735E-16,1.,0.));
#5186=DIRECTION('',(0.342020143325669,-4.188538737677E-17,0.939692620785908));
#5187=DIRECTION('',(1.22464679914735E-16,1.,0.));
#5188=DIRECTION('center_axis',(1.22464679914735E-16,1.,0.));
#5189=DIRECTION('ref_axis',(0.732456243599792,-8.97000194239979E-17,0.680814109145575));
#5190=DIRECTION('center_axis',(-1.22464679914735E-16,-1.,0.));
#5191=DIRECTION('ref_axis',(0.732456243599792,-8.97000194239979E-17,0.680814109145575));
#5192=DIRECTION('',(1.22464679914735E-16,1.,0.));
#5193=DIRECTION('center_axis',(-1.22464679914735E-16,-1.,0.));
#5194=DIRECTION('ref_axis',(0.732456243599792,-8.97000194239979E-17,0.680814109145575));
#5195=DIRECTION('center_axis',(0.939692620785908,-1.15079156022785E-16,
-0.342020143325669));
#5196=DIRECTION('ref_axis',(-0.342020143325669,4.188538737677E-17,-0.939692620785908));
#5197=DIRECTION('',(-0.342020143325669,4.188538737677E-17,-0.939692620785908));
#5198=DIRECTION('',(1.22464679914735E-16,1.,0.));
#5199=DIRECTION('',(-0.342020143325669,4.188538737677E-17,-0.939692620785908));
#5200=DIRECTION('center_axis',(1.22464679914735E-16,1.,0.));
#5201=DIRECTION('ref_axis',(0.838347174276477,-1.02667918355192E-16,0.545136694217741));
#5202=DIRECTION('center_axis',(1.22464679914735E-16,1.,0.));
#5203=DIRECTION('ref_axis',(0.838347174276477,-1.02667918355192E-16,0.545136694217741));
#5204=DIRECTION('center_axis',(1.22464679914735E-16,1.,0.));
#5205=DIRECTION('ref_axis',(0.838347174276477,-1.02667918355192E-16,0.545136694217741));
#5206=DIRECTION('center_axis',(-1.22464679914735E-16,-1.,0.));
#5207=DIRECTION('ref_axis',(-1.,1.22464679914735E-16,0.));
#5208=DIRECTION('center_axis',(-0.939692620785908,1.15079156022785E-16,
-0.342020143325669));
#5209=DIRECTION('ref_axis',(-0.342020143325669,4.188538737677E-17,0.939692620785908));
#5210=DIRECTION('',(-0.342020143325669,4.188538737677E-17,0.939692620785908));
#5211=DIRECTION('',(1.22464679914735E-16,1.,0.));
#5212=DIRECTION('',(-0.342020143325669,4.188538737677E-17,0.939692620785908));
#5213=DIRECTION('',(1.22464679914735E-16,1.,0.));
#5214=DIRECTION('center_axis',(1.22464679914735E-16,1.,0.));
#5215=DIRECTION('ref_axis',(0.123475161378866,-1.51213461156831E-17,0.992347663131457));
#5216=DIRECTION('center_axis',(-1.22464679914735E-16,-1.,0.));
#5217=DIRECTION('ref_axis',(0.123475161378866,-1.51213461156831E-17,0.992347663131457));
#5218=DIRECTION('',(1.22464679914735E-16,1.,0.));
#5219=DIRECTION('center_axis',(-1.22464679914735E-16,-1.,0.));
#5220=DIRECTION('ref_axis',(0.123475161378866,-1.51213461156831E-17,0.992347663131457));
#5221=DIRECTION('center_axis',(0.939692620785909,-1.15079156022785E-16,
0.342020143325669));
#5222=DIRECTION('ref_axis',(0.342020143325669,-4.18853873767699E-17,-0.939692620785909));
#5223=DIRECTION('',(0.342020143325669,-4.18853873767699E-17,-0.939692620785909));
#5224=DIRECTION('',(1.22464679914735E-16,1.,0.));
#5225=DIRECTION('',(0.342020143325669,-4.18853873767699E-17,-0.939692620785909));
#5226=DIRECTION('center_axis',(1.22464679914735E-16,1.,0.));
#5227=DIRECTION('ref_axis',(0.291804081630349,-3.57356934546739E-17,0.956478111586391));
#5228=DIRECTION('center_axis',(1.22464679914735E-16,1.,0.));
#5229=DIRECTION('ref_axis',(0.291804081630349,-3.57356934546739E-17,0.956478111586391));
#5230=DIRECTION('center_axis',(1.22464679914735E-16,1.,0.));
#5231=DIRECTION('ref_axis',(0.291804081630349,-3.57356934546739E-17,0.956478111586391));
#5232=DIRECTION('center_axis',(-1.22464679914735E-16,-1.,0.));
#5233=DIRECTION('ref_axis',(-1.,1.22464679914735E-16,0.));
#5234=DIRECTION('center_axis',(0.766044443118978,-9.38133875270274E-17,
0.642787609686539));
#5235=DIRECTION('ref_axis',(0.642787609686539,-7.87187788734198E-17,-0.766044443118978));
#5236=DIRECTION('',(0.642787609686539,-7.87187788734198E-17,-0.766044443118978));
#5237=DIRECTION('',(1.22464679914735E-16,1.,0.));
#5238=DIRECTION('',(0.642787609686539,-7.87187788734198E-17,-0.766044443118978));
#5239=DIRECTION('',(1.22464679914735E-16,1.,0.));
#5240=DIRECTION('center_axis',(1.22464679914735E-16,1.,0.));
#5241=DIRECTION('ref_axis',(0.223374191975044,-2.73554489214364E-17,-0.97473276869073));
#5242=DIRECTION('center_axis',(-1.22464679914735E-16,-1.,0.));
#5243=DIRECTION('ref_axis',(0.223374191975044,-2.73554489214364E-17,-0.97473276869073));
#5244=DIRECTION('',(1.22464679914735E-16,1.,0.));
#5245=DIRECTION('center_axis',(-1.22464679914735E-16,-1.,0.));
#5246=DIRECTION('ref_axis',(0.223374191975044,-2.73554489214364E-17,-0.97473276869073));
#5247=DIRECTION('center_axis',(-0.766044443118978,9.38133875270274E-17,
-0.642787609686539));
#5248=DIRECTION('ref_axis',(-0.642787609686539,7.87187788734198E-17,0.766044443118978));
#5249=DIRECTION('',(-0.642787609686539,7.87187788734198E-17,0.766044443118978));
#5250=DIRECTION('',(1.22464679914735E-16,1.,0.));
#5251=DIRECTION('',(-0.642787609686539,7.87187788734198E-17,0.766044443118978));
#5252=DIRECTION('center_axis',(1.22464679914735E-16,1.,0.));
#5253=DIRECTION('ref_axis',(0.0529286385893948,-6.48188878317295E-18,-0.998598297223199));
#5254=DIRECTION('center_axis',(1.22464679914735E-16,1.,0.));
#5255=DIRECTION('ref_axis',(0.0529286385893948,-6.48188878317295E-18,-0.998598297223199));
#5256=DIRECTION('center_axis',(1.22464679914735E-16,1.,0.));
#5257=DIRECTION('ref_axis',(0.0529286385893948,-6.48188878317295E-18,-0.998598297223199));
#5258=DIRECTION('center_axis',(-1.22464679914735E-16,-1.,0.));
#5259=DIRECTION('ref_axis',(-1.,1.22464679914735E-16,0.));
#5260=DIRECTION('center_axis',(1.22464679914735E-16,1.,0.));
#5261=DIRECTION('ref_axis',(-1.,1.22464679914735E-16,0.));
#5262=DIRECTION('center_axis',(1.22464679914735E-16,1.,0.));
#5263=DIRECTION('ref_axis',(-1.,1.22464679914735E-16,0.));
#5264=DIRECTION('',(1.22464679914735E-16,1.,0.));
#5265=DIRECTION('center_axis',(1.22464679914735E-16,1.,0.));
#5266=DIRECTION('ref_axis',(-1.,1.22464679914735E-16,0.));
#5267=DIRECTION('center_axis',(-1.22464679914735E-16,-1.,0.));
#5268=DIRECTION('ref_axis',(-1.,1.22464679914735E-16,0.));
#5269=DIRECTION('center_axis',(1.22464679914735E-16,1.,0.));
#5270=DIRECTION('ref_axis',(-1.,1.22464679914735E-16,0.));
#5271=DIRECTION('center_axis',(1.22464679914735E-16,1.,0.));
#5272=DIRECTION('ref_axis',(-1.,1.22464679914735E-16,0.));
#5273=DIRECTION('',(1.22464679914735E-16,1.,0.));
#5274=DIRECTION('center_axis',(1.22464679914735E-16,1.,0.));
#5275=DIRECTION('ref_axis',(-1.,1.22464679914735E-16,0.));
#5276=DIRECTION('center_axis',(-1.22464679914735E-16,-1.,0.));
#5277=DIRECTION('ref_axis',(-1.,1.22464679914735E-16,0.));
#5278=DIRECTION('center_axis',(1.22464679914735E-16,1.,0.));
#5279=DIRECTION('ref_axis',(-1.,1.22464679914735E-16,0.));
#5280=DIRECTION('center_axis',(1.22464679914735E-16,1.,0.));
#5281=DIRECTION('ref_axis',(-1.,1.22464679914735E-16,0.));
#5282=DIRECTION('',(1.22464679914735E-16,1.,0.));
#5283=DIRECTION('center_axis',(1.22464679914735E-16,1.,0.));
#5284=DIRECTION('ref_axis',(-1.,1.22464679914735E-16,0.));
#5285=DIRECTION('center_axis',(-1.22464679914735E-16,-1.,0.));
#5286=DIRECTION('ref_axis',(-1.,1.22464679914735E-16,0.));
#5287=DIRECTION('center_axis',(1.22464679914735E-16,1.,0.));
#5288=DIRECTION('ref_axis',(-1.,1.22464679914735E-16,0.));
#5289=DIRECTION('center_axis',(-1.22464679914735E-16,-1.,0.));
#5290=DIRECTION('ref_axis',(-1.,1.22464679914735E-16,0.));
#5291=DIRECTION('',(1.22464679914735E-16,1.,0.));
#5292=DIRECTION('center_axis',(-1.22464679914735E-16,-1.,0.));
#5293=DIRECTION('ref_axis',(-1.,1.22464679914735E-16,0.));
#5294=DIRECTION('center_axis',(-0.642787609686539,7.87187788734198E-17,
0.766044443118978));
#5295=DIRECTION('ref_axis',(0.766044443118978,-9.38133875270273E-17,0.642787609686539));
#5296=DIRECTION('',(0.766044443118978,-9.38133875270273E-17,0.642787609686539));
#5297=DIRECTION('',(1.22464679914735E-16,1.,0.));
#5298=DIRECTION('',(0.766044443118978,-9.38133875270274E-17,0.642787609686539));
#5299=DIRECTION('',(1.22464679914735E-16,1.,0.));
#5300=DIRECTION('center_axis',(1.22464679914735E-16,1.,0.));
#5301=DIRECTION('ref_axis',(-1.,1.22464679914735E-16,0.));
#5302=DIRECTION('center_axis',(1.22464679914735E-16,1.,0.));
#5303=DIRECTION('ref_axis',(-1.,1.22464679914735E-16,0.));
#5304=DIRECTION('',(1.22464679914735E-16,1.,0.));
#5305=DIRECTION('center_axis',(1.22464679914735E-16,1.,0.));
#5306=DIRECTION('ref_axis',(-1.,1.22464679914735E-16,0.));
#5307=DIRECTION('',(1.22464679914735E-16,1.,0.));
#5308=DIRECTION('center_axis',(-0.984807753012208,1.2060416625019E-16,0.173648177666931));
#5309=DIRECTION('ref_axis',(0.173648177666931,-2.12657684957577E-17,0.984807753012208));
#5310=DIRECTION('',(0.173648177666931,-2.12657684957577E-17,0.984807753012208));
#5311=DIRECTION('',(1.22464679914735E-16,1.,0.));
#5312=DIRECTION('',(0.173648177666931,-2.12657684957577E-17,0.984807753012208));
#5313=DIRECTION('',(1.22464679914735E-16,1.,0.));
#5314=DIRECTION('center_axis',(1.22464679914735E-16,1.,0.));
#5315=DIRECTION('ref_axis',(-1.,1.22464679914735E-16,0.));
#5316=DIRECTION('center_axis',(1.22464679914735E-16,1.,0.));
#5317=DIRECTION('ref_axis',(-1.,1.22464679914735E-16,0.));
#5318=DIRECTION('',(1.22464679914735E-16,1.,0.));
#5319=DIRECTION('center_axis',(1.22464679914735E-16,1.,0.));
#5320=DIRECTION('ref_axis',(-1.,1.22464679914735E-16,0.));
#5321=DIRECTION('',(1.22464679914735E-16,1.,0.));
#5322=DIRECTION('center_axis',(-0.866025403784439,1.06057523872491E-16,
-0.5));
#5323=DIRECTION('ref_axis',(-0.5,6.12323399573676E-17,0.866025403784439));
#5324=DIRECTION('',(-0.5,6.12323399573676E-17,0.866025403784439));
#5325=DIRECTION('',(1.22464679914735E-16,1.,0.));
#5326=DIRECTION('',(-0.5,6.12323399573676E-17,0.866025403784439));
#5327=DIRECTION('',(1.22464679914735E-16,1.,0.));
#5328=DIRECTION('center_axis',(1.22464679914735E-16,1.,0.));
#5329=DIRECTION('ref_axis',(-1.,1.22464679914735E-16,0.));
#5330=DIRECTION('center_axis',(1.22464679914735E-16,1.,0.));
#5331=DIRECTION('ref_axis',(-1.,1.22464679914735E-16,0.));
#5332=DIRECTION('',(1.22464679914735E-16,1.,0.));
#5333=DIRECTION('center_axis',(1.22464679914735E-16,1.,0.));
#5334=DIRECTION('ref_axis',(-1.,1.22464679914735E-16,0.));
#5335=DIRECTION('',(1.22464679914735E-16,1.,0.));
#5336=DIRECTION('center_axis',(-0.342020143325668,4.18853873767698E-17,
-0.939692620785909));
#5337=DIRECTION('ref_axis',(-0.939692620785909,1.15079156022785E-16,0.342020143325668));
#5338=DIRECTION('',(-0.939692620785909,1.15079156022785E-16,0.342020143325668));
#5339=DIRECTION('',(1.22464679914735E-16,1.,0.));
#5340=DIRECTION('',(-0.939692620785909,1.15079156022785E-16,0.342020143325668));
#5341=DIRECTION('',(1.22464679914735E-16,1.,0.));
#5342=DIRECTION('center_axis',(1.22464679914735E-16,1.,0.));
#5343=DIRECTION('ref_axis',(-1.,1.22464679914735E-16,0.));
#5344=DIRECTION('center_axis',(1.22464679914735E-16,1.,0.));
#5345=DIRECTION('ref_axis',(-1.,1.22464679914735E-16,0.));
#5346=DIRECTION('',(1.22464679914735E-16,1.,0.));
#5347=DIRECTION('center_axis',(1.22464679914735E-16,1.,0.));
#5348=DIRECTION('ref_axis',(-1.,1.22464679914735E-16,0.));
#5349=DIRECTION('',(1.22464679914735E-16,1.,0.));
#5350=DIRECTION('center_axis',(0.342020143325668,-4.18853873767698E-17,
-0.939692620785909));
#5351=DIRECTION('ref_axis',(-0.939692620785909,1.15079156022785E-16,-0.342020143325668));
#5352=DIRECTION('',(-0.939692620785909,1.15079156022785E-16,-0.342020143325668));
#5353=DIRECTION('',(1.22464679914735E-16,1.,0.));
#5354=DIRECTION('',(-0.939692620785909,1.15079156022785E-16,-0.342020143325668));
#5355=DIRECTION('',(1.22464679914735E-16,1.,0.));
#5356=DIRECTION('center_axis',(1.22464679914735E-16,1.,0.));
#5357=DIRECTION('ref_axis',(-1.,1.22464679914735E-16,0.));
#5358=DIRECTION('center_axis',(1.22464679914735E-16,1.,0.));
#5359=DIRECTION('ref_axis',(-1.,1.22464679914735E-16,0.));
#5360=DIRECTION('',(1.22464679914735E-16,1.,0.));
#5361=DIRECTION('center_axis',(1.22464679914735E-16,1.,0.));
#5362=DIRECTION('ref_axis',(-1.,1.22464679914735E-16,0.));
#5363=DIRECTION('',(1.22464679914735E-16,1.,0.));
#5364=DIRECTION('center_axis',(0.866025403784439,-1.06057523872491E-16,
-0.5));
#5365=DIRECTION('ref_axis',(-0.5,6.12323399573676E-17,-0.866025403784439));
#5366=DIRECTION('',(-0.5,6.12323399573676E-17,-0.866025403784439));
#5367=DIRECTION('',(1.22464679914735E-16,1.,0.));
#5368=DIRECTION('',(-0.5,6.12323399573676E-17,-0.866025403784439));
#5369=DIRECTION('',(1.22464679914735E-16,1.,0.));
#5370=DIRECTION('center_axis',(1.22464679914735E-16,1.,0.));
#5371=DIRECTION('ref_axis',(0.984807753012209,-1.2060416625019E-16,-0.173648177666927));
#5372=DIRECTION('center_axis',(1.22464679914735E-16,1.,0.));
#5373=DIRECTION('ref_axis',(-1.,1.22464679914735E-16,0.));
#5374=DIRECTION('',(1.22464679914735E-16,1.,0.));
#5375=DIRECTION('center_axis',(1.22464679914735E-16,1.,0.));
#5376=DIRECTION('ref_axis',(-1.,1.22464679914735E-16,0.));
#5377=DIRECTION('',(1.22464679914735E-16,1.,0.));
#5378=DIRECTION('center_axis',(0.984807753012208,-1.2060416625019E-16,0.173648177666931));
#5379=DIRECTION('ref_axis',(0.173648177666931,-2.12657684957577E-17,-0.984807753012208));
#5380=DIRECTION('',(0.173648177666931,-2.12657684957577E-17,-0.984807753012208));
#5381=DIRECTION('',(1.22464679914735E-16,1.,0.));
#5382=DIRECTION('',(0.173648177666931,-2.12657684957577E-17,-0.984807753012208));
#5383=DIRECTION('',(1.22464679914735E-16,1.,0.));
#5384=DIRECTION('center_axis',(1.22464679914735E-16,1.,0.));
#5385=DIRECTION('ref_axis',(-1.,1.22464679914735E-16,0.));
#5386=DIRECTION('center_axis',(1.22464679914735E-16,1.,0.));
#5387=DIRECTION('ref_axis',(-1.,1.22464679914735E-16,0.));
#5388=DIRECTION('',(1.22464679914735E-16,1.,0.));
#5389=DIRECTION('center_axis',(1.22464679914735E-16,1.,0.));
#5390=DIRECTION('ref_axis',(-1.,1.22464679914735E-16,0.));
#5391=DIRECTION('',(1.22464679914735E-16,1.,0.));
#5392=DIRECTION('center_axis',(0.64278760968654,-7.87187788734199E-17,0.766044443118978));
#5393=DIRECTION('ref_axis',(0.766044443118978,-9.38133875270273E-17,-0.64278760968654));
#5394=DIRECTION('',(0.766044443118978,-9.38133875270273E-17,-0.64278760968654));
#5395=DIRECTION('',(1.22464679914735E-16,1.,0.));
#5396=DIRECTION('',(0.766044443118978,-9.38133875270273E-17,-0.64278760968654));
#5397=DIRECTION('',(1.22464679914735E-16,1.,0.));
#5398=DIRECTION('center_axis',(1.22464679914735E-16,1.,0.));
#5399=DIRECTION('ref_axis',(-1.,1.22464679914735E-16,0.));
#5400=DIRECTION('center_axis',(1.22464679914735E-16,1.,0.));
#5401=DIRECTION('ref_axis',(-1.,1.22464679914735E-16,0.));
#5402=DIRECTION('',(1.22464679914735E-16,1.,0.));
#5403=DIRECTION('center_axis',(1.22464679914735E-16,1.,0.));
#5404=DIRECTION('ref_axis',(-1.,1.22464679914735E-16,0.));
#5405=DIRECTION('',(1.22464679914735E-16,1.,0.));
#5406=DIRECTION('center_axis',(0.,0.,1.));
#5407=DIRECTION('ref_axis',(1.,-1.22464679914735E-16,0.));
#5408=DIRECTION('',(1.,-1.22464679914735E-16,0.));
#5409=DIRECTION('',(1.22464679914735E-16,1.,0.));
#5410=DIRECTION('',(1.,-1.22464679914735E-16,0.));
#5411=DIRECTION('',(1.22464679914735E-16,1.,0.));
#5412=DIRECTION('center_axis',(1.22464679914735E-16,1.,0.));
#5413=DIRECTION('ref_axis',(-1.,1.22464679914735E-16,0.));
#5414=DIRECTION('center_axis',(1.22464679914735E-16,1.,0.));
#5415=DIRECTION('ref_axis',(-1.,1.22464679914735E-16,0.));
#5416=DIRECTION('',(1.22464679914735E-16,1.,0.));
#5417=DIRECTION('center_axis',(1.22464679914735E-16,1.,0.));
#5418=DIRECTION('ref_axis',(-1.,1.22464679914735E-16,0.));
#5419=DIRECTION('',(1.22464679914735E-16,1.,0.));
#5420=DIRECTION('center_axis',(-1.22464679914735E-16,-1.,0.));
#5421=DIRECTION('ref_axis',(-1.,1.22464679914735E-16,0.));
#5422=DIRECTION('center_axis',(-1.22464679914735E-16,-1.,0.));
#5423=DIRECTION('ref_axis',(-1.,1.22464679914735E-16,0.));
#5424=DIRECTION('center_axis',(-1.22464679914735E-16,-1.,0.));
#5425=DIRECTION('ref_axis',(-1.,1.22464679914735E-16,0.));
#5426=DIRECTION('center_axis',(-1.22464679914735E-16,-1.,0.));
#5427=DIRECTION('ref_axis',(-1.,1.22464679914735E-16,0.));
#5428=DIRECTION('center_axis',(-1.22464679914735E-16,-1.,0.));
#5429=DIRECTION('ref_axis',(-1.,1.22464679914735E-16,0.));
#5430=DIRECTION('',(0.642787609686539,-7.87187788734199E-17,0.766044443118978));
#5431=DIRECTION('center_axis',(1.22464679914735E-16,1.,0.));
#5432=DIRECTION('ref_axis',(-1.,1.22464679914735E-16,0.));
#5433=DIRECTION('',(0.,0.,-1.));
#5434=DIRECTION('',(-1.,1.22464679914735E-16,0.));
#5435=DIRECTION('center_axis',(-1.22464679914735E-16,-1.,0.));
#5436=DIRECTION('ref_axis',(-1.,1.22464679914735E-16,0.));
#5437=DIRECTION('center_axis',(-1.22464679914735E-16,-1.,0.));
#5438=DIRECTION('ref_axis',(-1.,1.22464679914735E-16,0.));
#5439=DIRECTION('center_axis',(-1.22464679914735E-16,-1.,0.));
#5440=DIRECTION('ref_axis',(-1.,1.22464679914735E-16,0.));
#5441=DIRECTION('',(0.984807753012208,-1.2060416625019E-16,0.17364817766693));
#5442=DIRECTION('center_axis',(1.22464679914735E-16,1.,0.));
#5443=DIRECTION('ref_axis',(-1.,1.22464679914735E-16,0.));
#5444=DIRECTION('',(-0.64278760968654,7.87187788734199E-17,-0.766044443118978));
#5445=DIRECTION('',(-0.766044443118978,9.38133875270273E-17,0.64278760968654));
#5446=DIRECTION('center_axis',(-1.22464679914735E-16,-1.,0.));
#5447=DIRECTION('ref_axis',(-1.,1.22464679914735E-16,0.));
#5448=DIRECTION('center_axis',(-1.22464679914735E-16,-1.,0.));
#5449=DIRECTION('ref_axis',(-1.,1.22464679914735E-16,0.));
#5450=DIRECTION('center_axis',(-1.22464679914735E-16,-1.,0.));
#5451=DIRECTION('ref_axis',(-1.,1.22464679914735E-16,0.));
#5452=DIRECTION('',(0.866025403784438,-1.06057523872491E-16,-0.5));
#5453=DIRECTION('center_axis',(1.22464679914735E-16,1.,0.));
#5454=DIRECTION('ref_axis',(-1.,1.22464679914735E-16,0.));
#5455=DIRECTION('',(-0.984807753012208,1.2060416625019E-16,-0.17364817766693));
#5456=DIRECTION('',(-0.173648177666931,2.12657684957577E-17,0.984807753012208));
#5457=DIRECTION('center_axis',(-1.22464679914735E-16,-1.,0.));
#5458=DIRECTION('ref_axis',(-1.,1.22464679914735E-16,0.));
#5459=DIRECTION('center_axis',(-1.22464679914735E-16,-1.,0.));
#5460=DIRECTION('ref_axis',(-1.,1.22464679914735E-16,0.));
#5461=DIRECTION('center_axis',(-1.22464679914735E-16,-1.,0.));
#5462=DIRECTION('ref_axis',(-1.,1.22464679914735E-16,0.));
#5463=DIRECTION('',(0.342020143325669,-4.18853873767699E-17,-0.939692620785908));
#5464=DIRECTION('center_axis',(1.22464679914735E-16,1.,0.));
#5465=DIRECTION('ref_axis',(-1.,1.22464679914735E-16,0.));
#5466=DIRECTION('',(-0.866025403784438,1.06057523872491E-16,0.5));
#5467=DIRECTION('',(0.5,-6.12323399573676E-17,0.866025403784439));
#5468=DIRECTION('center_axis',(-1.22464679914735E-16,-1.,0.));
#5469=DIRECTION('ref_axis',(-1.,1.22464679914735E-16,0.));
#5470=DIRECTION('center_axis',(-1.22464679914735E-16,-1.,0.));
#5471=DIRECTION('ref_axis',(-1.,1.22464679914735E-16,0.));
#5472=DIRECTION('center_axis',(-1.22464679914735E-16,-1.,0.));
#5473=DIRECTION('ref_axis',(-1.,1.22464679914735E-16,0.));
#5474=DIRECTION('',(-0.342020143325669,4.18853873767699E-17,-0.939692620785908));
#5475=DIRECTION('center_axis',(1.22464679914735E-16,1.,0.));
#5476=DIRECTION('ref_axis',(-1.,1.22464679914735E-16,0.));
#5477=DIRECTION('center_axis',(1.22464679914735E-16,1.,0.));
#5478=DIRECTION('ref_axis',(-1.,1.22464679914735E-16,0.));
#5479=DIRECTION('',(-0.342020143325669,4.18853873767699E-17,0.939692620785908));
#5480=DIRECTION('',(0.939692620785909,-1.15079156022785E-16,0.342020143325668));
#5481=DIRECTION('center_axis',(-1.22464679914735E-16,-1.,0.));
#5482=DIRECTION('ref_axis',(-1.,1.22464679914735E-16,0.));
#5483=DIRECTION('center_axis',(-1.22464679914735E-16,-1.,0.));
#5484=DIRECTION('ref_axis',(-1.,1.22464679914735E-16,0.));
#5485=DIRECTION('center_axis',(-1.22464679914735E-16,-1.,0.));
#5486=DIRECTION('ref_axis',(-1.,1.22464679914735E-16,0.));
#5487=DIRECTION('',(-0.866025403784439,1.06057523872491E-16,-0.5));
#5488=DIRECTION('center_axis',(1.22464679914735E-16,1.,0.));
#5489=DIRECTION('ref_axis',(-1.,1.22464679914735E-16,0.));
#5490=DIRECTION('',(0.342020143325669,-4.18853873767699E-17,0.939692620785908));
#5491=DIRECTION('',(0.939692620785909,-1.15079156022785E-16,-0.342020143325668));
#5492=DIRECTION('center_axis',(-1.22464679914735E-16,-1.,0.));
#5493=DIRECTION('ref_axis',(-1.,1.22464679914735E-16,0.));
#5494=DIRECTION('center_axis',(-1.22464679914735E-16,-1.,0.));
#5495=DIRECTION('ref_axis',(-1.,1.22464679914735E-16,0.));
#5496=DIRECTION('center_axis',(-1.22464679914735E-16,-1.,0.));
#5497=DIRECTION('ref_axis',(-1.,1.22464679914735E-16,0.));
#5498=DIRECTION('',(-0.984807753012208,1.2060416625019E-16,0.173648177666931));
#5499=DIRECTION('center_axis',(1.22464679914735E-16,1.,0.));
#5500=DIRECTION('ref_axis',(-1.,1.22464679914735E-16,0.));
#5501=DIRECTION('',(0.866025403784439,-1.06057523872491E-16,0.5));
#5502=DIRECTION('',(0.5,-6.12323399573676E-17,-0.866025403784439));
#5503=DIRECTION('center_axis',(-1.22464679914735E-16,-1.,0.));
#5504=DIRECTION('ref_axis',(-1.,1.22464679914735E-16,0.));
#5505=DIRECTION('center_axis',(-1.22464679914735E-16,-1.,0.));
#5506=DIRECTION('ref_axis',(-1.,1.22464679914735E-16,0.));
#5507=DIRECTION('center_axis',(-1.22464679914735E-16,-1.,0.));
#5508=DIRECTION('ref_axis',(-1.,1.22464679914735E-16,0.));
#5509=DIRECTION('',(-0.642787609686539,7.87187788734199E-17,0.766044443118978));
#5510=DIRECTION('center_axis',(1.22464679914735E-16,1.,0.));
#5511=DIRECTION('ref_axis',(-1.,1.22464679914735E-16,0.));
#5512=DIRECTION('',(0.984807753012208,-1.2060416625019E-16,-0.173648177666931));
#5513=DIRECTION('',(-0.173648177666931,2.12657684957577E-17,-0.984807753012208));
#5514=DIRECTION('center_axis',(-1.22464679914735E-16,-1.,0.));
#5515=DIRECTION('ref_axis',(-1.,1.22464679914735E-16,0.));
#5516=DIRECTION('center_axis',(-1.22464679914735E-16,-1.,0.));
#5517=DIRECTION('ref_axis',(-1.,1.22464679914735E-16,0.));
#5518=DIRECTION('center_axis',(-1.22464679914735E-16,-1.,0.));
#5519=DIRECTION('ref_axis',(-1.,1.22464679914735E-16,0.));
#5520=DIRECTION('',(0.,0.,1.));
#5521=DIRECTION('center_axis',(1.22464679914735E-16,1.,0.));
#5522=DIRECTION('ref_axis',(-1.,1.22464679914735E-16,0.));
#5523=DIRECTION('',(0.642787609686539,-7.87187788734199E-17,-0.766044443118978));
#5524=DIRECTION('',(-0.766044443118978,9.38133875270273E-17,-0.642787609686539));
#5525=DIRECTION('center_axis',(0.5,-6.12323399573676E-17,-0.866025403784439));
#5526=DIRECTION('ref_axis',(-0.866025403784439,1.06057523872491E-16,-0.5));
#5527=DIRECTION('',(1.22464679914735E-16,1.,0.));
#5528=DIRECTION('',(-0.866025403784439,1.06057523872491E-16,-0.5));
#5529=DIRECTION('',(1.22464679914735E-16,1.,0.));
#5530=DIRECTION('center_axis',(-0.866025403784439,1.06057523872491E-16,
-0.499999999999999));
#5531=DIRECTION('ref_axis',(-0.499999999999999,6.12323399573676E-17,0.866025403784439));
#5532=DIRECTION('',(-0.499999999999999,6.12323399573676E-17,0.866025403784439));
#5533=DIRECTION('',(1.22464679914735E-16,1.,0.));
#5534=DIRECTION('center_axis',(-0.5,6.12323399573676E-17,0.866025403784439));
#5535=DIRECTION('ref_axis',(0.866025403784439,-1.06057523872491E-16,0.5));
#5536=DIRECTION('',(0.866025403784439,-1.06057523872491E-16,0.5));
#5537=DIRECTION('',(1.22464679914735E-16,1.,0.));
#5538=DIRECTION('center_axis',(1.22464679914735E-16,1.,0.));
#5539=DIRECTION('ref_axis',(-1.,1.22464679914735E-16,0.));
#5540=DIRECTION('',(1.22464679914735E-16,1.,0.));
#5541=DIRECTION('center_axis',(-1.22464679914735E-16,-1.,0.));
#5542=DIRECTION('ref_axis',(-1.,1.22464679914735E-16,0.));
#5543=DIRECTION('center_axis',(0.866025403784439,-1.06057523872491E-16,
0.5));
#5544=DIRECTION('ref_axis',(0.5,-6.12323399573676E-17,-0.866025403784439));
#5545=DIRECTION('',(0.5,-6.12323399573676E-17,-0.866025403784439));
#5546=DIRECTION('center_axis',(-1.22464679914735E-16,-1.,0.));
#5547=DIRECTION('ref_axis',(-1.,1.22464679914735E-16,0.));
#5548=DIRECTION('center_axis',(-0.17364817766693,2.12657684957577E-17,0.984807753012208));
#5549=DIRECTION('ref_axis',(0.984807753012208,-1.2060416625019E-16,0.17364817766693));
#5550=DIRECTION('',(1.22464679914735E-16,1.,0.));
#5551=DIRECTION('',(0.984807753012208,-1.2060416625019E-16,0.17364817766693));
#5552=DIRECTION('',(1.22464679914735E-16,1.,0.));
#5553=DIRECTION('center_axis',(0.984807753012208,-1.2060416625019E-16,0.17364817766693));
#5554=DIRECTION('ref_axis',(0.17364817766693,-2.12657684957576E-17,-0.984807753012208));
#5555=DIRECTION('',(0.17364817766693,-2.12657684957576E-17,-0.984807753012208));
#5556=DIRECTION('',(1.22464679914735E-16,1.,0.));
#5557=DIRECTION('center_axis',(0.17364817766693,-2.12657684957577E-17,-0.984807753012208));
#5558=DIRECTION('ref_axis',(-0.984807753012208,1.2060416625019E-16,-0.17364817766693));
#5559=DIRECTION('',(-0.984807753012208,1.2060416625019E-16,-0.17364817766693));
#5560=DIRECTION('',(1.22464679914735E-16,1.,0.));
#5561=DIRECTION('center_axis',(1.22464679914735E-16,1.,0.));
#5562=DIRECTION('ref_axis',(-1.,1.22464679914735E-16,0.));
#5563=DIRECTION('',(1.22464679914735E-16,1.,0.));
#5564=DIRECTION('center_axis',(-1.22464679914735E-16,-1.,0.));
#5565=DIRECTION('ref_axis',(-1.,1.22464679914735E-16,0.));
#5566=DIRECTION('center_axis',(-0.984807753012208,1.2060416625019E-16,-0.173648177666931));
#5567=DIRECTION('ref_axis',(-0.173648177666931,2.12657684957577E-17,0.984807753012208));
#5568=DIRECTION('',(-0.173648177666931,2.12657684957577E-17,0.984807753012208));
#5569=DIRECTION('center_axis',(-1.22464679914735E-16,-1.,0.));
#5570=DIRECTION('ref_axis',(-1.,1.22464679914735E-16,0.));
#5571=DIRECTION('center_axis',(-0.766044443118978,9.38133875270273E-17,
0.642787609686539));
#5572=DIRECTION('ref_axis',(0.642787609686539,-7.87187788734199E-17,0.766044443118978));
#5573=DIRECTION('',(1.22464679914735E-16,1.,0.));
#5574=DIRECTION('',(0.642787609686539,-7.87187788734199E-17,0.766044443118978));
#5575=DIRECTION('',(1.22464679914735E-16,1.,0.));
#5576=DIRECTION('center_axis',(0.642787609686537,-7.87187788734196E-17,
0.76604444311898));
#5577=DIRECTION('ref_axis',(0.76604444311898,-9.38133875270275E-17,-0.642787609686537));
#5578=DIRECTION('',(0.76604444311898,-9.38133875270275E-17,-0.642787609686537));
#5579=DIRECTION('',(1.22464679914735E-16,1.,0.));
#5580=DIRECTION('center_axis',(0.766044443118978,-9.38133875270273E-17,
-0.64278760968654));
#5581=DIRECTION('ref_axis',(-0.64278760968654,7.87187788734199E-17,-0.766044443118978));
#5582=DIRECTION('',(-0.642787609686539,7.87187788734199E-17,-0.766044443118978));
#5583=DIRECTION('',(1.22464679914735E-16,1.,0.));
#5584=DIRECTION('center_axis',(1.22464679914735E-16,1.,0.));
#5585=DIRECTION('ref_axis',(-1.,1.22464679914735E-16,0.));
#5586=DIRECTION('',(1.22464679914735E-16,1.,0.));
#5587=DIRECTION('center_axis',(-1.22464679914735E-16,-1.,0.));
#5588=DIRECTION('ref_axis',(-1.,1.22464679914735E-16,0.));
#5589=DIRECTION('center_axis',(-0.64278760968654,7.87187788734199E-17,-0.766044443118978));
#5590=DIRECTION('ref_axis',(-0.766044443118978,9.38133875270273E-17,0.64278760968654));
#5591=DIRECTION('',(-0.766044443118978,9.38133875270273E-17,0.64278760968654));
#5592=DIRECTION('center_axis',(-1.22464679914735E-16,-1.,0.));
#5593=DIRECTION('ref_axis',(-1.,1.22464679914735E-16,0.));
#5594=DIRECTION('center_axis',(0.939692620785908,-1.15079156022785E-16,
-0.342020143325669));
#5595=DIRECTION('ref_axis',(-0.342020143325669,4.18853873767699E-17,-0.939692620785908));
#5596=DIRECTION('',(1.22464679914735E-16,1.,0.));
#5597=DIRECTION('',(-0.342020143325669,4.18853873767699E-17,-0.939692620785908));
#5598=DIRECTION('',(1.22464679914735E-16,1.,0.));
#5599=DIRECTION('center_axis',(-0.342020143325669,4.188538737677E-17,-0.939692620785908));
#5600=DIRECTION('ref_axis',(-0.939692620785908,1.15079156022785E-16,0.342020143325669));
#5601=DIRECTION('',(-0.939692620785908,1.15079156022785E-16,0.342020143325669));
#5602=DIRECTION('',(1.22464679914735E-16,1.,0.));
#5603=DIRECTION('center_axis',(-0.939692620785908,1.15079156022785E-16,
0.342020143325669));
#5604=DIRECTION('ref_axis',(0.342020143325669,-4.18853873767699E-17,0.939692620785908));
#5605=DIRECTION('',(0.342020143325669,-4.18853873767699E-17,0.939692620785908));
#5606=DIRECTION('',(1.22464679914735E-16,1.,0.));
#5607=DIRECTION('center_axis',(1.22464679914735E-16,1.,0.));
#5608=DIRECTION('ref_axis',(-1.,1.22464679914735E-16,0.));
#5609=DIRECTION('',(1.22464679914735E-16,1.,0.));
#5610=DIRECTION('center_axis',(-1.22464679914735E-16,-1.,0.));
#5611=DIRECTION('ref_axis',(-1.,1.22464679914735E-16,0.));
#5612=DIRECTION('center_axis',(0.342020143325668,-4.18853873767698E-17,
0.939692620785909));
#5613=DIRECTION('ref_axis',(0.939692620785909,-1.15079156022785E-16,-0.342020143325668));
#5614=DIRECTION('',(0.939692620785909,-1.15079156022785E-16,-0.342020143325668));
#5615=DIRECTION('center_axis',(-1.22464679914735E-16,-1.,0.));
#5616=DIRECTION('ref_axis',(-1.,1.22464679914735E-16,0.));
#5617=DIRECTION('center_axis',(-0.173648177666931,2.12657684957577E-17,
-0.984807753012208));
#5618=DIRECTION('ref_axis',(-0.984807753012208,1.2060416625019E-16,0.173648177666931));
#5619=DIRECTION('',(1.22464679914735E-16,1.,0.));
#5620=DIRECTION('',(-0.984807753012208,1.2060416625019E-16,0.173648177666931));
#5621=DIRECTION('',(1.22464679914735E-16,1.,0.));
#5622=DIRECTION('center_axis',(-0.984807753012208,1.2060416625019E-16,0.17364817766693));
#5623=DIRECTION('ref_axis',(0.17364817766693,-2.12657684957576E-17,0.984807753012208));
#5624=DIRECTION('',(0.17364817766693,-2.12657684957576E-17,0.984807753012208));
#5625=DIRECTION('',(1.22464679914735E-16,1.,0.));
#5626=DIRECTION('center_axis',(0.173648177666931,-2.12657684957577E-17,
0.984807753012208));
#5627=DIRECTION('ref_axis',(0.984807753012208,-1.2060416625019E-16,-0.173648177666931));
#5628=DIRECTION('',(0.984807753012208,-1.2060416625019E-16,-0.173648177666931));
#5629=DIRECTION('',(1.22464679914735E-16,1.,0.));
#5630=DIRECTION('center_axis',(1.22464679914735E-16,1.,0.));
#5631=DIRECTION('ref_axis',(-1.,1.22464679914735E-16,0.));
#5632=DIRECTION('',(1.22464679914735E-16,1.,0.));
#5633=DIRECTION('center_axis',(-1.22464679914735E-16,-1.,0.));
#5634=DIRECTION('ref_axis',(-1.,1.22464679914735E-16,0.));
#5635=DIRECTION('center_axis',(0.984807753012208,-1.2060416625019E-16,-0.173648177666931));
#5636=DIRECTION('ref_axis',(-0.173648177666931,2.12657684957577E-17,-0.984807753012208));
#5637=DIRECTION('',(-0.173648177666931,2.12657684957577E-17,-0.984807753012208));
#5638=DIRECTION('center_axis',(-1.22464679914735E-16,-1.,0.));
#5639=DIRECTION('ref_axis',(-1.,1.22464679914735E-16,0.));
#5640=DIRECTION('center_axis',(0.5,-6.12323399573677E-17,0.866025403784439));
#5641=DIRECTION('ref_axis',(0.866025403784439,-1.06057523872491E-16,-0.5));
#5642=DIRECTION('',(1.22464679914735E-16,1.,0.));
#5643=DIRECTION('',(0.866025403784439,-1.06057523872491E-16,-0.5));
#5644=DIRECTION('',(1.22464679914735E-16,1.,0.));
#5645=DIRECTION('center_axis',(0.866025403784435,-1.0605752387249E-16,-0.500000000000006));
#5646=DIRECTION('ref_axis',(-0.500000000000006,6.12323399573684E-17,-0.866025403784435));
#5647=DIRECTION('',(-0.500000000000006,6.12323399573684E-17,-0.866025403784435));
#5648=DIRECTION('',(1.22464679914735E-16,1.,0.));
#5649=DIRECTION('center_axis',(-0.5,6.12323399573677E-17,-0.866025403784438));
#5650=DIRECTION('ref_axis',(-0.866025403784438,1.06057523872491E-16,0.5));
#5651=DIRECTION('',(-0.866025403784438,1.06057523872491E-16,0.5));
#5652=DIRECTION('',(1.22464679914735E-16,1.,0.));
#5653=DIRECTION('center_axis',(1.22464679914735E-16,1.,0.));
#5654=DIRECTION('ref_axis',(-1.,1.22464679914735E-16,0.));
#5655=DIRECTION('',(1.22464679914735E-16,1.,0.));
#5656=DIRECTION('center_axis',(-1.22464679914735E-16,-1.,0.));
#5657=DIRECTION('ref_axis',(-1.,1.22464679914735E-16,0.));
#5658=DIRECTION('center_axis',(-0.866025403784439,1.06057523872491E-16,
0.5));
#5659=DIRECTION('ref_axis',(0.5,-6.12323399573676E-17,0.866025403784439));
#5660=DIRECTION('',(0.5,-6.12323399573676E-17,0.866025403784439));
#5661=DIRECTION('center_axis',(-1.22464679914735E-16,-1.,0.));
#5662=DIRECTION('ref_axis',(-1.,1.22464679914735E-16,0.));
#5663=DIRECTION('center_axis',(-1.,1.22464679914735E-16,0.));
#5664=DIRECTION('ref_axis',(0.,0.,1.));
#5665=DIRECTION('',(1.22464679914735E-16,1.,0.));
#5666=DIRECTION('',(0.,0.,1.));
#5667=DIRECTION('',(1.22464679914735E-16,1.,0.));
#5668=DIRECTION('center_axis',(0.,0.,1.));
#5669=DIRECTION('ref_axis',(1.,-1.22464679914735E-16,0.));
#5670=DIRECTION('',(1.,-1.22464679914735E-16,0.));
#5671=DIRECTION('',(1.22464679914735E-16,1.,0.));
#5672=DIRECTION('center_axis',(1.,-1.22464679914735E-16,0.));
#5673=DIRECTION('ref_axis',(0.,0.,-1.));
#5674=DIRECTION('',(0.,0.,-1.));
#5675=DIRECTION('',(1.22464679914735E-16,1.,0.));
#5676=DIRECTION('center_axis',(1.22464679914735E-16,1.,0.));
#5677=DIRECTION('ref_axis',(-1.,1.22464679914735E-16,0.));
#5678=DIRECTION('',(1.22464679914735E-16,1.,0.));
#5679=DIRECTION('center_axis',(-1.22464679914735E-16,-1.,0.));
#5680=DIRECTION('ref_axis',(-1.,1.22464679914735E-16,0.));
#5681=DIRECTION('center_axis',(0.,0.,-1.));
#5682=DIRECTION('ref_axis',(-1.,1.22464679914735E-16,0.));
#5683=DIRECTION('',(-1.,1.22464679914735E-16,0.));
#5684=DIRECTION('center_axis',(-1.22464679914735E-16,-1.,0.));
#5685=DIRECTION('ref_axis',(-1.,1.22464679914735E-16,0.));
#5686=DIRECTION('center_axis',(0.939692620785908,-1.15079156022785E-16,
0.342020143325669));
#5687=DIRECTION('ref_axis',(0.342020143325669,-4.18853873767699E-17,-0.939692620785908));
#5688=DIRECTION('',(1.22464679914735E-16,1.,0.));
#5689=DIRECTION('',(0.342020143325669,-4.18853873767699E-17,-0.939692620785908));
#5690=DIRECTION('',(1.22464679914735E-16,1.,0.));
#5691=DIRECTION('center_axis',(0.342020143325669,-4.188538737677E-17,-0.939692620785908));
#5692=DIRECTION('ref_axis',(-0.939692620785908,1.15079156022785E-16,-0.342020143325669));
#5693=DIRECTION('',(-0.939692620785908,1.15079156022785E-16,-0.342020143325669));
#5694=DIRECTION('',(1.22464679914735E-16,1.,0.));
#5695=DIRECTION('center_axis',(-0.939692620785908,1.15079156022785E-16,
-0.342020143325669));
#5696=DIRECTION('ref_axis',(-0.342020143325669,4.18853873767699E-17,0.939692620785908));
#5697=DIRECTION('',(-0.342020143325669,4.18853873767699E-17,0.939692620785908));
#5698=DIRECTION('',(1.22464679914735E-16,1.,0.));
#5699=DIRECTION('center_axis',(1.22464679914735E-16,1.,0.));
#5700=DIRECTION('ref_axis',(-1.,1.22464679914735E-16,0.));
#5701=DIRECTION('',(1.22464679914735E-16,1.,0.));
#5702=DIRECTION('center_axis',(-1.22464679914735E-16,-1.,0.));
#5703=DIRECTION('ref_axis',(-1.,1.22464679914735E-16,0.));
#5704=DIRECTION('center_axis',(-0.342020143325668,4.18853873767698E-17,
0.939692620785909));
#5705=DIRECTION('ref_axis',(0.939692620785909,-1.15079156022785E-16,0.342020143325668));
#5706=DIRECTION('',(0.939692620785909,-1.15079156022785E-16,0.342020143325668));
#5707=DIRECTION('center_axis',(-1.22464679914735E-16,-1.,0.));
#5708=DIRECTION('ref_axis',(-1.,1.22464679914735E-16,0.));
#5709=DIRECTION('center_axis',(-0.766044443118978,9.38133875270273E-17,
-0.642787609686539));
#5710=DIRECTION('ref_axis',(-0.642787609686539,7.87187788734199E-17,0.766044443118978));
#5711=DIRECTION('',(1.22464679914735E-16,1.,0.));
#5712=DIRECTION('',(-0.642787609686539,7.87187788734199E-17,0.766044443118978));
#5713=DIRECTION('',(1.22464679914735E-16,1.,0.));
#5714=DIRECTION('center_axis',(-0.642787609686537,7.87187788734196E-17,
0.76604444311898));
#5715=DIRECTION('ref_axis',(0.76604444311898,-9.38133875270275E-17,0.642787609686537));
#5716=DIRECTION('',(0.76604444311898,-9.38133875270275E-17,0.642787609686537));
#5717=DIRECTION('',(1.22464679914735E-16,1.,0.));
#5718=DIRECTION('center_axis',(0.766044443118978,-9.38133875270273E-17,
0.642787609686539));
#5719=DIRECTION('ref_axis',(0.642787609686539,-7.87187788734199E-17,-0.766044443118978));
#5720=DIRECTION('',(0.642787609686539,-7.87187788734199E-17,-0.766044443118978));
#5721=DIRECTION('',(1.22464679914735E-16,1.,0.));
#5722=DIRECTION('center_axis',(1.22464679914735E-16,1.,0.));
#5723=DIRECTION('ref_axis',(-1.,1.22464679914735E-16,0.));
#5724=DIRECTION('',(1.22464679914735E-16,1.,0.));
#5725=DIRECTION('center_axis',(-1.22464679914735E-16,-1.,0.));
#5726=DIRECTION('ref_axis',(-1.,1.22464679914735E-16,0.));
#5727=DIRECTION('center_axis',(0.642787609686539,-7.87187788734198E-17,
-0.766044443118978));
#5728=DIRECTION('ref_axis',(-0.766044443118978,9.38133875270273E-17,-0.642787609686539));
#5729=DIRECTION('',(-0.766044443118978,9.38133875270273E-17,-0.642787609686539));
#5730=DIRECTION('center_axis',(-1.22464679914735E-16,-1.,0.));
#5731=DIRECTION('ref_axis',(-1.,1.22464679914735E-16,0.));
#5732=DIRECTION('center_axis',(-1.22464679914735E-16,-1.,0.));
#5733=DIRECTION('ref_axis',(0.,0.,1.));
#5734=DIRECTION('center_axis',(1.,-1.22464679914735E-16,0.));
#5735=DIRECTION('ref_axis',(0.,0.,-1.));
#5736=DIRECTION('center_axis',(-1.22464679914735E-16,-1.,0.));
#5737=DIRECTION('ref_axis',(-1.,1.22464679914735E-16,0.));
#5738=DIRECTION('center_axis',(-1.22464679914735E-16,-1.,0.));
#5739=DIRECTION('ref_axis',(-1.,1.22464679914735E-16,0.));
#5740=DIRECTION('center_axis',(-1.22464679914735E-16,-1.,0.));
#5741=DIRECTION('ref_axis',(-1.,1.22464679914735E-16,0.));
#5742=DIRECTION('',(1.22464679914735E-16,1.,0.));
#5743=DIRECTION('center_axis',(-1.22464679914735E-16,-1.,0.));
#5744=DIRECTION('ref_axis',(0.,0.,1.));
#5745=DIRECTION('center_axis',(1.22464679914735E-16,1.,0.));
#5746=DIRECTION('ref_axis',(-1.,1.22464679914735E-16,0.));
#5747=DIRECTION('center_axis',(1.,-1.22464679914735E-16,0.));
#5748=DIRECTION('ref_axis',(0.,0.,-1.));
#5749=DIRECTION('center_axis',(1.22464679914735E-16,1.,0.));
#5750=DIRECTION('ref_axis',(-1.,1.22464679914735E-16,0.));
#5751=DIRECTION('center_axis',(-1.22464679914735E-16,-1.,0.));
#5752=DIRECTION('ref_axis',(-1.,1.22464679914735E-16,0.));
#5753=DIRECTION('',(1.22464679914735E-16,1.,0.));
#5754=CARTESIAN_POINT('',(0.,0.,0.));
#5755=CARTESIAN_POINT('Origin',(0.,28.,0.));
#5756=CARTESIAN_POINT('',(14.5,43.,-1.77573785876366E-15));
#5757=CARTESIAN_POINT('Origin',(0.,43.,0.));
#5758=CARTESIAN_POINT('',(14.5,28.,-1.77573785876366E-15));
#5759=CARTESIAN_POINT('',(14.5,28.,-1.77573785876366E-15));
#5760=CARTESIAN_POINT('Origin',(0.,28.,0.));
#5761=CARTESIAN_POINT('Origin',(0.,43.,0.));
#5762=CARTESIAN_POINT('Origin',(0.,0.,0.));
#5763=CARTESIAN_POINT('',(75.,2.08166817117217E-16,9.18485099360515E-15));
#5764=CARTESIAN_POINT('Origin',(0.,0.,0.));
#5765=CARTESIAN_POINT('Origin',(26.7830391889662,7.,-27.5192760119246));
#5766=CARTESIAN_POINT('',(9.87589846307182,7.,-11.2901120254449));
#5767=CARTESIAN_POINT('',(10.6066017177982,7.,-10.6066017177982));
#5768=CARTESIAN_POINT('Origin',(0.,7.,0.));
#5769=CARTESIAN_POINT('',(50.812962524602,7.,-50.812962524602));
#5770=CARTESIAN_POINT('',(53.0248822777862,7.,-53.0248822777862));
#5771=CARTESIAN_POINT('',(50.100935500785,7.,-51.5151490631581));
#5772=CARTESIAN_POINT('Origin',(0.,7.,0.));
#5773=CARTESIAN_POINT('',(-0.707106781186547,7.,-0.707106781186548));
#5774=CARTESIAN_POINT('Origin',(1.00000000000001,10.,-2.41421356237311));
#5775=CARTESIAN_POINT('',(9.87589846307182,10.,-11.2901120254449));
#5776=CARTESIAN_POINT('',(9.87589846307182,5.,-11.2901120254449));
#5777=CARTESIAN_POINT('',(44.9042225556393,10.,-46.3184361180124));
#5778=CARTESIAN_POINT('Ctrl Pts',(44.9042225556393,10.,-46.3184361180124));
#5779=CARTESIAN_POINT('Ctrl Pts',(45.3624405379727,10.,-46.7766541003458));
#5780=CARTESIAN_POINT('Ctrl Pts',(45.8628746239174,9.93607086164525,-47.2770881862905));
#5781=CARTESIAN_POINT('Ctrl Pts',(46.8429526359744,9.66039153967204,-48.2571661983475));
#5782=CARTESIAN_POINT('Ctrl Pts',(47.3225965194741,9.44864105306671,-48.7368100818472));
#5783=CARTESIAN_POINT('Ctrl Pts',(48.1692502010349,8.95271211633676,-49.583463763408));
#5784=CARTESIAN_POINT('Ctrl Pts',(48.614264830567,8.62285207690579,-50.0284783929401));
#5785=CARTESIAN_POINT('Ctrl Pts',(49.4222585731584,7.85939052708131,-50.8364721355315));
#5786=CARTESIAN_POINT('Ctrl Pts',(49.7885894501947,7.43275747516857,-51.2028030125678));
#5787=CARTESIAN_POINT('Ctrl Pts',(50.100935500785,7.,-51.5151490631581));
#5788=CARTESIAN_POINT('',(0.146446609406732,10.,-1.56066017177983));
#5789=CARTESIAN_POINT('Origin',(53.0248822777862,10.,-53.0248822777862));
#5790=CARTESIAN_POINT('',(10.6066017177982,10.,-10.6066017177982));
#5791=CARTESIAN_POINT('',(10.6066017177982,5.,-10.6066017177982));
#5792=CARTESIAN_POINT('',(45.6168101018954,10.,-45.6168101018954));
#5793=CARTESIAN_POINT('',(26.5124411388931,10.,-26.5124411388931));
#5794=CARTESIAN_POINT('Origin',(45.6168101018954,-0.5,-45.6168101018954));
#5795=CARTESIAN_POINT('Origin',(14.3484297497245,7.,-35.5386221979117));
#5796=CARTESIAN_POINT('',(4.80360163350809,7.,-14.2100461416055));
#5797=CARTESIAN_POINT('',(5.74025148547635,7.,-13.8581929876693));
#5798=CARTESIAN_POINT('Origin',(0.,7.,0.));
#5799=CARTESIAN_POINT('',(27.4997771551895,7.,-66.3903349702963));
#5800=CARTESIAN_POINT('',(28.6968594994491,7.,-69.2803474010852));
#5801=CARTESIAN_POINT('',(26.5732348065548,7.,-66.7665897958622));
#5802=CARTESIAN_POINT('Origin',(0.,7.,0.));
#5803=CARTESIAN_POINT('',(-0.923879532511287,7.,-0.38268343236509));
#5804=CARTESIAN_POINT('Origin',(2.77555756156289E-16,10.,-2.61312592975275));
#5805=CARTESIAN_POINT('',(4.80360163350809,10.,-14.2100461416055));
#5806=CARTESIAN_POINT('',(4.80360163350809,5.,-14.2100461416055));
#5807=CARTESIAN_POINT('',(23.7607940270627,10.,-59.9767571226411));
#5808=CARTESIAN_POINT('Ctrl Pts',(23.7607940270627,10.,-59.9767571226411));
#5809=CARTESIAN_POINT('Ctrl Pts',(24.0087798121184,10.,-60.5754477681983));
#5810=CARTESIAN_POINT('Ctrl Pts',(24.2796127878119,9.93607086164525,-61.2292964112554));
#5811=CARTESIAN_POINT('Ctrl Pts',(24.8100271857762,9.66039153967204,-62.5098300444987));
#5812=CARTESIAN_POINT('Ctrl Pts',(25.0696085849852,9.44864105306671,-63.136514979009));
#5813=CARTESIAN_POINT('Ctrl Pts',(25.5278142556203,8.95271211633676,-64.2427213234125));
#5814=CARTESIAN_POINT('Ctrl Pts',(25.7686544376311,8.62285207690578,-64.8241609571873));
#5815=CARTESIAN_POINT('Ctrl Pts',(26.2059375000641,7.8593905270813,-65.8798556571092));
#5816=CARTESIAN_POINT('Ctrl Pts',(26.4041943420793,7.43275747516857,-66.3584900139354));
#5817=CARTESIAN_POINT('Ctrl Pts',(26.5732348065548,7.,-66.7665897958622));
#5818=CARTESIAN_POINT('',(-0.461939766255643,10.,-1.49790468105892));
#5819=CARTESIAN_POINT('Origin',(28.6968594994491,10.,-69.2803474010852));
#5820=CARTESIAN_POINT('',(5.74025148547635,10.,-13.8581929876693));
#5821=CARTESIAN_POINT('',(5.74025148547635,5.,-13.8581929876693));
#5822=CARTESIAN_POINT('',(24.6876397282554,10.,-59.6012346549351));
#5823=CARTESIAN_POINT('',(14.3484297497245,10.,-34.6401737005426));
#5824=CARTESIAN_POINT('Origin',(24.6876397282554,-0.5,-59.6012346549351));
#5825=CARTESIAN_POINT('Origin',(-0.499999999999995,7.,-38.1475353126792));
#5826=CARTESIAN_POINT('',(-0.999999999999998,7.,-14.9666295470958));
#5827=CARTESIAN_POINT('',(1.83697019872103E-15,7.,-15.));
#5828=CARTESIAN_POINT('Origin',(0.,7.,0.));
#5829=CARTESIAN_POINT('',(8.80035852668926E-15,7.,-71.860380746648));
#5830=CARTESIAN_POINT('',(9.18344358792461E-15,7.,-74.988507660482));
#5831=CARTESIAN_POINT('',(-0.999999999999991,7.,-71.8534224727899));
#5832=CARTESIAN_POINT('Origin',(0.,7.,0.));
#5833=CARTESIAN_POINT('',(-1.,7.,-1.22464679914735E-16));
#5834=CARTESIAN_POINT('Origin',(-1.,10.,-2.4142135623731));
#5835=CARTESIAN_POINT('',(-0.999999999999998,10.,-14.9666295470958));
#5836=CARTESIAN_POINT('',(-0.999999999999998,5.,-14.9666295470958));
#5837=CARTESIAN_POINT('',(-0.999999999999992,10.,-64.5041605460049));
#5838=CARTESIAN_POINT('Ctrl Pts',(-0.999999999999992,10.,-64.5041605460049));
#5839=CARTESIAN_POINT('Ctrl Pts',(-0.999999999999992,10.,-65.1521786311441));
#5840=CARTESIAN_POINT('Ctrl Pts',(-0.999999999999992,9.93607086164525,-65.8598993025609));
#5841=CARTESIAN_POINT('Ctrl Pts',(-0.999999999999992,9.66039153967204,-67.2459389193955));
#5842=CARTESIAN_POINT('Ctrl Pts',(-0.999999999999992,9.44864105306671,-67.9242578045501));
#5843=CARTESIAN_POINT('Ctrl Pts',(-0.999999999999992,8.95271211633676,-69.1216069236465));
#5844=CARTESIAN_POINT('Ctrl Pts',(-0.999999999999992,8.6228520769058,-69.7509526481852));
#5845=CARTESIAN_POINT('Ctrl Pts',(-0.999999999999991,7.85939052708131,-70.8936283572706));
#5846=CARTESIAN_POINT('Ctrl Pts',(-0.999999999999991,7.43275747516857,-71.4116984518913));
#5847=CARTESIAN_POINT('Ctrl Pts',(-0.999999999999991,7.,-71.8534224727899));
#5848=CARTESIAN_POINT('',(-1.,10.,-1.20710678118655));
#5849=CARTESIAN_POINT('Origin',(9.18344358792461E-15,10.,-74.988507660482));
#5850=CARTESIAN_POINT('',(1.83697019872103E-15,10.,-15.));
#5851=CARTESIAN_POINT('',(1.83697019872103E-15,5.,-15.));
#5852=CARTESIAN_POINT('',(7.90043059477615E-15,10.,-64.5119115182985));
#5853=CARTESIAN_POINT('',(4.5917217939623E-15,10.,-37.494253830241));
#5854=CARTESIAN_POINT('Origin',(7.90043059477615E-15,-0.5,-64.5119115182985));
#5855=CARTESIAN_POINT('Origin',(-15.3103695159802,7.,-35.1401737005426));
#5856=CARTESIAN_POINT('',(-6.65136069853066,7.,-13.4446792768754));
#5857=CARTESIAN_POINT('',(-5.74025148547634,7.,-13.8581929876693));
#5858=CARTESIAN_POINT('Origin',(0.,7.,0.));
#5859=CARTESIAN_POINT('',(-27.4997771551895,7.,-66.3903349702963));
#5860=CARTESIAN_POINT('',(-28.6968594994491,7.,-69.2803474010852));
#5861=CARTESIAN_POINT('',(-28.4209938715774,7.,-66.001222931132));
#5862=CARTESIAN_POINT('Origin',(0.,7.,0.));
#5863=CARTESIAN_POINT('',(-0.923879532511287,7.,0.38268343236509));
#5864=CARTESIAN_POINT('Origin',(-1.84775906502257,10.,-1.84775906502257));
#5865=CARTESIAN_POINT('',(-6.65136069853066,10.,-13.4446792768754));
#5866=CARTESIAN_POINT('',(-6.65136069853066,5.,-13.4446792768754));
#5867=CARTESIAN_POINT('',(-25.6085530920852,10.,-59.2113902579109));
#5868=CARTESIAN_POINT('Ctrl Pts',(-25.6085530920852,10.,-59.2113902579109));
#5869=CARTESIAN_POINT('Ctrl Pts',(-25.856538877141,10.,-59.8100809034682));
#5870=CARTESIAN_POINT('Ctrl Pts',(-26.1273718528344,9.93607086164525,-60.4639295465253));
#5871=CARTESIAN_POINT('Ctrl Pts',(-26.6577862507987,9.66039153967204,-61.7444631797686));
#5872=CARTESIAN_POINT('Ctrl Pts',(-26.9173676500078,9.44864105306671,-62.3711481142788));
#5873=CARTESIAN_POINT('Ctrl Pts',(-27.3755733206429,8.95271211633676,-63.4773544586823));
#5874=CARTESIAN_POINT('Ctrl Pts',(-27.6164135026536,8.62285207690579,-64.0587940924571));
#5875=CARTESIAN_POINT('Ctrl Pts',(-28.0536965650867,7.8593905270813,-65.114488792379));
#5876=CARTESIAN_POINT('Ctrl Pts',(-28.2519534071018,7.43275747516856,-65.5931231492053));
#5877=CARTESIAN_POINT('Ctrl Pts',(-28.4209938715774,6.99999999999999,-66.001222931132));
#5878=CARTESIAN_POINT('',(-1.38581929876693,10.,-0.732537816328742));
#5879=CARTESIAN_POINT('Origin',(-28.6968594994491,10.,-69.2803474010852));
#5880=CARTESIAN_POINT('',(-5.74025148547634,10.,-13.8581929876693));
#5881=CARTESIAN_POINT('',(-5.74025148547634,5.,-13.8581929876693));
#5882=CARTESIAN_POINT('',(-24.6876397282554,10.,-59.6012346549351));
#5883=CARTESIAN_POINT('',(-14.3484297497245,10.,-34.6401737005426));
#5884=CARTESIAN_POINT('Origin',(-24.6876397282554,-0.5,-59.6012346549351));
#5885=CARTESIAN_POINT('Origin',(-27.5192760119246,7.,-26.7830391889662));
#5886=CARTESIAN_POINT('',(-11.2901120254449,7.,-9.87589846307182));
#5887=CARTESIAN_POINT('',(-10.6066017177982,7.,-10.6066017177982));
#5888=CARTESIAN_POINT('Origin',(0.,7.,0.));
#5889=CARTESIAN_POINT('',(-50.812962524602,7.,-50.812962524602));
#5890=CARTESIAN_POINT('',(-53.0248822777862,7.,-53.0248822777862));
#5891=CARTESIAN_POINT('',(-51.5151490631581,7.,-50.100935500785));
#5892=CARTESIAN_POINT('Origin',(0.,7.,0.));
#5893=CARTESIAN_POINT('',(-0.707106781186547,7.,0.707106781186547));
#5894=CARTESIAN_POINT('Origin',(-2.4142135623731,10.,-1.));
#5895=CARTESIAN_POINT('',(-11.2901120254449,10.,-9.87589846307182));
#5896=CARTESIAN_POINT('',(-11.2901120254449,5.,-9.87589846307182));
#5897=CARTESIAN_POINT('',(-46.3184361180124,10.,-44.9042225556393));
#5898=CARTESIAN_POINT('Ctrl Pts',(-46.3184361180124,10.,-44.9042225556393));
#5899=CARTESIAN_POINT('Ctrl Pts',(-46.7766541003458,10.,-45.3624405379727));
#5900=CARTESIAN_POINT('Ctrl Pts',(-47.2770881862905,9.93607086164524,-45.8628746239174));
#5901=CARTESIAN_POINT('Ctrl Pts',(-48.2571661983475,9.66039153967203,-46.8429526359744));
#5902=CARTESIAN_POINT('Ctrl Pts',(-48.7368100818472,9.44864105306671,-47.3225965194741));
#5903=CARTESIAN_POINT('Ctrl Pts',(-49.583463763408,8.95271211633676,-48.1692502010349));
#5904=CARTESIAN_POINT('Ctrl Pts',(-50.0284783929401,8.62285207690579,-48.614264830567));
#5905=CARTESIAN_POINT('Ctrl Pts',(-50.8364721355315,7.85939052708131,-49.4222585731584));
#5906=CARTESIAN_POINT('Ctrl Pts',(-51.2028030125678,7.43275747516857,-49.7885894501947));
#5907=CARTESIAN_POINT('Ctrl Pts',(-51.5151490631581,7.,-50.100935500785));
#5908=CARTESIAN_POINT('',(-1.56066017177982,10.,-0.146446609406727));
#5909=CARTESIAN_POINT('Origin',(-53.0248822777862,10.,-53.0248822777862));
#5910=CARTESIAN_POINT('',(-10.6066017177982,10.,-10.6066017177982));
#5911=CARTESIAN_POINT('',(-10.6066017177982,5.,-10.6066017177982));
#5912=CARTESIAN_POINT('',(-45.6168101018954,10.,-45.6168101018954));
#5913=CARTESIAN_POINT('',(-26.5124411388931,10.,-26.5124411388931));
#5914=CARTESIAN_POINT('Origin',(-45.6168101018954,-0.5,-45.6168101018954));
#5915=CARTESIAN_POINT('Origin',(-35.5386221979117,7.,-14.3484297497246));
#5916=CARTESIAN_POINT('',(-14.2100461416055,7.,-4.8036016335081));
#5917=CARTESIAN_POINT('',(-13.8581929876693,7.,-5.74025148547635));
#5918=CARTESIAN_POINT('Origin',(0.,7.,0.));
#5919=CARTESIAN_POINT('',(-66.3903349702963,7.,-27.4997771551895));
#5920=CARTESIAN_POINT('',(-69.2803474010851,7.,-28.6968594994491));
#5921=CARTESIAN_POINT('',(-66.7665897958622,7.,-26.5732348065548));
#5922=CARTESIAN_POINT('Origin',(0.,7.,0.));
#5923=CARTESIAN_POINT('',(-0.38268343236509,7.,0.923879532511286));
#5924=CARTESIAN_POINT('Origin',(-2.61312592975275,10.,-1.2490009027033E-15));
#5925=CARTESIAN_POINT('',(-14.2100461416055,10.,-4.8036016335081));
#5926=CARTESIAN_POINT('',(-14.2100461416055,5.,-4.8036016335081));
#5927=CARTESIAN_POINT('',(-59.9767571226411,10.,-23.7607940270627));
#5928=CARTESIAN_POINT('Ctrl Pts',(-59.9767571226411,10.,-23.7607940270627));
#5929=CARTESIAN_POINT('Ctrl Pts',(-60.5754477681983,10.,-24.0087798121184));
#5930=CARTESIAN_POINT('Ctrl Pts',(-61.2292964112554,9.93607086164524,-24.2796127878119));
#5931=CARTESIAN_POINT('Ctrl Pts',(-62.5098300444987,9.66039153967204,-24.8100271857762));
#5932=CARTESIAN_POINT('Ctrl Pts',(-63.136514979009,9.44864105306671,-25.0696085849852));
#5933=CARTESIAN_POINT('Ctrl Pts',(-64.2427213234125,8.95271211633676,-25.5278142556203));
#5934=CARTESIAN_POINT('Ctrl Pts',(-64.8241609571873,8.62285207690579,-25.7686544376311));
#5935=CARTESIAN_POINT('Ctrl Pts',(-65.8798556571092,7.85939052708131,-26.2059375000641));
#5936=CARTESIAN_POINT('Ctrl Pts',(-66.3584900139354,7.43275747516857,-26.4041943420793));
#5937=CARTESIAN_POINT('Ctrl Pts',(-66.7665897958622,7.,-26.5732348065548));
#5938=CARTESIAN_POINT('',(-1.49790468105892,10.,0.461939766255643));
#5939=CARTESIAN_POINT('Origin',(-69.2803474010851,10.,-28.6968594994491));
#5940=CARTESIAN_POINT('',(-13.8581929876693,10.,-5.74025148547635));
#5941=CARTESIAN_POINT('',(-13.8581929876693,5.,-5.74025148547635));
#5942=CARTESIAN_POINT('',(-59.6012346549351,10.,-24.6876397282555));
#5943=CARTESIAN_POINT('',(-34.6401737005426,10.,-14.3484297497245));
#5944=CARTESIAN_POINT('Origin',(-59.6012346549351,-0.5,-24.6876397282555));
#5945=CARTESIAN_POINT('Origin',(-38.1475353126792,7.,0.499999999999992));
#5946=CARTESIAN_POINT('',(-14.9666295470958,7.,0.999999999999997));
#5947=CARTESIAN_POINT('',(-15.,7.,-3.33066907387547E-15));
#5948=CARTESIAN_POINT('Origin',(0.,7.,0.));
#5949=CARTESIAN_POINT('',(-71.860380746648,7.,-1.59562098526518E-14));
#5950=CARTESIAN_POINT('',(-74.988507660482,7.,-1.66507935573894E-14));
#5951=CARTESIAN_POINT('',(-71.8534224727899,7.,0.999999999999984));
#5952=CARTESIAN_POINT('Origin',(0.,7.,0.));
#5953=CARTESIAN_POINT('',(-2.22044604925031E-16,7.,1.));
#5954=CARTESIAN_POINT('Origin',(-2.41421356237311,10.,1.));
#5955=CARTESIAN_POINT('',(-14.9666295470958,10.,0.999999999999997));
#5956=CARTESIAN_POINT('',(-14.9666295470958,5.,0.999999999999997));
#5957=CARTESIAN_POINT('',(-64.5041605460049,10.,0.999999999999986));
#5958=CARTESIAN_POINT('Ctrl Pts',(-64.5041605460049,10.,0.999999999999986));
#5959=CARTESIAN_POINT('Ctrl Pts',(-65.1521786311441,10.,0.999999999999986));
#5960=CARTESIAN_POINT('Ctrl Pts',(-65.8598993025609,9.93607086164525,0.999999999999985));
#5961=CARTESIAN_POINT('Ctrl Pts',(-67.2459389193955,9.66039153967204,0.999999999999985));
#5962=CARTESIAN_POINT('Ctrl Pts',(-67.9242578045501,9.44864105306671,0.999999999999985));
#5963=CARTESIAN_POINT('Ctrl Pts',(-69.1216069236465,8.95271211633676,0.999999999999984));
#5964=CARTESIAN_POINT('Ctrl Pts',(-69.7509526481852,8.6228520769058,0.999999999999984));
#5965=CARTESIAN_POINT('Ctrl Pts',(-70.8936283572706,7.85939052708132,0.999999999999984));
#5966=CARTESIAN_POINT('Ctrl Pts',(-71.4116984518913,7.43275747516857,0.999999999999984));
#5967=CARTESIAN_POINT('Ctrl Pts',(-71.8534224727899,7.,0.999999999999984));
#5968=CARTESIAN_POINT('',(-1.20710678118655,10.,1.));
#5969=CARTESIAN_POINT('Origin',(-74.988507660482,10.,-1.66507935573894E-14));
#5970=CARTESIAN_POINT('',(-15.,10.,-3.33066907387547E-15));
#5971=CARTESIAN_POINT('',(-15.,5.,-3.33066907387547E-15));
#5972=CARTESIAN_POINT('',(-64.5119115182985,10.,-1.43245219060392E-14));
#5973=CARTESIAN_POINT('',(-37.494253830241,10.,-8.32539677869471E-15));
#5974=CARTESIAN_POINT('Origin',(-64.5119115182985,-0.5,-1.43245219060392E-14));
#5975=CARTESIAN_POINT('Origin',(1.84775906502257,10.,-1.84775906502257));
#5976=CARTESIAN_POINT('',(13.4446792768754,10.,-6.65136069853067));
#5977=CARTESIAN_POINT('',(13.4446792768754,7.,-6.65136069853067));
#5978=CARTESIAN_POINT('',(13.4446792768754,5.,-6.65136069853066));
#5979=CARTESIAN_POINT('',(66.001222931132,7.,-28.4209938715774));
#5980=CARTESIAN_POINT('',(-0.38268343236509,7.,-0.923879532511287));
#5981=CARTESIAN_POINT('',(59.2113902579109,10.,-25.6085530920852));
#5982=CARTESIAN_POINT('Ctrl Pts',(59.2113902579109,10.,-25.6085530920852));
#5983=CARTESIAN_POINT('Ctrl Pts',(59.8100809034682,10.,-25.856538877141));
#5984=CARTESIAN_POINT('Ctrl Pts',(60.4639295465252,9.93607086164525,-26.1273718528345));
#5985=CARTESIAN_POINT('Ctrl Pts',(61.7444631797686,9.66039153967204,-26.6577862507987));
#5986=CARTESIAN_POINT('Ctrl Pts',(62.3711481142788,9.44864105306671,-26.9173676500078));
#5987=CARTESIAN_POINT('Ctrl Pts',(63.4773544586823,8.95271211633676,-27.3755733206429));
#5988=CARTESIAN_POINT('Ctrl Pts',(64.0587940924571,8.62285207690578,-27.6164135026536));
#5989=CARTESIAN_POINT('Ctrl Pts',(65.114488792379,7.8593905270813,-28.0536965650867));
#5990=CARTESIAN_POINT('Ctrl Pts',(65.5931231492053,7.43275747516857,-28.2519534071018));
#5991=CARTESIAN_POINT('Ctrl Pts',(66.001222931132,7.,-28.4209938715774));
#5992=CARTESIAN_POINT('',(0.732537816328742,10.,-1.38581929876693));
#5993=CARTESIAN_POINT('Origin',(0.,10.,0.));
#5994=CARTESIAN_POINT('',(-13.8581929876693,10.,5.74025148547634));
#5995=CARTESIAN_POINT('Origin',(0.,10.,0.));
#5996=CARTESIAN_POINT('',(-59.6012346549351,10.,24.6876397282554));
#5997=CARTESIAN_POINT('Origin',(0.,10.,0.));
#5998=CARTESIAN_POINT('',(-34.6401737005426,10.,14.3484297497245));
#5999=CARTESIAN_POINT('Origin',(0.,10.,0.));
#6000=CARTESIAN_POINT('Origin',(0.,10.,0.));
#6001=CARTESIAN_POINT('Origin',(0.,10.,0.));
#6002=CARTESIAN_POINT('Origin',(0.,10.,0.));
#6003=CARTESIAN_POINT('Origin',(0.,10.,0.));
#6004=CARTESIAN_POINT('Origin',(0.,10.,0.));
#6005=CARTESIAN_POINT('Origin',(0.,10.,0.));
#6006=CARTESIAN_POINT('Origin',(0.,10.,0.));
#6007=CARTESIAN_POINT('Origin',(0.,10.,0.));
#6008=CARTESIAN_POINT('Origin',(0.,10.,0.));
#6009=CARTESIAN_POINT('Origin',(0.,10.,0.));
#6010=CARTESIAN_POINT('Origin',(0.,10.,0.));
#6011=CARTESIAN_POINT('Origin',(0.,10.,0.));
#6012=CARTESIAN_POINT('Origin',(0.,10.,0.));
#6013=CARTESIAN_POINT('Origin',(0.,10.,0.));
#6014=CARTESIAN_POINT('Origin',(0.,10.,0.));
#6015=CARTESIAN_POINT('Origin',(0.,10.,0.));
#6016=CARTESIAN_POINT('Origin',(0.,10.,0.));
#6017=CARTESIAN_POINT('Origin',(0.,10.,0.));
#6018=CARTESIAN_POINT('Origin',(0.,10.,0.));
#6019=CARTESIAN_POINT('Origin',(0.,10.,0.));
#6020=CARTESIAN_POINT('Origin',(35.1401737005426,7.,-15.3103695159802));
#6021=CARTESIAN_POINT('',(13.8581929876693,7.,-5.74025148547634));
#6022=CARTESIAN_POINT('Origin',(0.,7.,0.));
#6023=CARTESIAN_POINT('',(66.3903349702963,7.,-27.4997771551895));
#6024=CARTESIAN_POINT('',(69.2803474010852,7.,-28.6968594994491));
#6025=CARTESIAN_POINT('Origin',(0.,7.,0.));
#6026=CARTESIAN_POINT('Origin',(69.2803474010852,10.,-28.6968594994491));
#6027=CARTESIAN_POINT('',(13.8581929876693,10.,-5.74025148547634));
#6028=CARTESIAN_POINT('',(13.8581929876693,5.,-5.74025148547635));
#6029=CARTESIAN_POINT('',(59.6012346549351,10.,-24.6876397282554));
#6030=CARTESIAN_POINT('',(34.6401737005426,10.,-14.3484297497245));
#6031=CARTESIAN_POINT('Origin',(59.6012346549351,-0.5,-24.6876397282554));
#6032=CARTESIAN_POINT('Origin',(0.,-0.5,0.));
#6033=CARTESIAN_POINT('',(64.5041605460049,10.,-1.00000000000001));
#6034=CARTESIAN_POINT('Origin',(0.,10.,0.));
#6035=CARTESIAN_POINT('',(71.8534224727899,7.,-1.00000000000002));
#6036=CARTESIAN_POINT('Ctrl Pts',(64.5041605460049,10.,-1.00000000000001));
#6037=CARTESIAN_POINT('Ctrl Pts',(65.1521786311441,10.,-1.00000000000001));
#6038=CARTESIAN_POINT('Ctrl Pts',(65.8598993025609,9.93607086164525,-1.00000000000002));
#6039=CARTESIAN_POINT('Ctrl Pts',(67.2459389193955,9.66039153967204,-1.00000000000002));
#6040=CARTESIAN_POINT('Ctrl Pts',(67.9242578045501,9.44864105306671,-1.00000000000002));
#6041=CARTESIAN_POINT('Ctrl Pts',(69.1216069236465,8.95271211633676,-1.00000000000002));
#6042=CARTESIAN_POINT('Ctrl Pts',(69.7509526481852,8.6228520769058,-1.00000000000002));
#6043=CARTESIAN_POINT('Ctrl Pts',(70.8936283572706,7.85939052708132,-1.00000000000002));
#6044=CARTESIAN_POINT('Ctrl Pts',(71.4116984518913,7.43275747516857,-1.00000000000002));
#6045=CARTESIAN_POINT('Ctrl Pts',(71.8534224727899,7.,-1.00000000000002));
#6046=CARTESIAN_POINT('',(71.860380746648,7.,-1.59562098526518E-14));
#6047=CARTESIAN_POINT('Origin',(0.,7.,0.));
#6048=CARTESIAN_POINT('Origin',(64.5119115182985,-0.5,7.90043059477615E-15));
#6049=CARTESIAN_POINT('',(64.5119115182985,10.,-1.43245219060392E-14));
#6050=CARTESIAN_POINT('Origin',(64.5119115182985,-0.5,-1.43245219060392E-14));
#6051=CARTESIAN_POINT('',(59.9767571226411,10.,23.7607940270627));
#6052=CARTESIAN_POINT('Origin',(0.,10.,0.));
#6053=CARTESIAN_POINT('',(66.7665897958622,7.,26.5732348065548));
#6054=CARTESIAN_POINT('Ctrl Pts',(59.9767571226411,10.,23.7607940270627));
#6055=CARTESIAN_POINT('Ctrl Pts',(60.5754477681983,10.,24.0087798121184));
#6056=CARTESIAN_POINT('Ctrl Pts',(61.2292964112554,9.93607086164525,24.2796127878119));
#6057=CARTESIAN_POINT('Ctrl Pts',(62.5098300444987,9.66039153967204,24.8100271857762));
#6058=CARTESIAN_POINT('Ctrl Pts',(63.136514979009,9.44864105306671,25.0696085849852));
#6059=CARTESIAN_POINT('Ctrl Pts',(64.2427213234125,8.95271211633676,25.5278142556203));
#6060=CARTESIAN_POINT('Ctrl Pts',(64.8241609571873,8.62285207690579,25.7686544376311));
#6061=CARTESIAN_POINT('Ctrl Pts',(65.8798556571092,7.8593905270813,26.2059375000641));
#6062=CARTESIAN_POINT('Ctrl Pts',(66.3584900139354,7.43275747516857,26.4041943420793));
#6063=CARTESIAN_POINT('Ctrl Pts',(66.7665897958622,7.,26.5732348065548));
#6064=CARTESIAN_POINT('',(66.3903349702963,7.,27.4997771551895));
#6065=CARTESIAN_POINT('Origin',(0.,7.,0.));
#6066=CARTESIAN_POINT('',(59.6012346549351,10.,24.6876397282554));
#6067=CARTESIAN_POINT('Origin',(59.6012346549351,-0.5,24.6876397282554));
#6068=CARTESIAN_POINT('',(46.3184361180124,10.,44.9042225556393));
#6069=CARTESIAN_POINT('Origin',(0.,10.,0.));
#6070=CARTESIAN_POINT('',(51.5151490631581,7.,50.100935500785));
#6071=CARTESIAN_POINT('Ctrl Pts',(46.3184361180124,10.,44.9042225556393));
#6072=CARTESIAN_POINT('Ctrl Pts',(46.7766541003458,10.,45.3624405379727));
#6073=CARTESIAN_POINT('Ctrl Pts',(47.2770881862905,9.93607086164524,45.8628746239174));
#6074=CARTESIAN_POINT('Ctrl Pts',(48.2571661983475,9.66039153967203,46.8429526359744));
#6075=CARTESIAN_POINT('Ctrl Pts',(48.7368100818472,9.44864105306671,47.3225965194741));
#6076=CARTESIAN_POINT('Ctrl Pts',(49.583463763408,8.95271211633676,48.1692502010349));
#6077=CARTESIAN_POINT('Ctrl Pts',(50.0284783929401,8.62285207690579,48.614264830567));
#6078=CARTESIAN_POINT('Ctrl Pts',(50.8364721355315,7.85939052708131,49.4222585731584));
#6079=CARTESIAN_POINT('Ctrl Pts',(51.2028030125678,7.43275747516857,49.7885894501947));
#6080=CARTESIAN_POINT('Ctrl Pts',(51.5151490631581,7.,50.100935500785));
#6081=CARTESIAN_POINT('',(50.812962524602,7.,50.812962524602));
#6082=CARTESIAN_POINT('Origin',(0.,7.,0.));
#6083=CARTESIAN_POINT('',(45.6168101018954,10.,45.6168101018954));
#6084=CARTESIAN_POINT('Origin',(45.6168101018954,-0.5,45.6168101018954));
#6085=CARTESIAN_POINT('',(25.6085530920852,10.,59.2113902579109));
#6086=CARTESIAN_POINT('Origin',(0.,10.,0.));
#6087=CARTESIAN_POINT('',(28.4209938715774,7.,66.001222931132));
#6088=CARTESIAN_POINT('Ctrl Pts',(25.6085530920852,10.,59.2113902579109));
#6089=CARTESIAN_POINT('Ctrl Pts',(25.856538877141,10.,59.8100809034682));
#6090=CARTESIAN_POINT('Ctrl Pts',(26.1273718528345,9.93607086164525,60.4639295465253));
#6091=CARTESIAN_POINT('Ctrl Pts',(26.6577862507987,9.66039153967204,61.7444631797686));
#6092=CARTESIAN_POINT('Ctrl Pts',(26.9173676500078,9.44864105306671,62.3711481142788));
#6093=CARTESIAN_POINT('Ctrl Pts',(27.3755733206429,8.95271211633676,63.4773544586823));
#6094=CARTESIAN_POINT('Ctrl Pts',(27.6164135026536,8.62285207690579,64.0587940924571));
#6095=CARTESIAN_POINT('Ctrl Pts',(28.0536965650867,7.8593905270813,65.114488792379));
#6096=CARTESIAN_POINT('Ctrl Pts',(28.2519534071018,7.43275747516857,65.5931231492053));
#6097=CARTESIAN_POINT('Ctrl Pts',(28.4209938715774,7.,66.001222931132));
#6098=CARTESIAN_POINT('',(27.4997771551895,7.,66.3903349702963));
#6099=CARTESIAN_POINT('Origin',(0.,7.,0.));
#6100=CARTESIAN_POINT('',(24.6876397282554,10.,59.6012346549351));
#6101=CARTESIAN_POINT('Origin',(24.6876397282554,-0.5,59.6012346549351));
#6102=CARTESIAN_POINT('',(1.,10.,64.5041605460049));
#6103=CARTESIAN_POINT('Origin',(0.,10.,0.));
#6104=CARTESIAN_POINT('',(1.,7.,71.8534224727899));
#6105=CARTESIAN_POINT('Ctrl Pts',(1.,10.,64.5041605460049));
#6106=CARTESIAN_POINT('Ctrl Pts',(1.,10.,65.1521786311441));
#6107=CARTESIAN_POINT('Ctrl Pts',(1.,9.93607086164525,65.8598993025609));
#6108=CARTESIAN_POINT('Ctrl Pts',(1.,9.66039153967204,67.2459389193955));
#6109=CARTESIAN_POINT('Ctrl Pts',(1.,9.44864105306671,67.9242578045501));
#6110=CARTESIAN_POINT('Ctrl Pts',(1.,8.95271211633676,69.1216069236465));
#6111=CARTESIAN_POINT('Ctrl Pts',(1.,8.6228520769058,69.7509526481852));
#6112=CARTESIAN_POINT('Ctrl Pts',(1.,7.85939052708131,70.8936283572706));
#6113=CARTESIAN_POINT('Ctrl Pts',(1.,7.43275747516857,71.4116984518913));
#6114=CARTESIAN_POINT('Ctrl Pts',(1.,7.,71.8534224727899));
#6115=CARTESIAN_POINT('',(0.,7.,71.860380746648));
#6116=CARTESIAN_POINT('Origin',(0.,7.,0.));
#6117=CARTESIAN_POINT('',(0.,10.,64.5119115182985));
#6118=CARTESIAN_POINT('Origin',(0.,-0.5,64.5119115182985));
#6119=CARTESIAN_POINT('',(-23.7607940270627,10.,59.9767571226411));
#6120=CARTESIAN_POINT('Origin',(0.,10.,0.));
#6121=CARTESIAN_POINT('',(-26.5732348065549,7.,66.7665897958622));
#6122=CARTESIAN_POINT('Ctrl Pts',(-23.7607940270627,10.,59.9767571226411));
#6123=CARTESIAN_POINT('Ctrl Pts',(-24.0087798121184,10.,60.5754477681983));
#6124=CARTESIAN_POINT('Ctrl Pts',(-24.2796127878119,9.93607086164525,61.2292964112554));
#6125=CARTESIAN_POINT('Ctrl Pts',(-24.8100271857762,9.66039153967204,62.5098300444987));
#6126=CARTESIAN_POINT('Ctrl Pts',(-25.0696085849852,9.44864105306671,63.136514979009));
#6127=CARTESIAN_POINT('Ctrl Pts',(-25.5278142556203,8.95271211633676,64.2427213234125));
#6128=CARTESIAN_POINT('Ctrl Pts',(-25.7686544376311,8.62285207690578,64.8241609571873));
#6129=CARTESIAN_POINT('Ctrl Pts',(-26.2059375000641,7.8593905270813,65.8798556571092));
#6130=CARTESIAN_POINT('Ctrl Pts',(-26.4041943420793,7.43275747516857,66.3584900139354));
#6131=CARTESIAN_POINT('Ctrl Pts',(-26.5732348065549,7.,66.7665897958622));
#6132=CARTESIAN_POINT('',(-27.4997771551895,7.,66.3903349702962));
#6133=CARTESIAN_POINT('Origin',(0.,7.,0.));
#6134=CARTESIAN_POINT('',(-24.6876397282555,10.,59.6012346549351));
#6135=CARTESIAN_POINT('Origin',(-24.6876397282555,-0.5,59.6012346549351));
#6136=CARTESIAN_POINT('',(-44.9042225556393,10.,46.3184361180123));
#6137=CARTESIAN_POINT('Origin',(0.,10.,0.));
#6138=CARTESIAN_POINT('',(-50.100935500785,7.,51.5151490631581));
#6139=CARTESIAN_POINT('Ctrl Pts',(-44.9042225556393,10.,46.3184361180123));
#6140=CARTESIAN_POINT('Ctrl Pts',(-45.3624405379727,10.,46.7766541003458));
#6141=CARTESIAN_POINT('Ctrl Pts',(-45.8628746239174,9.93607086164524,47.2770881862905));
#6142=CARTESIAN_POINT('Ctrl Pts',(-46.8429526359744,9.66039153967204,48.2571661983475));
#6143=CARTESIAN_POINT('Ctrl Pts',(-47.3225965194741,9.44864105306671,48.7368100818472));
#6144=CARTESIAN_POINT('Ctrl Pts',(-48.1692502010349,8.95271211633676,49.583463763408));
#6145=CARTESIAN_POINT('Ctrl Pts',(-48.614264830567,8.62285207690579,50.0284783929401));
#6146=CARTESIAN_POINT('Ctrl Pts',(-49.4222585731585,7.85939052708131,50.8364721355315));
#6147=CARTESIAN_POINT('Ctrl Pts',(-49.7885894501947,7.43275747516856,51.2028030125678));
#6148=CARTESIAN_POINT('Ctrl Pts',(-50.100935500785,7.,51.5151490631581));
#6149=CARTESIAN_POINT('',(-50.8129625246021,7.,50.812962524602));
#6150=CARTESIAN_POINT('Origin',(0.,7.,0.));
#6151=CARTESIAN_POINT('',(-45.6168101018954,10.,45.6168101018954));
#6152=CARTESIAN_POINT('Origin',(-45.6168101018954,-0.5,45.6168101018954));
#6153=CARTESIAN_POINT('',(-59.2113902579109,10.,25.6085530920852));
#6154=CARTESIAN_POINT('Origin',(0.,10.,0.));
#6155=CARTESIAN_POINT('',(-66.001222931132,7.,28.4209938715774));
#6156=CARTESIAN_POINT('Ctrl Pts',(-59.2113902579109,10.,25.6085530920852));
#6157=CARTESIAN_POINT('Ctrl Pts',(-59.8100809034682,10.,25.856538877141));
#6158=CARTESIAN_POINT('Ctrl Pts',(-60.4639295465252,9.93607086164525,26.1273718528345));
#6159=CARTESIAN_POINT('Ctrl Pts',(-61.7444631797686,9.66039153967204,26.6577862507987));
#6160=CARTESIAN_POINT('Ctrl Pts',(-62.3711481142788,9.44864105306671,26.9173676500078));
#6161=CARTESIAN_POINT('Ctrl Pts',(-63.4773544586823,8.95271211633676,27.3755733206429));
#6162=CARTESIAN_POINT('Ctrl Pts',(-64.0587940924571,8.62285207690578,27.6164135026536));
#6163=CARTESIAN_POINT('Ctrl Pts',(-65.114488792379,7.8593905270813,28.0536965650867));
#6164=CARTESIAN_POINT('Ctrl Pts',(-65.5931231492053,7.43275747516857,28.2519534071018));
#6165=CARTESIAN_POINT('Ctrl Pts',(-66.001222931132,7.,28.4209938715774));
#6166=CARTESIAN_POINT('',(-66.3903349702963,7.,27.4997771551895));
#6167=CARTESIAN_POINT('Origin',(0.,7.,0.));
#6168=CARTESIAN_POINT('Origin',(-59.6012346549351,-0.5,24.6876397282554));
#6169=CARTESIAN_POINT('Origin',(-69.2803474010852,10.,28.6968594994491));
#6170=CARTESIAN_POINT('',(-13.8581929876693,7.,5.74025148547634));
#6171=CARTESIAN_POINT('',(-13.8581929876693,5.,5.74025148547635));
#6172=CARTESIAN_POINT('',(-69.2803474010852,7.,28.6968594994491));
#6173=CARTESIAN_POINT('Origin',(-35.1401737005426,7.,15.3103695159802));
#6174=CARTESIAN_POINT('',(-13.4446792768754,7.,6.65136069853067));
#6175=CARTESIAN_POINT('Origin',(0.,7.,0.));
#6176=CARTESIAN_POINT('',(0.38268343236509,7.,0.923879532511287));
#6177=CARTESIAN_POINT('Origin',(-1.84775906502258,10.,1.84775906502258));
#6178=CARTESIAN_POINT('',(-13.4446792768754,10.,6.65136069853067));
#6179=CARTESIAN_POINT('',(-13.4446792768754,5.,6.65136069853066));
#6180=CARTESIAN_POINT('',(-0.732537816328743,10.,1.38581929876693));
#6181=CARTESIAN_POINT('Origin',(0.,10.,0.));
#6182=CARTESIAN_POINT('',(-10.6066017177982,10.,10.6066017177982));
#6183=CARTESIAN_POINT('Origin',(0.,10.,0.));
#6184=CARTESIAN_POINT('',(-26.5124411388931,10.,26.5124411388931));
#6185=CARTESIAN_POINT('Origin',(-53.0248822777862,10.,53.0248822777862));
#6186=CARTESIAN_POINT('',(-10.6066017177982,7.,10.6066017177982));
#6187=CARTESIAN_POINT('',(-10.6066017177982,5.,10.6066017177982));
#6188=CARTESIAN_POINT('',(-53.0248822777862,7.,53.0248822777862));
#6189=CARTESIAN_POINT('Origin',(-26.7830391889662,7.,27.5192760119246));
#6190=CARTESIAN_POINT('',(-9.87589846307182,7.,11.2901120254449));
#6191=CARTESIAN_POINT('Origin',(0.,7.,0.));
#6192=CARTESIAN_POINT('',(0.707106781186547,7.,0.707106781186548));
#6193=CARTESIAN_POINT('Origin',(-1.,10.,2.4142135623731));
#6194=CARTESIAN_POINT('',(-9.87589846307182,10.,11.2901120254449));
#6195=CARTESIAN_POINT('',(-9.87589846307182,5.,11.2901120254449));
#6196=CARTESIAN_POINT('',(-0.146446609406728,10.,1.56066017177982));
#6197=CARTESIAN_POINT('Origin',(0.,10.,0.));
#6198=CARTESIAN_POINT('',(-5.74025148547636,10.,13.8581929876693));
#6199=CARTESIAN_POINT('Origin',(0.,10.,0.));
#6200=CARTESIAN_POINT('',(-14.3484297497246,10.,34.6401737005426));
#6201=CARTESIAN_POINT('Origin',(-28.6968594994491,10.,69.2803474010851));
#6202=CARTESIAN_POINT('',(-5.74025148547636,7.,13.8581929876693));
#6203=CARTESIAN_POINT('',(-5.74025148547636,5.,13.8581929876693));
#6204=CARTESIAN_POINT('',(-28.6968594994491,7.,69.2803474010851));
#6205=CARTESIAN_POINT('Origin',(-14.3484297497246,7.,35.5386221979117));
#6206=CARTESIAN_POINT('',(-4.8036016335081,7.,14.2100461416055));
#6207=CARTESIAN_POINT('Origin',(0.,7.,0.));
#6208=CARTESIAN_POINT('',(0.923879532511287,7.,0.38268343236509));
#6209=CARTESIAN_POINT('Origin',(4.57966997657877E-15,10.,2.61312592975274));
#6210=CARTESIAN_POINT('',(-4.8036016335081,10.,14.2100461416055));
#6211=CARTESIAN_POINT('',(-4.8036016335081,5.,14.2100461416055));
#6212=CARTESIAN_POINT('',(0.461939766255646,10.,1.49790468105891));
#6213=CARTESIAN_POINT('Origin',(0.,10.,0.));
#6214=CARTESIAN_POINT('',(0.,10.,15.));
#6215=CARTESIAN_POINT('Origin',(0.,10.,0.));
#6216=CARTESIAN_POINT('',(0.,10.,37.494253830241));
#6217=CARTESIAN_POINT('Origin',(0.,10.,74.988507660482));
#6218=CARTESIAN_POINT('',(0.,7.,15.));
#6219=CARTESIAN_POINT('',(0.,5.,15.));
#6220=CARTESIAN_POINT('',(0.,7.,74.988507660482));
#6221=CARTESIAN_POINT('Origin',(0.500000000000003,7.,38.1475353126792));
#6222=CARTESIAN_POINT('',(1.,7.,14.9666295470958));
#6223=CARTESIAN_POINT('Origin',(0.,7.,0.));
#6224=CARTESIAN_POINT('',(1.,7.,1.38426214752833E-33));
#6225=CARTESIAN_POINT('Origin',(1.,10.,2.4142135623731));
#6226=CARTESIAN_POINT('',(1.,10.,14.9666295470958));
#6227=CARTESIAN_POINT('',(1.,5.,14.9666295470958));
#6228=CARTESIAN_POINT('',(1.,10.,1.20710678118655));
#6229=CARTESIAN_POINT('Origin',(0.,10.,0.));
#6230=CARTESIAN_POINT('',(5.74025148547635,10.,13.8581929876693));
#6231=CARTESIAN_POINT('Origin',(0.,10.,0.));
#6232=CARTESIAN_POINT('',(14.3484297497245,10.,34.6401737005426));
#6233=CARTESIAN_POINT('Origin',(28.6968594994491,10.,69.2803474010852));
#6234=CARTESIAN_POINT('',(5.74025148547634,7.,13.8581929876693));
#6235=CARTESIAN_POINT('',(5.74025148547635,5.,13.8581929876693));
#6236=CARTESIAN_POINT('',(28.6968594994491,7.,69.2803474010852));
#6237=CARTESIAN_POINT('Origin',(15.3103695159802,7.,35.1401737005426));
#6238=CARTESIAN_POINT('',(6.65136069853066,7.,13.4446792768754));
#6239=CARTESIAN_POINT('Origin',(0.,7.,0.));
#6240=CARTESIAN_POINT('',(0.923879532511287,7.,-0.38268343236509));
#6241=CARTESIAN_POINT('Origin',(1.84775906502257,10.,1.84775906502257));
#6242=CARTESIAN_POINT('',(6.65136069853066,10.,13.4446792768754));
#6243=CARTESIAN_POINT('',(6.65136069853066,5.,13.4446792768754));
#6244=CARTESIAN_POINT('',(1.38581929876693,10.,0.732537816328742));
#6245=CARTESIAN_POINT('Origin',(0.,10.,0.));
#6246=CARTESIAN_POINT('',(10.6066017177982,10.,10.6066017177982));
#6247=CARTESIAN_POINT('Origin',(0.,10.,0.));
#6248=CARTESIAN_POINT('',(26.5124411388931,10.,26.5124411388931));
#6249=CARTESIAN_POINT('Origin',(53.0248822777862,10.,53.0248822777862));
#6250=CARTESIAN_POINT('',(10.6066017177982,7.,10.6066017177982));
#6251=CARTESIAN_POINT('',(10.6066017177982,5.,10.6066017177982));
#6252=CARTESIAN_POINT('',(53.0248822777862,7.,53.0248822777862));
#6253=CARTESIAN_POINT('Origin',(27.5192760119246,7.,26.7830391889662));
#6254=CARTESIAN_POINT('',(11.2901120254449,7.,9.87589846307182));
#6255=CARTESIAN_POINT('Origin',(0.,7.,0.));
#6256=CARTESIAN_POINT('',(0.707106781186547,7.,-0.707106781186548));
#6257=CARTESIAN_POINT('Origin',(2.4142135623731,10.,1.));
#6258=CARTESIAN_POINT('',(11.2901120254449,10.,9.87589846307182));
#6259=CARTESIAN_POINT('',(11.2901120254449,5.,9.87589846307181));
#6260=CARTESIAN_POINT('',(1.56066017177982,10.,0.146446609406727));
#6261=CARTESIAN_POINT('Origin',(0.,10.,0.));
#6262=CARTESIAN_POINT('',(13.8581929876693,10.,5.74025148547635));
#6263=CARTESIAN_POINT('Origin',(0.,10.,0.));
#6264=CARTESIAN_POINT('',(34.6401737005426,10.,14.3484297497245));
#6265=CARTESIAN_POINT('Origin',(69.2803474010852,10.,28.6968594994491));
#6266=CARTESIAN_POINT('',(13.8581929876693,7.,5.74025148547635));
#6267=CARTESIAN_POINT('',(13.8581929876693,5.,5.74025148547635));
#6268=CARTESIAN_POINT('',(69.2803474010852,7.,28.6968594994491));
#6269=CARTESIAN_POINT('Origin',(35.5386221979117,7.,14.3484297497245));
#6270=CARTESIAN_POINT('',(14.2100461416055,7.,4.80360163350809));
#6271=CARTESIAN_POINT('Origin',(0.,7.,0.));
#6272=CARTESIAN_POINT('',(0.38268343236509,7.,-0.923879532511287));
#6273=CARTESIAN_POINT('Origin',(2.61312592975275,10.,2.77555756156289E-16));
#6274=CARTESIAN_POINT('',(14.2100461416055,10.,4.80360163350809));
#6275=CARTESIAN_POINT('',(14.2100461416055,5.,4.80360163350809));
#6276=CARTESIAN_POINT('',(1.49790468105892,10.,-0.461939766255643));
#6277=CARTESIAN_POINT('Origin',(0.,10.,0.));
#6278=CARTESIAN_POINT('',(15.,10.,-3.33066907387547E-15));
#6279=CARTESIAN_POINT('Origin',(0.,10.,0.));
#6280=CARTESIAN_POINT('',(37.494253830241,10.,-8.32539677869471E-15));
#6281=CARTESIAN_POINT('Origin',(74.988507660482,10.,-1.66507935573894E-14));
#6282=CARTESIAN_POINT('',(15.,7.,-3.33066907387547E-15));
#6283=CARTESIAN_POINT('',(15.,5.,-3.33066907387547E-15));
#6284=CARTESIAN_POINT('',(74.988507660482,7.,-1.66507935573894E-14));
#6285=CARTESIAN_POINT('Origin',(38.1475353126792,7.,-0.500000000000009));
#6286=CARTESIAN_POINT('',(14.9666295470958,7.,-1.));
#6287=CARTESIAN_POINT('Origin',(0.,7.,0.));
#6288=CARTESIAN_POINT('',(-2.22044604925031E-16,7.,-1.));
#6289=CARTESIAN_POINT('Origin',(2.41421356237311,10.,-1.));
#6290=CARTESIAN_POINT('',(14.9666295470958,10.,-1.));
#6291=CARTESIAN_POINT('',(14.9666295470958,5.,-1.));
#6292=CARTESIAN_POINT('',(1.20710678118655,10.,-1.));
#6293=CARTESIAN_POINT('Origin',(0.,10.,0.));
#6294=CARTESIAN_POINT('Origin',(0.,10.,0.));
#6295=CARTESIAN_POINT('Origin',(0.,5.,0.));
#6296=CARTESIAN_POINT('',(-15.,28.,1.83697019872103E-15));
#6297=CARTESIAN_POINT('Origin',(0.,28.,0.));
#6298=CARTESIAN_POINT('',(-15.,5.,1.83697019872103E-15));
#6299=CARTESIAN_POINT('Origin',(0.,28.,0.));
#6300=CARTESIAN_POINT('Origin',(-190.,30.,0.));
#6301=CARTESIAN_POINT('',(-175.,29.8541019662497,1.83697019872103E-15));
#6302=CARTESIAN_POINT('',(-190.,29.8541019662497,-15.));
#6303=CARTESIAN_POINT('Origin',(-190.,29.8541019662497,0.));
#6304=CARTESIAN_POINT('',(-175.,15.,1.83697019872103E-15));
#6305=CARTESIAN_POINT('',(-175.,30.,1.83697019872103E-15));
#6306=CARTESIAN_POINT('Origin',(-190.,15.,0.));
#6307=CARTESIAN_POINT('Origin',(-190.,29.8541019662497,0.));
#6308=CARTESIAN_POINT('Origin',(-190.,15.,0.));
#6309=CARTESIAN_POINT('Origin',(-190.,10.,0.));
#6310=CARTESIAN_POINT('',(-90.1091790032581,9.99999999999999,1.22330974197861E-14));
#6311=CARTESIAN_POINT('Origin',(-190.,10.,0.));
#6312=CARTESIAN_POINT('',(-172.5,10.,2.14313189850787E-15));
#6313=CARTESIAN_POINT('Origin',(-190.,10.,0.));
#6314=CARTESIAN_POINT('Origin',(-166.101532422813,0.,-28.4810845926094));
#6315=CARTESIAN_POINT('',(-161.983802354274,0.,-28.4810845926094));
#6316=CARTESIAN_POINT('Origin',(-166.101532422813,0.,-28.4810845926094));
#6317=CARTESIAN_POINT('',(-161.983802354274,0.999999999999996,-28.4810845926094));
#6318=CARTESIAN_POINT('',(-161.983802354274,-5.04276494818876E-16,-28.4810845926094));
#6319=CARTESIAN_POINT('Origin',(-166.101532422813,0.999999999999996,-28.4810845926094));
#6320=CARTESIAN_POINT('Origin',(-166.101532422813,0.999999999999996,-28.4810845926094));
#6321=CARTESIAN_POINT('Origin',(-202.71610899594,0.,34.9372223296678));
#6322=CARTESIAN_POINT('',(-198.598378927401,0.,34.9372223296678));
#6323=CARTESIAN_POINT('Origin',(-202.71610899594,0.,34.9372223296678));
#6324=CARTESIAN_POINT('',(-198.598378927401,0.999999999999996,34.9372223296678));
#6325=CARTESIAN_POINT('',(-198.598378927401,-5.04276494818876E-16,34.9372223296678));
#6326=CARTESIAN_POINT('Origin',(-202.71610899594,0.999999999999996,34.9372223296678));
#6327=CARTESIAN_POINT('Origin',(-202.71610899594,0.999999999999996,34.9372223296678));
#6328=CARTESIAN_POINT('Origin',(-233.265832212285,8.88178419700125E-15,
-68.1282392946759));
#6329=CARTESIAN_POINT('',(-233.265832212285,8.88178419700125E-15,-68.1282392946759));
#6330=CARTESIAN_POINT('',(-236.068628941661,8.88178419700125E-15,-71.4684823662216));
#6331=CARTESIAN_POINT('',(-207.554327824823,0.,-37.4864615699168));
#6332=CARTESIAN_POINT('',(-233.265832212285,1.00000000000001,-68.1282392946759));
#6333=CARTESIAN_POINT('',(-233.265832212285,8.88178419700125E-15,-68.1282392946759));
#6334=CARTESIAN_POINT('',(-236.068628941661,1.00000000000001,-71.4684823662216));
#6335=CARTESIAN_POINT('',(-233.265832212285,1.00000000000001,-68.1282392946759));
#6336=CARTESIAN_POINT('',(-236.068628941661,8.88178419700125E-15,-71.4684823662216));
#6337=CARTESIAN_POINT('Origin',(-228.202142935223,8.88178419700125E-15,
-46.0319361131014));
#6338=CARTESIAN_POINT('',(-249.083453206113,8.88178419700125E-15,-54.8556793526528));
#6339=CARTESIAN_POINT('Origin',(-228.202142935223,8.88178419700125E-15,
-46.0319361131014));
#6340=CARTESIAN_POINT('',(-249.083453206113,1.00000000000001,-54.8556793526528));
#6341=CARTESIAN_POINT('',(-249.083453206113,8.88178419700125E-15,-54.8556793526528));
#6342=CARTESIAN_POINT('Origin',(-228.202142935223,1.00000000000001,-46.0319361131014));
#6343=CARTESIAN_POINT('Origin',(-251.886249935489,8.88178419700125E-15,
-58.1959224241985));
#6344=CARTESIAN_POINT('',(-251.886249935489,8.88178419700125E-15,-58.1959224241985));
#6345=CARTESIAN_POINT('',(-224.77334718334,0.,-25.8840231636666));
#6346=CARTESIAN_POINT('',(-251.886249935489,1.00000000000001,-58.1959224241985));
#6347=CARTESIAN_POINT('',(-251.886249935489,8.88178419700125E-15,-58.1959224241985));
#6348=CARTESIAN_POINT('',(-251.886249935489,1.00000000000001,-58.1959224241985));
#6349=CARTESIAN_POINT('Origin',(-235.159915051597,8.88178419700125E-15,
-54.3238860292418));
#6350=CARTESIAN_POINT('Origin',(-235.159915051597,8.88178419700125E-15,
-54.3238860292418));
#6351=CARTESIAN_POINT('Origin',(-235.159915051597,1.00000000000001,-54.3238860292418));
#6352=CARTESIAN_POINT('Origin',(-242.576041073887,1.00000000000001,-63.1620808594372));
#6353=CARTESIAN_POINT('Origin',(-126.042186569864,-8.88178419700125E-15,
49.2218175979935));
#6354=CARTESIAN_POINT('',(-126.042186569864,-8.88178419700125E-15,49.2218175979935));
#6355=CARTESIAN_POINT('',(-122.265988751634,-8.88178419700125E-15,51.4020064248622));
#6356=CARTESIAN_POINT('',(-160.683202721242,0.,29.2218175979935));
#6357=CARTESIAN_POINT('',(-126.042186569864,0.999999999999988,49.2218175979935));
#6358=CARTESIAN_POINT('',(-126.042186569864,-8.88178419700125E-15,49.2218175979935));
#6359=CARTESIAN_POINT('',(-122.265988751634,0.999999999999988,51.4020064248622));
#6360=CARTESIAN_POINT('',(-126.042186569864,0.999999999999988,49.2218175979935));
#6361=CARTESIAN_POINT('',(-122.265988751634,-8.88178419700125E-15,51.4020064248622));
#6362=CARTESIAN_POINT('Origin',(-138.357878798601,-8.88178419700125E-15,
30.189968283917));
#6363=CARTESIAN_POINT('',(-115.717967697245,-8.88178419700125E-15,31.3397459621556));
#6364=CARTESIAN_POINT('Origin',(-138.357878798601,-8.88178419700125E-15,
30.189968283917));
#6365=CARTESIAN_POINT('',(-115.717967697245,0.999999999999988,31.3397459621556));
#6366=CARTESIAN_POINT('',(-115.717967697245,-8.88178419700125E-15,31.3397459621556));
#6367=CARTESIAN_POINT('Origin',(-138.357878798601,0.999999999999988,30.189968283917));
#6368=CARTESIAN_POINT('Origin',(-111.941769879014,-8.88178419700125E-15,
33.5199347890243));
#6369=CARTESIAN_POINT('',(-111.941769879014,-8.88178419700125E-15,33.5199347890243));
#6370=CARTESIAN_POINT('',(-148.470884939507,-8.88178419700125E-15,12.4298403755899));
#6371=CARTESIAN_POINT('',(-111.941769879014,0.999999999999988,33.5199347890243));
#6372=CARTESIAN_POINT('',(-111.941769879014,-8.88178419700125E-15,33.5199347890243));
#6373=CARTESIAN_POINT('',(-111.941769879014,0.999999999999988,33.5199347890243));
#6374=CARTESIAN_POINT('Origin',(-128.983697784967,-8.88178419700125E-15,
35.6021542155709));
#6375=CARTESIAN_POINT('Origin',(-128.983697784967,-8.88178419700125E-15,
35.6021542155709));
#6376=CARTESIAN_POINT('Origin',(-128.983697784967,0.999999999999988,35.6021542155709));
#6377=CARTESIAN_POINT('Origin',(-118.928611328538,0.999999999999988,41.3708761935089));
#6378=CARTESIAN_POINT('Origin',(-264.606251175374,8.88178419700125E-15,
30.7781824020065));
#6379=CARTESIAN_POINT('',(-264.606251175374,8.88178419700125E-15,30.7781824020065));
#6380=CARTESIAN_POINT('',(-268.382448993605,8.88178419700125E-15,32.9583712288752));
#6381=CARTESIAN_POINT('',(-229.965235023997,8.88178419700125E-15,10.7781824020065));
#6382=CARTESIAN_POINT('',(-264.606251175374,1.00000000000001,30.7781824020065));
#6383=CARTESIAN_POINT('',(-264.606251175374,8.88178419700125E-15,30.7781824020065));
#6384=CARTESIAN_POINT('',(-268.382448993605,1.00000000000001,32.9583712288752));
#6385=CARTESIAN_POINT('',(-264.606251175374,1.00000000000001,30.7781824020065));
#6386=CARTESIAN_POINT('',(-268.382448993605,8.88178419700125E-15,32.9583712288752));
#6387=CARTESIAN_POINT('Origin',(-241.966340074018,8.88178419700125E-15,
29.6284047237679));
#6388=CARTESIAN_POINT('',(-254.282032302755,8.88178419700125E-15,48.6602540378444));
#6389=CARTESIAN_POINT('Origin',(-241.966340074018,8.88178419700125E-15,
29.6284047237679));
#6390=CARTESIAN_POINT('',(-254.282032302755,1.00000000000001,48.6602540378444));
#6391=CARTESIAN_POINT('',(-254.282032302755,8.88178419700125E-15,48.6602540378444));
#6392=CARTESIAN_POINT('Origin',(-241.966340074018,1.00000000000001,29.6284047237679));
#6393=CARTESIAN_POINT('Origin',(-258.058230120986,8.88178419700125E-15,
50.8404428647131));
#6394=CARTESIAN_POINT('',(-258.058230120986,8.88178419700125E-15,50.8404428647131));
#6395=CARTESIAN_POINT('',(-221.529115060493,0.,29.7503484512787));
#6396=CARTESIAN_POINT('',(-258.058230120986,1.00000000000001,50.8404428647131));
#6397=CARTESIAN_POINT('',(-258.058230120986,8.88178419700125E-15,50.8404428647131));
#6398=CARTESIAN_POINT('',(-258.058230120986,1.00000000000001,50.8404428647131));
#6399=CARTESIAN_POINT('Origin',(-251.340521087652,8.88178419700125E-15,
35.0405906554218));
#6400=CARTESIAN_POINT('Origin',(-251.340521087652,8.88178419700125E-15,
35.0405906554218));
#6401=CARTESIAN_POINT('Origin',(-251.340521087652,1.00000000000001,35.0405906554218));
#6402=CARTESIAN_POINT('Origin',(-261.395607544081,1.00000000000001,40.8093126333598));
#6403=CARTESIAN_POINT('Origin',(-109.366297949563,-8.88178419700125E-15,
-3.40519016437586));
#6404=CARTESIAN_POINT('',(-109.366297949563,-8.88178419700125E-15,-3.40519016437586));
#6405=CARTESIAN_POINT('',(-105.072164230101,-8.88178419700125E-15,-4.16236179788696));
#6406=CARTESIAN_POINT('',(-148.758608070051,-8.88178419700125E-15,3.54073694230138));
#6407=CARTESIAN_POINT('',(-109.366297949563,0.999999999999988,-3.40519016437586));
#6408=CARTESIAN_POINT('',(-109.366297949563,-8.88178419700125E-15,-3.40519016437586));
#6409=CARTESIAN_POINT('',(-105.072164230101,0.999999999999988,-4.16236179788696));
#6410=CARTESIAN_POINT('',(-109.366297949563,0.999999999999988,-3.40519016437586));
#6411=CARTESIAN_POINT('',(-105.072164230101,-8.88178419700125E-15,-4.16236179788696));
#6412=CARTESIAN_POINT('Origin',(-131.03410247306,-8.88178419700125E-15,
-10.0680582043569));
#6413=CARTESIAN_POINT('',(-112.951861535693,-8.88178419700125E-15,-23.7399317434765));
#6414=CARTESIAN_POINT('Origin',(-131.03410247306,-8.88178419700125E-15,
-10.0680582043569));
#6415=CARTESIAN_POINT('',(-112.951861535693,0.999999999999988,-23.7399317434765));
#6416=CARTESIAN_POINT('',(-112.951861535693,-8.88178419700125E-15,-23.7399317434765));
#6417=CARTESIAN_POINT('Origin',(-131.03410247306,0.999999999999988,-10.0680582043569));
#6418=CARTESIAN_POINT('Origin',(-108.657727816231,-8.88178419700125E-15,
-24.4971033769876));
#6419=CARTESIAN_POINT('',(-108.657727816231,-8.88178419700125E-15,-24.4971033769876));
#6420=CARTESIAN_POINT('',(-150.19710479645,-8.88178419700125E-15,-17.1725904535549));
#6421=CARTESIAN_POINT('',(-108.657727816231,0.999999999999988,-24.4971033769876));
#6422=CARTESIAN_POINT('',(-108.657727816231,-8.88178419700125E-15,-24.4971033769876));
#6423=CARTESIAN_POINT('',(-108.657727816231,0.999999999999988,-24.4971033769876));
#6424=CARTESIAN_POINT('Origin',(-120.374177140587,-8.88178419700125E-15,
-11.9476906528096));
#6425=CARTESIAN_POINT('Origin',(-120.374177140587,-8.88178419700125E-15,
-11.9476906528096));
#6426=CARTESIAN_POINT('Origin',(-120.374177140587,0.999999999999988,-11.9476906528096));
#6427=CARTESIAN_POINT('Origin',(-108.078688489262,0.999999999999988,-13.9511467706817));
#6428=CARTESIAN_POINT('Origin',(-266.935538431516,8.88178419700125E-15,
-24.378518262333));
#6429=CARTESIAN_POINT('',(-266.935538431516,8.88178419700125E-15,-24.378518262333));
#6430=CARTESIAN_POINT('',(-271.229672150978,8.88178419700125E-15,-25.1356898958441));
#6431=CARTESIAN_POINT('',(-227.543228311028,8.88178419700125E-15,-17.4325911556558));
#6432=CARTESIAN_POINT('',(-266.935538431516,1.00000000000001,-24.378518262333));
#6433=CARTESIAN_POINT('',(-266.935538431516,8.88178419700125E-15,-24.378518262333));
#6434=CARTESIAN_POINT('',(-271.229672150978,1.00000000000001,-25.1356898958441));
#6435=CARTESIAN_POINT('',(-266.935538431516,1.00000000000001,-24.378518262333));
#6436=CARTESIAN_POINT('',(-271.229672150978,8.88178419700125E-15,-25.1356898958441));
#6437=CARTESIAN_POINT('Origin',(-248.853297494149,8.88178419700125E-15,
-10.7066447232134));
#6438=CARTESIAN_POINT('',(-270.521102017646,8.88178419700125E-15,-4.04377668323232));
#6439=CARTESIAN_POINT('Origin',(-248.853297494149,8.88178419700125E-15,
-10.7066447232134));
#6440=CARTESIAN_POINT('',(-270.521102017646,1.00000000000001,-4.04377668323232));
#6441=CARTESIAN_POINT('',(-270.521102017646,8.88178419700125E-15,-4.04377668323232));
#6442=CARTESIAN_POINT('Origin',(-248.853297494149,1.00000000000001,-10.7066447232134));
#6443=CARTESIAN_POINT('Origin',(-274.815235737108,8.88178419700125E-15,
-4.80094831674341));
#6444=CARTESIAN_POINT('',(-274.815235737108,8.88178419700125E-15,-4.80094831674341));
#6445=CARTESIAN_POINT('',(-233.275858756889,8.88178419700125E-15,2.52356460668933));
#6446=CARTESIAN_POINT('',(-274.815235737108,1.00000000000001,-4.80094831674341));
#6447=CARTESIAN_POINT('',(-274.815235737108,8.88178419700125E-15,-4.80094831674341));
#6448=CARTESIAN_POINT('',(-274.815235737108,1.00000000000001,-4.80094831674341));
#6449=CARTESIAN_POINT('Origin',(-259.513222826622,8.88178419700125E-15,
-12.586277171666));
#6450=CARTESIAN_POINT('Origin',(-259.513222826622,8.88178419700125E-15,
-12.586277171666));
#6451=CARTESIAN_POINT('Origin',(-259.513222826622,1.00000000000001,-12.586277171666));
#6452=CARTESIAN_POINT('Origin',(-271.808711477947,1.00000000000001,-14.5897332895382));
#6453=CARTESIAN_POINT('Origin',(-177.28389100406,0.,34.9372223296678));
#6454=CARTESIAN_POINT('',(-173.166160935522,0.,34.9372223296678));
#6455=CARTESIAN_POINT('Origin',(-177.28389100406,0.,34.9372223296678));
#6456=CARTESIAN_POINT('',(-173.166160935522,0.999999999999996,34.9372223296678));
#6457=CARTESIAN_POINT('',(-173.166160935522,-5.04276494818876E-16,34.9372223296678));
#6458=CARTESIAN_POINT('Origin',(-177.28389100406,0.999999999999996,34.9372223296678));
#6459=CARTESIAN_POINT('Origin',(-177.28389100406,0.999999999999996,34.9372223296678));
#6460=CARTESIAN_POINT('Origin',(-190.,0.,-37.1794154352816));
#6461=CARTESIAN_POINT('',(-185.882269931461,0.,-37.1794154352816));
#6462=CARTESIAN_POINT('Origin',(-190.,0.,-37.1794154352816));
#6463=CARTESIAN_POINT('',(-185.882269931461,0.999999999999996,-37.1794154352816));
#6464=CARTESIAN_POINT('',(-185.882269931461,-5.04276494818876E-16,-37.1794154352816));
#6465=CARTESIAN_POINT('Origin',(-190.,0.999999999999996,-37.1794154352816));
#6466=CARTESIAN_POINT('Origin',(-190.,0.999999999999996,-37.1794154352816));
#6467=CARTESIAN_POINT('Origin',(-153.385423426873,-8.88178419700125E-15,
-6.45613773705839));
#6468=CARTESIAN_POINT('',(-149.267693358334,-8.88178419700125E-15,-6.45613773705839));
#6469=CARTESIAN_POINT('Origin',(-153.385423426873,-8.88178419700125E-15,
-6.45613773705839));
#6470=CARTESIAN_POINT('',(-149.267693358334,0.999999999999988,-6.45613773705839));
#6471=CARTESIAN_POINT('',(-149.267693358334,-9.38606069182013E-15,-6.45613773705839));
#6472=CARTESIAN_POINT('Origin',(-153.385423426873,0.999999999999988,-6.45613773705839));
#6473=CARTESIAN_POINT('Origin',(-153.385423426873,0.999999999999988,-6.45613773705839));
#6474=CARTESIAN_POINT('Origin',(-222.198318264809,0.,18.5897077176408));
#6475=CARTESIAN_POINT('',(-218.08058819627,0.,18.5897077176408));
#6476=CARTESIAN_POINT('Origin',(-222.198318264809,0.,18.5897077176408));
#6477=CARTESIAN_POINT('',(-218.08058819627,0.999999999999996,18.5897077176408));
#6478=CARTESIAN_POINT('',(-218.08058819627,-5.04276494818876E-16,18.5897077176408));
#6479=CARTESIAN_POINT('Origin',(-222.198318264809,0.999999999999996,18.5897077176408));
#6480=CARTESIAN_POINT('Origin',(-222.198318264809,0.999999999999996,18.5897077176408));
#6481=CARTESIAN_POINT('Origin',(-189.675781127381,0.,-70.6427448709928));
#6482=CARTESIAN_POINT('',(-179.351562254762,0.,-84.3603776537373));
#6483=CARTESIAN_POINT('',(-200.,0.,-84.3603776537373));
#6484=CARTESIAN_POINT('Origin',(-189.675781127381,0.,-70.6427448709928));
#6485=CARTESIAN_POINT('',(-179.351562254762,0.999999999999996,-84.3603776537373));
#6486=CARTESIAN_POINT('',(-179.351562254762,0.,-84.3603776537373));
#6487=CARTESIAN_POINT('',(-200.,0.999999999999996,-84.3603776537373));
#6488=CARTESIAN_POINT('Origin',(-189.675781127381,0.999999999999996,-70.6427448709928));
#6489=CARTESIAN_POINT('',(-200.,0.,-84.3603776537373));
#6490=CARTESIAN_POINT('Origin',(-179.351562254762,0.,-80.));
#6491=CARTESIAN_POINT('',(-179.351562254762,0.,-80.));
#6492=CARTESIAN_POINT('',(-179.351562254762,0.,-40.));
#6493=CARTESIAN_POINT('',(-179.351562254762,0.999999999999996,-80.));
#6494=CARTESIAN_POINT('',(-179.351562254762,0.,-80.));
#6495=CARTESIAN_POINT('',(-179.351562254762,0.999999999999996,-80.));
#6496=CARTESIAN_POINT('Origin',(-189.675781127381,0.,-59.8183730076849));
#6497=CARTESIAN_POINT('',(-200.,0.,-80.));
#6498=CARTESIAN_POINT('Origin',(-189.675781127381,0.,-59.8183730076849));
#6499=CARTESIAN_POINT('',(-200.,0.999999999999996,-80.));
#6500=CARTESIAN_POINT('',(-200.,0.,-80.));
#6501=CARTESIAN_POINT('Origin',(-189.675781127381,0.999999999999996,-59.8183730076849));
#6502=CARTESIAN_POINT('Origin',(-200.,0.,-84.3603776537373));
#6503=CARTESIAN_POINT('',(-200.,0.,-42.1801888268687));
#6504=CARTESIAN_POINT('',(-200.,0.999999999999996,-84.3603776537373));
#6505=CARTESIAN_POINT('Origin',(-189.675781127381,0.999999999999996,-83.9057032843741));
#6506=CARTESIAN_POINT('Origin',(-172.644646906045,0.,78.8173898666935));
#6507=CARTESIAN_POINT('',(-172.644646906045,0.,78.8173898666935));
#6508=CARTESIAN_POINT('',(-171.15330991596,0.,82.9148045717503));
#6509=CARTESIAN_POINT('',(-186.325452639072,0.,41.2296850352572));
#6510=CARTESIAN_POINT('',(-172.644646906045,0.999999999999996,78.8173898666935));
#6511=CARTESIAN_POINT('',(-172.644646906045,0.,78.8173898666935));
#6512=CARTESIAN_POINT('',(-171.15330991596,0.999999999999996,82.9148045717503));
#6513=CARTESIAN_POINT('',(-172.644646906045,0.999999999999996,78.8173898666935));
#6514=CARTESIAN_POINT('',(-171.15330991596,0.,82.9148045717503));
#6515=CARTESIAN_POINT('Origin',(-169.845577572523,0.,56.3217730880225));
#6516=CARTESIAN_POINT('',(-153.241462326087,-8.88178419700125E-15,71.755208229616));
#6517=CARTESIAN_POINT('Origin',(-169.845577572523,0.,56.3217730880225));
#6518=CARTESIAN_POINT('',(-153.241462326087,0.999999999999988,71.755208229616));
#6519=CARTESIAN_POINT('',(-153.241462326087,-8.88178419700125E-15,71.755208229616));
#6520=CARTESIAN_POINT('Origin',(-169.845577572523,0.999999999999996,56.3217730880225));
#6521=CARTESIAN_POINT('Origin',(-151.750125336002,-8.88178419700125E-15,
75.8526229346727));
#6522=CARTESIAN_POINT('',(-151.750125336002,-8.88178419700125E-15,75.8526229346727));
#6523=CARTESIAN_POINT('',(-166.176599564072,0.,36.216210750708));
#6524=CARTESIAN_POINT('',(-151.750125336002,0.999999999999988,75.8526229346727));
#6525=CARTESIAN_POINT('',(-151.750125336002,-8.88178419700125E-15,75.8526229346727));
#6526=CARTESIAN_POINT('',(-151.750125336002,0.999999999999988,75.8526229346727));
#6527=CARTESIAN_POINT('Origin',(-166.143424356424,0.,66.4933554526156));
#6528=CARTESIAN_POINT('Origin',(-166.143424356424,0.,66.4933554526156));
#6529=CARTESIAN_POINT('Origin',(-166.143424356424,0.999999999999996,66.4933554526156));
#6530=CARTESIAN_POINT('Origin',(-162.197386121024,0.999999999999996,77.7086126899935));
#6531=CARTESIAN_POINT('Origin',(-227.367869838152,8.88178419700125E-15,
71.5334294590518));
#6532=CARTESIAN_POINT('',(-227.367869838152,8.88178419700125E-15,71.5334294590518));
#6533=CARTESIAN_POINT('',(-228.859206828237,8.88178419700125E-15,75.6308441641085));
#6534=CARTESIAN_POINT('',(-213.687064105125,0.,33.9457246276154));
#6535=CARTESIAN_POINT('',(-227.367869838152,1.00000000000001,71.5334294590518));
#6536=CARTESIAN_POINT('',(-227.367869838152,8.88178419700125E-15,71.5334294590518));
#6537=CARTESIAN_POINT('',(-228.859206828237,1.00000000000001,75.6308441641085));
#6538=CARTESIAN_POINT('',(-227.367869838152,1.00000000000001,71.5334294590518));
#6539=CARTESIAN_POINT('',(-228.859206828237,8.88178419700125E-15,75.6308441641085));
#6540=CARTESIAN_POINT('Origin',(-210.763754591716,0.,56.0999943174583));
#6541=CARTESIAN_POINT('',(-207.964685258194,0.,78.5956110961293));
#6542=CARTESIAN_POINT('Origin',(-210.763754591716,0.,56.0999943174583));
#6543=CARTESIAN_POINT('',(-207.964685258194,0.999999999999996,78.5956110961293));
#6544=CARTESIAN_POINT('',(-207.964685258194,0.,78.5956110961293));
#6545=CARTESIAN_POINT('Origin',(-210.763754591716,0.999999999999996,56.0999943174583));
#6546=CARTESIAN_POINT('Origin',(-209.45602224828,0.,82.6930258011861));
#6547=CARTESIAN_POINT('',(-209.45602224828,0.,82.6930258011861));
#6548=CARTESIAN_POINT('',(-195.02954802021,0.,43.0566136172214));
#6549=CARTESIAN_POINT('',(-209.45602224828,0.999999999999996,82.6930258011861));
#6550=CARTESIAN_POINT('',(-209.45602224828,0.,82.6930258011861));
#6551=CARTESIAN_POINT('',(-209.45602224828,0.999999999999996,82.6930258011861));
#6552=CARTESIAN_POINT('Origin',(-214.465907807815,0.,66.2715766820514));
#6553=CARTESIAN_POINT('Origin',(-214.465907807815,0.,66.2715766820514));
#6554=CARTESIAN_POINT('Origin',(-214.465907807815,0.999999999999996,66.2715766820514));
#6555=CARTESIAN_POINT('Origin',(-218.411946043216,0.999999999999996,77.4868339194293));
#6556=CARTESIAN_POINT('Origin',(-130.419814662439,-8.88178419700125E-15,
-54.4388716043606));
#6557=CARTESIAN_POINT('',(-130.419814662439,-8.88178419700125E-15,-54.4388716043606));
#6558=CARTESIAN_POINT('',(-127.617017933062,-8.88178419700125E-15,-57.7791146759062));
#6559=CARTESIAN_POINT('',(-156.1313190499,0.,-23.7970938796014));
#6560=CARTESIAN_POINT('',(-130.419814662439,0.999999999999988,-54.4388716043606));
#6561=CARTESIAN_POINT('',(-130.419814662439,-8.88178419700125E-15,-54.4388716043606));
#6562=CARTESIAN_POINT('',(-127.617017933062,0.999999999999988,-57.7791146759062));
#6563=CARTESIAN_POINT('',(-130.419814662439,0.999999999999988,-54.4388716043606));
#6564=CARTESIAN_POINT('',(-127.617017933062,-8.88178419700125E-15,-57.7791146759062));
#6565=CARTESIAN_POINT('Origin',(-151.301124933328,-8.88178419700125E-15,
-45.6151283648091));
#6566=CARTESIAN_POINT('',(-146.237435656267,-8.88178419700125E-15,-67.7114315463837));
#6567=CARTESIAN_POINT('Origin',(-151.301124933328,-8.88178419700125E-15,
-45.6151283648091));
#6568=CARTESIAN_POINT('',(-146.237435656267,0.999999999999988,-67.7114315463837));
#6569=CARTESIAN_POINT('',(-146.237435656267,-8.88178419700125E-15,-67.7114315463837));
#6570=CARTESIAN_POINT('Origin',(-151.301124933328,0.999999999999988,-45.6151283648091));
#6571=CARTESIAN_POINT('Origin',(-143.43463892689,-8.88178419700125E-15,
-71.0516746179293));
#6572=CARTESIAN_POINT('',(-143.43463892689,-8.88178419700125E-15,-71.0516746179293));
#6573=CARTESIAN_POINT('',(-170.54754167904,0.,-38.7397753573973));
#6574=CARTESIAN_POINT('',(-143.43463892689,0.999999999999988,-71.0516746179293));
#6575=CARTESIAN_POINT('',(-143.43463892689,-8.88178419700125E-15,-71.0516746179293));
#6576=CARTESIAN_POINT('',(-143.43463892689,0.999999999999988,-71.0516746179293));
#6577=CARTESIAN_POINT('Origin',(-144.343352816954,-8.88178419700125E-15,
-53.9070782809496));
#6578=CARTESIAN_POINT('Origin',(-144.343352816954,-8.88178419700125E-15,
-53.9070782809496));
#6579=CARTESIAN_POINT('Origin',(-144.343352816954,0.999999999999988,-53.9070782809496));
#6580=CARTESIAN_POINT('Origin',(-136.927226794664,0.999999999999988,-62.7452731111449));
#6581=CARTESIAN_POINT('Origin',(-226.614576573127,8.88178419700125E-15,
-6.45613773705837));
#6582=CARTESIAN_POINT('',(-222.496846504588,0.,-6.45613773705837));
#6583=CARTESIAN_POINT('Origin',(-226.614576573127,8.88178419700125E-15,
-6.45613773705837));
#6584=CARTESIAN_POINT('',(-222.496846504588,0.999999999999996,-6.45613773705837));
#6585=CARTESIAN_POINT('',(-222.496846504588,8.37750770218238E-15,-6.45613773705837));
#6586=CARTESIAN_POINT('Origin',(-226.614576573127,1.00000000000001,-6.45613773705837));
#6587=CARTESIAN_POINT('Origin',(-226.614576573127,1.00000000000001,-6.45613773705837));
#6588=CARTESIAN_POINT('Origin',(-157.801681735191,0.,18.5897077176408));
#6589=CARTESIAN_POINT('',(-153.683951666652,-8.88178419700125E-15,18.5897077176408));
#6590=CARTESIAN_POINT('Origin',(-157.801681735191,0.,18.5897077176408));
#6591=CARTESIAN_POINT('',(-153.683951666652,0.999999999999988,18.5897077176408));
#6592=CARTESIAN_POINT('',(-153.683951666652,-5.04276494818876E-16,18.5897077176408));
#6593=CARTESIAN_POINT('Origin',(-157.801681735191,0.999999999999996,18.5897077176408));
#6594=CARTESIAN_POINT('Origin',(-157.801681735191,0.999999999999996,18.5897077176408));
#6595=CARTESIAN_POINT('Origin',(-213.898467577187,0.,-28.4810845926094));
#6596=CARTESIAN_POINT('',(-209.780737508649,0.,-28.4810845926094));
#6597=CARTESIAN_POINT('Origin',(-213.898467577187,0.,-28.4810845926094));
#6598=CARTESIAN_POINT('',(-209.780737508649,0.999999999999996,-28.4810845926094));
#6599=CARTESIAN_POINT('',(-209.780737508649,-5.04276494818876E-16,-28.4810845926094));
#6600=CARTESIAN_POINT('Origin',(-213.898467577187,0.999999999999996,-28.4810845926094));
#6601=CARTESIAN_POINT('Origin',(-213.898467577187,0.999999999999996,-28.4810845926094));
#6602=CARTESIAN_POINT('Origin',(-190.,0.,0.));
#6603=CARTESIAN_POINT('',(-173.178159667534,0.,2.06008129189217E-15));
#6604=CARTESIAN_POINT('Origin',(-190.,0.,0.));
#6605=CARTESIAN_POINT('',(-173.178159667534,0.499999999999998,2.06008129189217E-15));
#6606=CARTESIAN_POINT('',(-173.178159667534,-2.06008129189217E-15,-2.06008129189217E-15));
#6607=CARTESIAN_POINT('Origin',(-190.,0.499999999999998,0.));
#6608=CARTESIAN_POINT('Origin',(-201.653609036641,0.,13.0400367237666));
#6609=CARTESIAN_POINT('',(-201.653609036641,0.,13.0400367237666));
#6610=CARTESIAN_POINT('',(-200.818301292673,0.,13.7409431436501));
#6611=CARTESIAN_POINT('',(-201.444782100649,0.,13.2152633287373));
#6612=CARTESIAN_POINT('',(-201.653609036641,0.499999999999998,13.0400367237666));
#6613=CARTESIAN_POINT('',(-201.653609036641,0.,13.0400367237666));
#6614=CARTESIAN_POINT('',(-200.818301292673,0.499999999999998,13.7409431436501));
#6615=CARTESIAN_POINT('',(-201.653609036641,0.499999999999998,13.0400367237666));
#6616=CARTESIAN_POINT('',(-200.818301292673,0.,13.7409431436501));
#6617=CARTESIAN_POINT('Origin',(-190.,0.,0.));
#6618=CARTESIAN_POINT('',(-207.119807587385,0.,3.5723031096202));
#6619=CARTESIAN_POINT('Origin',(-190.,0.,0.));
#6620=CARTESIAN_POINT('',(-207.119807587385,0.499999999999998,3.5723031096202));
#6621=CARTESIAN_POINT('',(-207.119807587385,0.,3.5723031096202));
#6622=CARTESIAN_POINT('Origin',(-190.,0.499999999999998,0.));
#6623=CARTESIAN_POINT('',(-201.653609036641,0.,13.0400367237666));
#6624=CARTESIAN_POINT('Origin',(-207.309156480695,0.,2.49845217342467));
#6625=CARTESIAN_POINT('',(-207.309156480695,0.,2.49845217342467));
#6626=CARTESIAN_POINT('',(-207.261819257367,0.,2.76691490747351));
#6627=CARTESIAN_POINT('',(-207.309156480695,0.499999999999998,2.49845217342467));
#6628=CARTESIAN_POINT('',(-207.309156480695,0.,2.49845217342467));
#6629=CARTESIAN_POINT('',(-207.309156480695,0.499999999999998,2.49845217342467));
#6630=CARTESIAN_POINT('',(-207.119807587385,0.,3.5723031096202));
#6631=CARTESIAN_POINT('Origin',(-190.,0.,0.));
#6632=CARTESIAN_POINT('',(-205.41076564649,0.,-8.26785725112747));
#6633=CARTESIAN_POINT('Origin',(-190.,0.,0.));
#6634=CARTESIAN_POINT('',(-205.41076564649,0.499999999999998,-8.26785725112747));
#6635=CARTESIAN_POINT('',(-205.41076564649,0.,-8.26785725112747));
#6636=CARTESIAN_POINT('Origin',(-190.,0.499999999999998,0.));
#6637=CARTESIAN_POINT('',(-207.309156480695,0.,2.49845217342467));
#6638=CARTESIAN_POINT('Origin',(-204.865557237585,0.,-9.21218591606563));
#6639=CARTESIAN_POINT('',(-204.865557237585,0.,-9.21218591606563));
#6640=CARTESIAN_POINT('',(-205.001859339811,0.,-8.97610374983106));
#6641=CARTESIAN_POINT('',(-204.865557237585,0.499999999999998,-9.21218591606563));
#6642=CARTESIAN_POINT('',(-204.865557237585,0.,-9.21218591606563));
#6643=CARTESIAN_POINT('',(-204.865557237585,0.499999999999998,-9.21218591606563));
#6644=CARTESIAN_POINT('',(-205.41076564649,0.,-8.26785725112747));
#6645=CARTESIAN_POINT('Origin',(-190.,0.,0.));
#6646=CARTESIAN_POINT('',(-196.490855188021,0.,-16.2393953170743));
#6647=CARTESIAN_POINT('Origin',(-190.,0.,0.));
#6648=CARTESIAN_POINT('',(-196.490855188021,0.499999999999998,-16.2393953170743));
#6649=CARTESIAN_POINT('',(-196.490855188021,0.,-16.2393953170743));
#6650=CARTESIAN_POINT('Origin',(-190.,0.499999999999998,0.));
#6651=CARTESIAN_POINT('',(-204.865557237585,0.,-9.21218591606563));
#6652=CARTESIAN_POINT('Origin',(-195.466198550743,0.,-16.6123398333866));
#6653=CARTESIAN_POINT('',(-195.466198550743,0.,-16.6123398333866));
#6654=CARTESIAN_POINT('',(-195.722362710063,0.,-16.5191037043085));
#6655=CARTESIAN_POINT('',(-195.466198550743,0.499999999999998,-16.6123398333866));
#6656=CARTESIAN_POINT('',(-195.466198550743,0.,-16.6123398333866));
#6657=CARTESIAN_POINT('',(-195.466198550743,0.499999999999998,-16.6123398333866));
#6658=CARTESIAN_POINT('',(-196.490855188021,0.,-16.2393953170743));
#6659=CARTESIAN_POINT('Origin',(-190.,0.,0.));
#6660=CARTESIAN_POINT('',(-184.533801449257,0.,-16.6123398333869));
#6661=CARTESIAN_POINT('Origin',(-190.,0.,0.));
#6662=CARTESIAN_POINT('',(-184.533801449257,0.499999999999998,-16.6123398333869));
#6663=CARTESIAN_POINT('',(-184.533801449257,0.,-16.6123398333869));
#6664=CARTESIAN_POINT('Origin',(-190.,0.499999999999998,0.));
#6665=CARTESIAN_POINT('',(-195.466198550743,0.,-16.6123398333866));
#6666=CARTESIAN_POINT('Origin',(-183.509144811979,0.,-16.2393953170741));
#6667=CARTESIAN_POINT('',(-183.509144811979,0.,-16.2393953170741));
#6668=CARTESIAN_POINT('',(-183.765308971298,0.,-16.3326314461523));
#6669=CARTESIAN_POINT('',(-183.509144811979,0.499999999999998,-16.2393953170741));
#6670=CARTESIAN_POINT('',(-183.509144811979,0.,-16.2393953170741));
#6671=CARTESIAN_POINT('',(-183.509144811979,0.499999999999998,-16.2393953170741));
#6672=CARTESIAN_POINT('',(-184.533801449257,0.,-16.6123398333869));
#6673=CARTESIAN_POINT('Origin',(-190.,0.,0.));
#6674=CARTESIAN_POINT('',(-175.134442762415,0.,-9.21218591606608));
#6675=CARTESIAN_POINT('Origin',(-190.,0.,0.));
#6676=CARTESIAN_POINT('',(-175.134442762415,0.499999999999998,-9.21218591606608));
#6677=CARTESIAN_POINT('',(-175.134442762415,0.,-9.21218591606608));
#6678=CARTESIAN_POINT('Origin',(-190.,0.499999999999998,0.));
#6679=CARTESIAN_POINT('',(-183.509144811979,0.,-16.2393953170741));
#6680=CARTESIAN_POINT('Origin',(-174.58923435351,0.,-8.26785725112736));
#6681=CARTESIAN_POINT('',(-174.58923435351,0.,-8.26785725112736));
#6682=CARTESIAN_POINT('',(-174.725536455736,0.,-8.50393941736193));
#6683=CARTESIAN_POINT('',(-174.58923435351,0.499999999999998,-8.26785725112736));
#6684=CARTESIAN_POINT('',(-174.58923435351,0.,-8.26785725112736));
#6685=CARTESIAN_POINT('',(-174.58923435351,0.499999999999998,-8.26785725112736));
#6686=CARTESIAN_POINT('',(-175.134442762415,0.,-9.21218591606608));
#6687=CARTESIAN_POINT('Origin',(-190.,0.,0.));
#6688=CARTESIAN_POINT('',(-172.690843519305,0.,2.49845217342481));
#6689=CARTESIAN_POINT('Origin',(-190.,0.,0.));
#6690=CARTESIAN_POINT('',(-172.690843519305,0.499999999999998,2.49845217342481));
#6691=CARTESIAN_POINT('',(-172.690843519305,0.,2.49845217342481));
#6692=CARTESIAN_POINT('Origin',(-190.,0.499999999999998,0.));
#6693=CARTESIAN_POINT('',(-174.58923435351,0.,-8.26785725112736));
#6694=CARTESIAN_POINT('Origin',(-172.880192412615,0.,3.57230310962001));
#6695=CARTESIAN_POINT('',(-172.880192412615,0.,3.57230310962001));
#6696=CARTESIAN_POINT('',(-172.832855189288,0.,3.30384037557118));
#6697=CARTESIAN_POINT('',(-172.880192412615,0.499999999999998,3.57230310962001));
#6698=CARTESIAN_POINT('',(-172.880192412615,0.,3.57230310962001));
#6699=CARTESIAN_POINT('',(-172.880192412615,0.499999999999998,3.57230310962001));
#6700=CARTESIAN_POINT('',(-172.690843519305,0.,2.49845217342481));
#6701=CARTESIAN_POINT('Origin',(-190.,0.,0.));
#6702=CARTESIAN_POINT('',(-178.346390963359,0.,13.0400367237668));
#6703=CARTESIAN_POINT('Origin',(-190.,0.,0.));
#6704=CARTESIAN_POINT('',(-178.346390963359,0.499999999999998,13.0400367237668));
#6705=CARTESIAN_POINT('',(-178.346390963359,0.,13.0400367237668));
#6706=CARTESIAN_POINT('Origin',(-190.,0.499999999999998,0.));
#6707=CARTESIAN_POINT('',(-172.880192412615,0.,3.57230310962001));
#6708=CARTESIAN_POINT('Origin',(-179.181698707326,0.,13.7409431436495));
#6709=CARTESIAN_POINT('',(-179.181698707326,0.,13.7409431436495));
#6710=CARTESIAN_POINT('',(-178.972871771334,0.,13.5657165386788));
#6711=CARTESIAN_POINT('',(-179.181698707326,0.499999999999998,13.7409431436495));
#6712=CARTESIAN_POINT('',(-179.181698707326,0.,13.7409431436495));
#6713=CARTESIAN_POINT('',(-179.181698707326,0.499999999999998,13.7409431436495));
#6714=CARTESIAN_POINT('',(-178.346390963359,0.,13.0400367237668));
#6715=CARTESIAN_POINT('Origin',(-190.,0.,0.));
#6716=CARTESIAN_POINT('',(-189.454791591094,0.,17.480043167193));
#6717=CARTESIAN_POINT('Origin',(-190.,0.,0.));
#6718=CARTESIAN_POINT('',(-189.454791591094,0.499999999999998,17.480043167193));
#6719=CARTESIAN_POINT('',(-189.454791591094,0.,17.480043167193));
#6720=CARTESIAN_POINT('Origin',(-190.,0.499999999999998,0.));
#6721=CARTESIAN_POINT('',(-179.181698707326,0.,13.7409431436495));
#6722=CARTESIAN_POINT('Origin',(-190.545208408906,0.,17.480043167193));
#6723=CARTESIAN_POINT('',(-190.545208408906,0.,17.480043167193));
#6724=CARTESIAN_POINT('',(-190.272604204453,0.,17.480043167193));
#6725=CARTESIAN_POINT('',(-190.545208408906,0.499999999999998,17.480043167193));
#6726=CARTESIAN_POINT('',(-190.545208408906,0.,17.480043167193));
#6727=CARTESIAN_POINT('',(-190.545208408906,0.499999999999998,17.480043167193));
#6728=CARTESIAN_POINT('',(-189.454791591094,0.,17.480043167193));
#6729=CARTESIAN_POINT('Origin',(-190.,0.,0.));
#6730=CARTESIAN_POINT('Origin',(-190.,0.,0.));
#6731=CARTESIAN_POINT('',(-200.818301292673,0.,13.7409431436501));
#6732=CARTESIAN_POINT('Origin',(-190.,0.499999999999998,0.));
#6733=CARTESIAN_POINT('',(-190.545208408906,0.,17.480043167193));
#6734=CARTESIAN_POINT('Origin',(-190.,0.499999999999998,-0.00425027482704898));
#6735=CARTESIAN_POINT('Origin',(-190.,0.,0.));
#6736=CARTESIAN_POINT('Origin',(-190.,0.,0.));
#6737=CARTESIAN_POINT('Origin',(-190.,0.,0.));
#6738=CARTESIAN_POINT('Origin',(-190.,0.,0.));
#6739=CARTESIAN_POINT('',(-127.817021790555,-8.88178419700125E-15,74.954981391653));
#6740=CARTESIAN_POINT('',(-184.799676289655,0.,7.04569817679545));
#6741=CARTESIAN_POINT('',(-188.492514691915,0.,97.3791533258804));
#6742=CARTESIAN_POINT('Origin',(-190.,0.,0.));
#6743=CARTESIAN_POINT('',(-188.492514691915,0.,17.480043167193));
#6744=CARTESIAN_POINT('',(-188.492514691915,0.,49.3657139607081));
#6745=CARTESIAN_POINT('',(-189.246257345958,0.,17.480043167193));
#6746=CARTESIAN_POINT('Origin',(-190.,0.,0.));
#6747=CARTESIAN_POINT('Origin',(-190.,0.,0.));
#6748=CARTESIAN_POINT('Origin',(-190.,0.,0.));
#6749=CARTESIAN_POINT('',(-94.1849417632262,-8.88178419700125E-15,17.4483990527227));
#6750=CARTESIAN_POINT('',(-181.487433429635,0.,2.05461428885885));
#6751=CARTESIAN_POINT('',(-126.251086057016,-8.88178419700125E-15,73.6277664031001));
#6752=CARTESIAN_POINT('Origin',(-190.,0.,0.));
#6753=CARTESIAN_POINT('',(-177.609244092001,0.,12.4214970558866));
#6754=CARTESIAN_POINT('',(-157.113529979385,0.,36.8473379823799));
#6755=CARTESIAN_POINT('',(-178.186644463672,0.,12.9059934947973));
#6756=CARTESIAN_POINT('Origin',(-190.,0.,0.));
#6757=CARTESIAN_POINT('Origin',(-190.,0.,0.));
#6758=CARTESIAN_POINT('Origin',(-190.,0.,0.));
#6759=CARTESIAN_POINT('',(-105.385792350642,-8.88178419700125E-15,-48.2224831203318));
#6760=CARTESIAN_POINT('',(-182.158315074528,0.,-3.89784645932912));
#6761=CARTESIAN_POINT('',(-93.8384827462998,-8.88178419700125E-15,15.4251292988337));
#6762=CARTESIAN_POINT('Origin',(-190.,0.,0.));
#6763=CARTESIAN_POINT('',(-172.523745889352,0.,1.55079442256832));
#6764=CARTESIAN_POINT('',(-141.122490081903,-8.88178419700125E-15,7.08768304954987));
#6765=CARTESIAN_POINT('',(-172.654631927656,0.,2.29308603204533));
#6766=CARTESIAN_POINT('Origin',(-190.,0.,0.));
#6767=CARTESIAN_POINT('Origin',(-190.,0.,0.));
#6768=CARTESIAN_POINT('Origin',(-190.,0.,0.));
#6769=CARTESIAN_POINT('',(-156.178571079361,0.,-91.3295295081804));
#6770=CARTESIAN_POINT('',(-186.49840824667,0.,-8.02646152945895));
#6771=CARTESIAN_POINT('',(-106.42092207481,-8.88178419700125E-15,-49.9950972355736));
#6772=CARTESIAN_POINT('Origin',(-190.,0.,0.));
#6773=CARTESIAN_POINT('',(-175.615581212005,0.,-10.0455421562298));
#6774=CARTESIAN_POINT('',(-148.001780288113,-8.88178419700125E-15,-25.9883775529874));
#6775=CARTESIAN_POINT('',(-175.238709884984,0.,-9.39278186991316));
#6776=CARTESIAN_POINT('Origin',(-190.,0.,0.));
#6777=CARTESIAN_POINT('Origin',(-190.,0.,0.));
#6778=CARTESIAN_POINT('Origin',(-190.,0.,0.));
#6779=CARTESIAN_POINT('',(-222.796772283361,0.,-91.7024740244929));
#6780=CARTESIAN_POINT('',(-192.476935116052,0.,-8.39940604577145));
#6781=CARTESIAN_POINT('',(-190.,3.74939945665464E-32,-97.3908209967419));
#6782=CARTESIAN_POINT('Origin',(-190.,0.,0.));
#6783=CARTESIAN_POINT('',(-158.110940842501,0.,-92.0220621398419));
#6784=CARTESIAN_POINT('Origin',(-190.,0.,0.));
#6785=CARTESIAN_POINT('',(-185.438045950568,0.,-16.9414579163629));
#6786=CARTESIAN_POINT('',(-174.532504255735,0.,-46.9041874698378));
#6787=CARTESIAN_POINT('',(-184.729759540593,0.,-16.6836627457967));
#6788=CARTESIAN_POINT('Origin',(-190.,0.,0.));
#6789=CARTESIAN_POINT('Origin',(-190.,0.,0.));
#6790=CARTESIAN_POINT('Origin',(-190.,0.,0.));
#6791=CARTESIAN_POINT('',(-274.068999240453,8.88178419700125E-15,-49.16681178527));
#6792=CARTESIAN_POINT('',(-197.296476516566,0.,-4.84217512426738));
#6793=CARTESIAN_POINT('',(-224.7222047974,0.,-90.9908814575768));
#6794=CARTESIAN_POINT('Origin',(-190.,0.,0.));
#6795=CARTESIAN_POINT('',(-197.395099689333,0.,-15.9102772340978));
#6796=CARTESIAN_POINT('',(-208.300641384166,0.,-45.8730067875728));
#6797=CARTESIAN_POINT('',(-196.686813279358,0.,-16.1680724046641));
#6798=CARTESIAN_POINT('Origin',(-190.,0.,0.));
#6799=CARTESIAN_POINT('Origin',(-190.,0.,0.));
#6800=CARTESIAN_POINT('Origin',(-190.,0.,0.));
#6801=CARTESIAN_POINT('',(-286.004407130084,8.88178419700125E-15,16.3745481165274));
#6802=CARTESIAN_POINT('',(-198.701915463675,0.,0.980763352663493));
#6803=CARTESIAN_POINT('',(-275.086563233275,8.88178419700125E-15,-47.3840560903068));
#6804=CARTESIAN_POINT('Origin',(-190.,0.,0.));
#6805=CARTESIAN_POINT('',(-205.89190409608,0.,-7.43450101096315));
#6806=CARTESIAN_POINT('',(-233.505705019972,8.88178419700125E-15,-23.3773364077207));
#6807=CARTESIAN_POINT('',(-205.515032769059,0.,-8.08726129727982));
#6808=CARTESIAN_POINT('Origin',(-190.,0.,0.));
#6809=CARTESIAN_POINT('Origin',(-190.,0.,0.));
#6810=CARTESIAN_POINT('Origin',(-190.,0.,0.));
#6811=CARTESIAN_POINT('',(-253.018285953413,8.88178419700125E-15,74.2540749717702));
#6812=CARTESIAN_POINT('',(-196.035631454313,0.,6.3447917569126));
#6813=CARTESIAN_POINT('',(-285.637973100483,8.88178419700125E-15,18.3942957367418));
#6814=CARTESIAN_POINT('Origin',(-190.,0.,0.));
#6815=CARTESIAN_POINT('',(-206.952709957431,0.,4.51996086047636));
#6816=CARTESIAN_POINT('',(-238.35396576488,8.88178419700125E-15,10.0568494874579));
#6817=CARTESIAN_POINT('',(-207.083595995735,0.,3.77766925099935));
#6818=CARTESIAN_POINT('Origin',(-190.,0.,0.));
#6819=CARTESIAN_POINT('Origin',(-190.,0.,0.));
#6820=CARTESIAN_POINT('Origin',(-190.,0.,0.));
#6821=CARTESIAN_POINT('',(-190.545208408906,0.,97.3892949056018));
#6822=CARTESIAN_POINT('',(-190.545208408906,0.,8.7400215835965));
#6823=CARTESIAN_POINT('',(-251.4393124563,8.88178419700125E-15,75.5657521587431));
#6824=CARTESIAN_POINT('Origin',(-190.,0.,0.));
#6825=CARTESIAN_POINT('',(-200.081154421316,0.,14.3594828115295));
#6826=CARTESIAN_POINT('',(-220.576868533931,0.,38.7853237380229));
#6827=CARTESIAN_POINT('',(-200.658554792987,0.,13.8749863726188));
#6828=CARTESIAN_POINT('Origin',(-204.865557237585,0.,-9.21218591606562));
#6829=CARTESIAN_POINT('',(-275.231320527406,0.390797626448753,-49.8378782931772));
#6830=CARTESIAN_POINT('Ctrl Pts',(-274.068999240453,1.05471187339392E-14,
-49.16681178527));
#6831=CARTESIAN_POINT('Ctrl Pts',(-274.336202885729,1.27910096604715E-14,
-49.3210818817988));
#6832=CARTESIAN_POINT('Ctrl Pts',(-274.65068630833,0.0722310339559229,-49.5026489704932));
#6833=CARTESIAN_POINT('Ctrl Pts',(-275.007319315977,0.242804453476708,-49.7085511334602));
#6834=CARTESIAN_POINT('Ctrl Pts',(-275.122132280051,0.310572716671334,-49.7748384291747));
#6835=CARTESIAN_POINT('Ctrl Pts',(-275.231320527406,0.39079762644874,-49.8378782931772));
#6836=CARTESIAN_POINT('',(-204.865557237585,0.999999999999996,-9.21218591606563));
#6837=CARTESIAN_POINT('',(-204.865557237585,0.,-9.21218591606563));
#6838=CARTESIAN_POINT('',(-275.231320527406,1.00000000000001,-49.8378782931772));
#6839=CARTESIAN_POINT('',(-275.231320527406,1.00000000000001,-49.8378782931772));
#6840=CARTESIAN_POINT('',(-275.231320527406,8.88178419700125E-15,-49.8378782931772));
#6841=CARTESIAN_POINT('Origin',(-275.231320527406,8.88178419700125E-15,
-49.8378782931772));
#6842=CARTESIAN_POINT('',(-276.257667385901,0.397195789960278,-48.0601933880748));
#6843=CARTESIAN_POINT('Ctrl Pts',(-275.231320527406,0.390797626448748,-49.8378782931772));
#6844=CARTESIAN_POINT('Ctrl Pts',(-275.322801692069,0.390154742204602,-49.679428268046));
#6845=CARTESIAN_POINT('Ctrl Pts',(-275.413690172201,0.389840509934123,-49.5220048026337));
#6846=CARTESIAN_POINT('Ctrl Pts',(-275.750699568047,0.389840509934132,-48.9382874064014));
#6847=CARTESIAN_POINT('Ctrl Pts',(-276.002364232631,0.392183364139101,-48.5023914208719));
#6848=CARTESIAN_POINT('Ctrl Pts',(-276.257667385901,0.397195789960271,-48.0601933880747));
#6849=CARTESIAN_POINT('',(-276.257667385901,1.00000000000001,-48.0601933880748));
#6850=CARTESIAN_POINT('',(-276.257667385901,1.00000000000001,-48.0601933880748));
#6851=CARTESIAN_POINT('',(-276.257667385901,8.88178419700125E-15,-48.0601933880748));
#6852=CARTESIAN_POINT('Origin',(-276.257667385901,8.88178419700125E-15,
-48.0601933880747));
#6853=CARTESIAN_POINT('Ctrl Pts',(-276.257667385901,0.39719578996029,-48.0601933880748));
#6854=CARTESIAN_POINT('Ctrl Pts',(-276.145883850798,0.314208549746447,-47.9956551339922));
#6855=CARTESIAN_POINT('Ctrl Pts',(-276.027903538174,0.24420493729858,-47.9275391687393));
#6856=CARTESIAN_POINT('Ctrl Pts',(-275.66833042303,0.0722354653105306,-47.7199395339178));
#6857=CARTESIAN_POINT('Ctrl Pts',(-275.353803255858,6.71087267438888E-15,
-47.5383471892838));
#6858=CARTESIAN_POINT('Ctrl Pts',(-275.086563233275,9.24607612695638E-15,
-47.3840560903069));
#6859=CARTESIAN_POINT('',(-205.89190409608,0.999999999999996,-7.43450101096315));
#6860=CARTESIAN_POINT('',(-205.89190409608,0.999999999999996,-7.43450101096315));
#6861=CARTESIAN_POINT('',(-205.89190409608,0.,-7.43450101096315));
#6862=CARTESIAN_POINT('Origin',(-190.,0.,0.));
#6863=CARTESIAN_POINT('',(-205.41076564649,0.999999999999996,-8.26785725112747));
#6864=CARTESIAN_POINT('',(-205.41076564649,0.,-8.26785725112747));
#6865=CARTESIAN_POINT('Origin',(-190.,0.999999999999996,0.));
#6866=CARTESIAN_POINT('Origin',(-205.89190409608,0.,-7.43450101096315));
#6867=CARTESIAN_POINT('',(-204.865557237585,0.999999999999996,-9.21218591606563));
#6868=CARTESIAN_POINT('Origin',(-240.561612311743,1.00000000000001,-28.6361896520702));
#6869=CARTESIAN_POINT('Origin',(-172.880192412615,0.,3.57230310962001));
#6870=CARTESIAN_POINT('',(-92.8631987636784,0.390797626448736,17.6814580051055));
#6871=CARTESIAN_POINT('Ctrl Pts',(-94.1849417632261,-1.15749423934552E-14,
17.4483990527227));
#6872=CARTESIAN_POINT('Ctrl Pts',(-93.8810889889871,-9.83222727437478E-15,
17.5019764949841));
#6873=CARTESIAN_POINT('Ctrl Pts',(-93.5234716357109,0.072231033955914,17.5650340831363));
#6874=CARTESIAN_POINT('Ctrl Pts',(-93.1179235428072,0.24280445347669,17.63654315389));
#6875=CARTESIAN_POINT('Ctrl Pts',(-92.9873630573155,0.310572716671331,17.6595644900966));
#6876=CARTESIAN_POINT('Ctrl Pts',(-92.8631987636784,0.390797626448735,17.6814580051055));
#6877=CARTESIAN_POINT('',(-172.880192412615,0.999999999999996,3.57230310962001));
#6878=CARTESIAN_POINT('',(-172.880192412615,0.,3.57230310962001));
#6879=CARTESIAN_POINT('',(-92.8631987636784,0.999999999999988,17.6814580051055));
#6880=CARTESIAN_POINT('',(-92.8631987636784,0.999999999999988,17.6814580051055));
#6881=CARTESIAN_POINT('',(-92.8631987636784,-8.88178419700125E-15,17.6814580051055));
#6882=CARTESIAN_POINT('Origin',(-92.8631987636784,-8.88178419700125E-15,
17.6814580051055));
#6883=CARTESIAN_POINT('',(-92.5067522404147,0.397195789960261,15.6599493180538));
#6884=CARTESIAN_POINT('Ctrl Pts',(-92.8631987636784,0.390797626448738,17.6814580051055));
#6885=CARTESIAN_POINT('Ctrl Pts',(-92.8314276886094,0.390154742204592,17.5012752846768));
#6886=CARTESIAN_POINT('Ctrl Pts',(-92.7998624507175,0.389840509934096,17.3222599248887));
#6887=CARTESIAN_POINT('Ctrl Pts',(-92.6828203158272,0.389840509934096,16.6584809931557));
#6888=CARTESIAN_POINT('Ctrl Pts',(-92.5954180950508,0.39218336413909,16.1627983674724));
#6889=CARTESIAN_POINT('Ctrl Pts',(-92.5067522404147,0.397195789960261,15.6599493180538));
#6890=CARTESIAN_POINT('',(-92.5067522404147,0.999999999999988,15.6599493180538));
#6891=CARTESIAN_POINT('',(-92.5067522404147,0.999999999999988,15.6599493180538));
#6892=CARTESIAN_POINT('',(-92.5067522404147,-8.88178419700125E-15,15.6599493180538));
#6893=CARTESIAN_POINT('Origin',(-92.5067522404147,-8.88178419700125E-15,
15.6599493180538));
#6894=CARTESIAN_POINT('Ctrl Pts',(-92.5067522404147,0.397195789960258,15.6599493180538));
#6895=CARTESIAN_POINT('Ctrl Pts',(-92.6338677863875,0.314208549746419,15.6375354176313));
#6896=CARTESIAN_POINT('Ctrl Pts',(-92.7680300477573,0.244204937298562,15.6138789911589));
#6897=CARTESIAN_POINT('Ctrl Pts',(-93.1769215075468,0.0722354653105128,
15.5417803946167));
#6898=CARTESIAN_POINT('Ctrl Pts',(-93.5345886053134,-1.38203536751009E-14,
15.4787140351688));
#6899=CARTESIAN_POINT('Ctrl Pts',(-93.8384827462998,-1.16876994193937E-14,
15.4251292988337));
#6900=CARTESIAN_POINT('',(-172.523745889352,0.999999999999996,1.55079442256832));
#6901=CARTESIAN_POINT('',(-172.523745889352,0.999999999999996,1.55079442256832));
#6902=CARTESIAN_POINT('',(-172.523745889352,0.,1.55079442256832));
#6903=CARTESIAN_POINT('Origin',(-190.,0.,0.));
#6904=CARTESIAN_POINT('',(-172.690843519305,0.999999999999996,2.49845217342481));
#6905=CARTESIAN_POINT('',(-172.690843519305,0.,2.49845217342481));
#6906=CARTESIAN_POINT('Origin',(-190.,0.999999999999996,0.));
#6907=CARTESIAN_POINT('Origin',(-172.523745889352,0.,1.55079442256832));
#6908=CARTESIAN_POINT('',(-172.880192412615,0.999999999999996,3.57230310962001));
#6909=CARTESIAN_POINT('Origin',(-132.693472326515,0.999999999999988,9.61612621383689));
#6910=CARTESIAN_POINT('Origin',(-179.181698707326,0.,13.7409431436495));
#6911=CARTESIAN_POINT('',(-126.954315317438,0.390797626448736,75.9831149303442));
#6912=CARTESIAN_POINT('Ctrl Pts',(-127.817021790555,-8.53917631049583E-15,
74.9549813916531));
#6913=CARTESIAN_POINT('Ctrl Pts',(-127.618695977367,-8.62053156175512E-15,
75.1913368920237));
#6914=CARTESIAN_POINT('Ctrl Pts',(-127.385277827488,0.0722310339559051,
75.469513810719));
#6915=CARTESIAN_POINT('Ctrl Pts',(-127.120575109162,0.24280445347669,75.784974226253));
#6916=CARTESIAN_POINT('Ctrl Pts',(-127.035357804432,0.310572716671328,75.886532255316));
#6917=CARTESIAN_POINT('Ctrl Pts',(-126.954315317438,0.390797626448738,75.9831149303442));
#6918=CARTESIAN_POINT('',(-179.181698707326,0.999999999999996,13.7409431436495));
#6919=CARTESIAN_POINT('',(-179.181698707326,0.,13.7409431436495));
#6920=CARTESIAN_POINT('',(-126.954315317438,0.999999999999988,75.9831149303442));
#6921=CARTESIAN_POINT('',(-126.954315317438,0.999999999999988,75.9831149303442));
#6922=CARTESIAN_POINT('',(-126.954315317438,-8.88178419700125E-15,75.9831149303442));
#6923=CARTESIAN_POINT('Origin',(-126.954315317438,-8.88178419700125E-15,
75.9831149303442));
#6924=CARTESIAN_POINT('',(-125.381860702112,0.397195789960261,74.6636688425813));
#6925=CARTESIAN_POINT('Ctrl Pts',(-126.954315317438,0.390797626448739,75.9831149303442));
#6926=CARTESIAN_POINT('Ctrl Pts',(-126.814158041758,0.390154742204594,75.8655090120146));
#6927=CARTESIAN_POINT('Ctrl Pts',(-126.67490881146,0.389840509934105,75.7486650342298));
#6928=CARTESIAN_POINT('Ctrl Pts',(-126.158580461528,0.389840509934114,75.3154141062351));
#6929=CARTESIAN_POINT('Ctrl Pts',(-125.77300782586,0.392183364139093,74.9918802498539));
#6930=CARTESIAN_POINT('Ctrl Pts',(-125.381860702112,0.397195789960265,74.6636688425813));
#6931=CARTESIAN_POINT('',(-125.381860702112,0.999999999999988,74.6636688425813));
#6932=CARTESIAN_POINT('',(-125.381860702112,0.999999999999988,74.6636688425813));
#6933=CARTESIAN_POINT('',(-125.381860702112,-8.88178419700125E-15,74.6636688425813));
#6934=CARTESIAN_POINT('Origin',(-125.381860702112,-8.88178419700125E-15,
74.6636688425813));
#6935=CARTESIAN_POINT('Ctrl Pts',(-125.381860702112,0.397195789960266,74.6636688425813));
#6936=CARTESIAN_POINT('Ctrl Pts',(-125.464829482262,0.314208549746424,74.5647905007641));
#6937=CARTESIAN_POINT('Ctrl Pts',(-125.552397679235,0.244204937298553,74.4604307874249));
#6938=CARTESIAN_POINT('Ctrl Pts',(-125.819282625312,0.0722354653105128,
74.1423696941278));
#6939=CARTESIAN_POINT('Ctrl Pts',(-126.052733243602,-9.49985918183473E-15,
73.8641540810881));
#6940=CARTESIAN_POINT('Ctrl Pts',(-126.251086057016,-7.28583859910259E-15,
73.6277664031001));
#6941=CARTESIAN_POINT('',(-177.609244092001,0.999999999999996,12.4214970558866));
#6942=CARTESIAN_POINT('',(-177.609244092001,0.999999999999996,12.4214970558866));
#6943=CARTESIAN_POINT('',(-177.609244092001,0.,12.4214970558866));
#6944=CARTESIAN_POINT('Origin',(-190.,0.,0.));
#6945=CARTESIAN_POINT('',(-178.346390963359,0.999999999999996,13.0400367237668));
#6946=CARTESIAN_POINT('',(-178.346390963359,0.,13.0400367237668));
#6947=CARTESIAN_POINT('Origin',(-190.,0.999999999999996,0.));
#6948=CARTESIAN_POINT('Origin',(-177.609244092001,0.,12.4214970558866));
#6949=CARTESIAN_POINT('',(-179.181698707326,0.999999999999996,13.7409431436495));
#6950=CARTESIAN_POINT('Origin',(-152.281779704719,0.999999999999988,44.2023059931154));
#6951=CARTESIAN_POINT('Origin',(-195.466198550743,0.,-16.6123398333866));
#6952=CARTESIAN_POINT('',(-223.255808809792,0.390797626448736,-92.9636665155669));
#6953=CARTESIAN_POINT('Ctrl Pts',(-222.796772283361,3.54317269968263E-15,
-91.7024740244929));
#6954=CARTESIAN_POINT('Ctrl Pts',(-222.902299244412,1.00216198131192E-14,
-91.9924069671251));
#6955=CARTESIAN_POINT('Ctrl Pts',(-223.026498447809,0.0722310339559229,
-92.3336414739724));
#6956=CARTESIAN_POINT('Ctrl Pts',(-223.167343822387,0.242804453476699,-92.7206109602603));
#6957=CARTESIAN_POINT('Ctrl Pts',(-223.212687003149,0.310572716671357,-92.8451903255299));
#6958=CARTESIAN_POINT('Ctrl Pts',(-223.255808809792,0.390797626448746,-92.9636665155669));
#6959=CARTESIAN_POINT('',(-195.466198550743,0.999999999999996,-16.6123398333866));
#6960=CARTESIAN_POINT('',(-195.466198550743,0.,-16.6123398333866));
#6961=CARTESIAN_POINT('',(-223.255808809792,0.999999999999996,-92.9636665155669));
#6962=CARTESIAN_POINT('',(-223.255808809792,0.999999999999996,-92.9636665155669));
#6963=CARTESIAN_POINT('',(-223.255808809792,0.,-92.9636665155669));
#6964=CARTESIAN_POINT('Origin',(-223.255808809792,0.,-92.9636665155669));
#6965=CARTESIAN_POINT('',(-225.184709948381,0.397195789960261,-92.2616039162781));
#6966=CARTESIAN_POINT('Ctrl Pts',(-223.255808809792,0.390797626448742,-92.9636665155669));
#6967=CARTESIAN_POINT('Ctrl Pts',(-223.42773716054,0.390154742204596,-92.9010897134678));
#6968=CARTESIAN_POINT('Ctrl Pts',(-223.59855162873,0.389840509934105,-92.8389183314647));
#6969=CARTESIAN_POINT('Ctrl Pts',(-224.231922113553,0.389840509934105,-92.6083903277264));
#6970=CARTESIAN_POINT('Ctrl Pts',(-224.704896969998,0.392183364139097,-92.4362415584243));
#6971=CARTESIAN_POINT('Ctrl Pts',(-225.184709948381,0.397195789960268,-92.2616039162781));
#6972=CARTESIAN_POINT('',(-225.184709948381,0.999999999999996,-92.2616039162781));
#6973=CARTESIAN_POINT('',(-225.184709948381,0.999999999999996,-92.2616039162781));
#6974=CARTESIAN_POINT('',(-225.184709948381,0.,-92.2616039162781));
#6975=CARTESIAN_POINT('Origin',(-225.184709948381,0.,-92.2616039162781));
#6976=CARTESIAN_POINT('Ctrl Pts',(-225.184709948381,0.397195789960267,-92.2616039162781));
#6977=CARTESIAN_POINT('Ctrl Pts',(-225.140563182559,0.314208549746426,-92.1403116740384));
#6978=CARTESIAN_POINT('Ctrl Pts',(-225.093969118162,0.244204937298571,-92.0122955342269));
#6979=CARTESIAN_POINT('Ctrl Pts',(-224.95196260445,0.0722354653105217,-91.6221358443876));
#6980=CARTESIAN_POINT('Ctrl Pts',(-224.827746124972,4.47271012975466E-15,
-91.2808538718999));
#6981=CARTESIAN_POINT('Ctrl Pts',(-224.7222047974,4.44089209850066E-15,
-90.9908814575768));
#6982=CARTESIAN_POINT('',(-197.395099689333,0.999999999999996,-15.9102772340978));
#6983=CARTESIAN_POINT('',(-197.395099689333,0.999999999999996,-15.9102772340978));
#6984=CARTESIAN_POINT('',(-197.395099689333,0.,-15.9102772340978));
#6985=CARTESIAN_POINT('Origin',(-190.,0.,0.));
#6986=CARTESIAN_POINT('',(-196.490855188021,0.999999999999996,-16.2393953170743));
#6987=CARTESIAN_POINT('',(-196.490855188021,0.,-16.2393953170743));
#6988=CARTESIAN_POINT('Origin',(-190.,0.999999999999996,0.));
#6989=CARTESIAN_POINT('Origin',(-197.395099689333,0.,-15.9102772340978));
#6990=CARTESIAN_POINT('',(-195.466198550743,0.999999999999996,-16.6123398333866));
#6991=CARTESIAN_POINT('Origin',(-210.325454249562,0.999999999999996,-54.4369718748324));
#6992=CARTESIAN_POINT('Origin',(-207.309156480695,0.,2.49845217342467));
#6993=CARTESIAN_POINT('',(-287.326150129632,0.390797626448744,16.6076070689102));
#6994=CARTESIAN_POINT('Ctrl Pts',(-286.004407130084,9.97465998686664E-15,
16.3745481165274));
#6995=CARTESIAN_POINT('Ctrl Pts',(-286.308259904323,8.69438524336526E-15,
16.4281255587888));
#6996=CARTESIAN_POINT('Ctrl Pts',(-286.665877257599,0.0722310339559229,
16.491183146941));
#6997=CARTESIAN_POINT('Ctrl Pts',(-287.071425350503,0.242804453476699,16.5626922176947));
#6998=CARTESIAN_POINT('Ctrl Pts',(-287.201985835995,0.310572716671342,16.5857135539013));
#6999=CARTESIAN_POINT('Ctrl Pts',(-287.326150129632,0.390797626448751,16.6076070689102));
#7000=CARTESIAN_POINT('',(-207.309156480695,0.999999999999996,2.49845217342467));
#7001=CARTESIAN_POINT('',(-207.309156480695,0.,2.49845217342467));
#7002=CARTESIAN_POINT('',(-287.326150129632,1.00000000000001,16.6076070689102));
#7003=CARTESIAN_POINT('',(-287.326150129632,1.00000000000001,16.6076070689102));
#7004=CARTESIAN_POINT('',(-287.326150129632,8.88178419700125E-15,16.6076070689102));
#7005=CARTESIAN_POINT('Origin',(-287.326150129632,8.88178419700125E-15,
16.6076070689102));
#7006=CARTESIAN_POINT('',(-286.969703606368,0.397195789960261,18.6291157559618));
#7007=CARTESIAN_POINT('Ctrl Pts',(-287.326150129632,0.390797626448758,16.6076070689101));
#7008=CARTESIAN_POINT('Ctrl Pts',(-287.294379054563,0.390154742204612,16.7877897893388));
#7009=CARTESIAN_POINT('Ctrl Pts',(-287.262813816671,0.389840509934096,16.9668051491268));
#7010=CARTESIAN_POINT('Ctrl Pts',(-287.145771681781,0.389840509934096,17.6305840808598));
#7011=CARTESIAN_POINT('Ctrl Pts',(-287.058369461004,0.392183364139109,18.1262667065431));
#7012=CARTESIAN_POINT('Ctrl Pts',(-286.969703606368,0.39719578996028,18.6291157559618));
#7013=CARTESIAN_POINT('',(-286.969703606368,1.00000000000001,18.6291157559618));
#7014=CARTESIAN_POINT('',(-286.969703606368,1.00000000000001,18.6291157559618));
#7015=CARTESIAN_POINT('',(-286.969703606368,8.88178419700125E-15,18.6291157559618));
#7016=CARTESIAN_POINT('Origin',(-286.969703606368,8.88178419700125E-15,
18.6291157559618));
#7017=CARTESIAN_POINT('Ctrl Pts',(-286.969703606368,0.397195789960269,18.6291157559618));
#7018=CARTESIAN_POINT('Ctrl Pts',(-286.842588060395,0.314208549746422,18.6067018555393));
#7019=CARTESIAN_POINT('Ctrl Pts',(-286.708425799025,0.244204937298571,18.583045429067));
#7020=CARTESIAN_POINT('Ctrl Pts',(-286.299534339236,0.0722354653105306,
18.5109468325248));
#7021=CARTESIAN_POINT('Ctrl Pts',(-285.941867241469,5.98306951306063E-15,
18.4478804730769));
#7022=CARTESIAN_POINT('Ctrl Pts',(-285.637973100483,1.19956128363796E-14,
18.3942957367418));
#7023=CARTESIAN_POINT('',(-206.952709957431,0.999999999999996,4.51996086047636));
#7024=CARTESIAN_POINT('',(-206.952709957431,0.999999999999996,4.51996086047636));
#7025=CARTESIAN_POINT('',(-206.952709957431,0.,4.51996086047636));
#7026=CARTESIAN_POINT('Origin',(-190.,0.,0.));
#7027=CARTESIAN_POINT('',(-207.119807587385,0.999999999999996,3.5723031096202));
#7028=CARTESIAN_POINT('',(-207.119807587385,0.,3.5723031096202));
#7029=CARTESIAN_POINT('Origin',(-190.,0.999999999999996,0.));
#7030=CARTESIAN_POINT('Origin',(-206.952709957431,0.,4.51996086047636));
#7031=CARTESIAN_POINT('',(-207.309156480695,0.999999999999996,2.49845217342467));
#7032=CARTESIAN_POINT('Origin',(-247.139430043531,1.00000000000001,10.5637839646933));
#7033=CARTESIAN_POINT('Origin',(-174.58923435351,0.,-8.26785725112736));
#7034=CARTESIAN_POINT('',(-104.223471063689,0.390797626448727,-48.893549628239));
#7035=CARTESIAN_POINT('Ctrl Pts',(-105.385792350642,-1.0549287138284E-14,
-48.2224831203318));
#7036=CARTESIAN_POINT('Ctrl Pts',(-105.118588705365,-8.55822441009623E-15,
-48.3767532168606));
#7037=CARTESIAN_POINT('Ctrl Pts',(-104.804105282764,0.072231033955914,-48.558320305555));
#7038=CARTESIAN_POINT('Ctrl Pts',(-104.447472275117,0.24280445347669,-48.764222468522));
#7039=CARTESIAN_POINT('Ctrl Pts',(-104.332659311043,0.310572716671327,-48.8305097642365));
#7040=CARTESIAN_POINT('Ctrl Pts',(-104.223471063689,0.390797626448724,-48.893549628239));
#7041=CARTESIAN_POINT('',(-174.58923435351,0.999999999999996,-8.26785725112736));
#7042=CARTESIAN_POINT('',(-174.58923435351,0.,-8.26785725112736));
#7043=CARTESIAN_POINT('',(-104.223471063689,0.999999999999988,-48.893549628239));
#7044=CARTESIAN_POINT('',(-104.223471063689,0.999999999999988,-48.893549628239));
#7045=CARTESIAN_POINT('',(-104.223471063689,-8.88178419700125E-15,-48.893549628239));
#7046=CARTESIAN_POINT('Origin',(-104.223471063689,-8.88178419700125E-15,
-48.893549628239));
#7047=CARTESIAN_POINT('',(-105.249817922184,0.397195789960243,-50.6712345333415));
#7048=CARTESIAN_POINT('Ctrl Pts',(-104.223471063689,0.390797626448729,-48.893549628239));
#7049=CARTESIAN_POINT('Ctrl Pts',(-104.314952228351,0.390154742204582,-49.0519996533704));
#7050=CARTESIAN_POINT('Ctrl Pts',(-104.405840708484,0.389840509934096,-49.2094231187829));
#7051=CARTESIAN_POINT('Ctrl Pts',(-104.742850104329,0.389840509934096,-49.7931405150152));
#7052=CARTESIAN_POINT('Ctrl Pts',(-104.994514768913,0.392183364139076,-50.2290365005445));
#7053=CARTESIAN_POINT('Ctrl Pts',(-105.249817922184,0.397195789960242,-50.6712345333415));
#7054=CARTESIAN_POINT('',(-105.249817922184,0.999999999999988,-50.6712345333415));
#7055=CARTESIAN_POINT('',(-105.249817922184,0.999999999999988,-50.6712345333415));
#7056=CARTESIAN_POINT('',(-105.249817922184,-8.88178419700125E-15,-50.6712345333415));
#7057=CARTESIAN_POINT('Origin',(-105.249817922184,-8.88178419700125E-15,
-50.6712345333415));
#7058=CARTESIAN_POINT('Ctrl Pts',(-105.249817922184,0.397195789960243,-50.6712345333415));
#7059=CARTESIAN_POINT('Ctrl Pts',(-105.361601457287,0.314208549746414,-50.6066962792589));
#7060=CARTESIAN_POINT('Ctrl Pts',(-105.479581769911,0.244204937298544,-50.538580314006));
#7061=CARTESIAN_POINT('Ctrl Pts',(-105.839154885055,0.0722354653105128,
-50.3309806791845));
#7062=CARTESIAN_POINT('Ctrl Pts',(-106.153682052227,-1.24757432065383E-14,
-50.1493883345505));
#7063=CARTESIAN_POINT('Ctrl Pts',(-106.42092207481,-1.02695629777827E-14,
-49.9950972355736));
#7064=CARTESIAN_POINT('',(-175.615581212005,0.999999999999996,-10.0455421562298));
#7065=CARTESIAN_POINT('',(-175.615581212005,0.999999999999996,-10.0455421562298));
#7066=CARTESIAN_POINT('',(-175.615581212005,0.,-10.0455421562298));
#7067=CARTESIAN_POINT('Origin',(-190.,0.,0.));
#7068=CARTESIAN_POINT('',(-175.134442762415,0.999999999999996,-9.21218591606608));
#7069=CARTESIAN_POINT('',(-175.134442762415,0.,-9.21218591606608));
#7070=CARTESIAN_POINT('Origin',(-190.,0.999999999999996,0.));
#7071=CARTESIAN_POINT('Origin',(-175.615581212005,0.,-10.0455421562298));
#7072=CARTESIAN_POINT('',(-174.58923435351,0.999999999999996,-8.26785725112736));
#7073=CARTESIAN_POINT('Origin',(-139.919526137847,0.999999999999988,-29.4695458922344));
#7074=CARTESIAN_POINT('Origin',(-190.545208408906,0.,17.480043167193));
#7075=CARTESIAN_POINT('',(-190.545208408906,0.390797626448744,98.7314279214162));
#7076=CARTESIAN_POINT('Ctrl Pts',(-190.545208408906,4.2934406030426E-16,
97.3892949056018));
#7077=CARTESIAN_POINT('Ctrl Pts',(-190.545208408906,4.76444468928054E-16,
97.6978350986594));
#7078=CARTESIAN_POINT('Ctrl Pts',(-190.545208408906,0.072231033955914,98.0609692760482));
#7079=CARTESIAN_POINT('Ctrl Pts',(-190.545208408906,0.24280445347669,98.4727736019821));
#7080=CARTESIAN_POINT('Ctrl Pts',(-190.545208408906,0.310572716671336,98.6053481934111));
#7081=CARTESIAN_POINT('Ctrl Pts',(-190.545208408906,0.390797626448739,98.7314279214162));
#7082=CARTESIAN_POINT('',(-190.545208408906,0.999999999999996,17.480043167193));
#7083=CARTESIAN_POINT('',(-190.545208408906,0.,17.480043167193));
#7084=CARTESIAN_POINT('',(-190.545208408906,0.999999999999996,98.7314279214162));
#7085=CARTESIAN_POINT('',(-190.545208408906,0.999999999999996,98.7314279214162));
#7086=CARTESIAN_POINT('',(-190.545208408906,0.,98.7314279214162));
#7087=CARTESIAN_POINT('Origin',(-190.545208408906,0.,98.7314279214162));
#7088=CARTESIAN_POINT('',(-188.492514691915,0.39719578996027,98.7314279214162));
#7089=CARTESIAN_POINT('Ctrl Pts',(-190.545208408906,0.390797626448743,98.7314279214162));
#7090=CARTESIAN_POINT('Ctrl Pts',(-190.36224607958,0.390154742204598,98.7314279214162));
#7091=CARTESIAN_POINT('Ctrl Pts',(-190.180469119315,0.389840509934105,98.7314279214162));
#7092=CARTESIAN_POINT('Ctrl Pts',(-189.506450327624,0.389840509934105,98.7314279214162));
#7093=CARTESIAN_POINT('Ctrl Pts',(-189.003120998456,0.392183364139093,98.7314279214162));
#7094=CARTESIAN_POINT('Ctrl Pts',(-188.492514691915,0.397195789960264,98.7314279214162));
#7095=CARTESIAN_POINT('',(-188.492514691915,0.999999999999996,98.7314279214162));
#7096=CARTESIAN_POINT('',(-188.492514691915,0.999999999999996,98.7314279214162));
#7097=CARTESIAN_POINT('',(-188.492514691915,0.,98.7314279214162));
#7098=CARTESIAN_POINT('Origin',(-188.492514691915,0.,98.7314279214162));
#7099=CARTESIAN_POINT('Ctrl Pts',(-188.492514691915,0.397195789960276,98.7314279214162));
#7100=CARTESIAN_POINT('Ctrl Pts',(-188.492514691915,0.314208549746429,98.602351413251));
#7101=CARTESIAN_POINT('Ctrl Pts',(-188.492514691915,0.244204937298562,98.4661194827454));
#7102=CARTESIAN_POINT('Ctrl Pts',(-188.492514691915,0.0722354653105217,
98.0509202131023));
#7103=CARTESIAN_POINT('Ctrl Pts',(-188.492514691915,-2.45100852108583E-15,
97.6877355238342));
#7104=CARTESIAN_POINT('Ctrl Pts',(-188.492514691915,-2.77555756156289E-16,
97.3791533258804));
#7105=CARTESIAN_POINT('',(-188.492514691915,0.999999999999996,17.480043167193));
#7106=CARTESIAN_POINT('',(-188.492514691915,0.999999999999996,17.480043167193));
#7107=CARTESIAN_POINT('',(-188.492514691915,0.,17.480043167193));
#7108=CARTESIAN_POINT('Origin',(-190.,0.,0.));
#7109=CARTESIAN_POINT('',(-189.454791591094,0.999999999999996,17.480043167193));
#7110=CARTESIAN_POINT('',(-189.454791591094,0.,17.480043167193));
#7111=CARTESIAN_POINT('Origin',(-190.,0.999999999999996,0.));
#7112=CARTESIAN_POINT('Origin',(-188.492514691915,0.,17.480043167193));
#7113=CARTESIAN_POINT('',(-190.545208408906,0.999999999999996,17.480043167193));
#7114=CARTESIAN_POINT('Origin',(-189.51886155041,0.999999999999996,58.1057355443046));
#7115=CARTESIAN_POINT('Origin',(-183.509144811979,0.,-16.2393953170741));
#7116=CARTESIAN_POINT('',(-155.71953455293,0.390797626448736,-92.5907219992544));
#7117=CARTESIAN_POINT('Ctrl Pts',(-156.178571079361,-4.31729305083728E-15,
-91.3295295081804));
#7118=CARTESIAN_POINT('Ctrl Pts',(-156.07304411831,-6.4625025708847E-15,
-91.6194624508125));
#7119=CARTESIAN_POINT('Ctrl Pts',(-155.948844914913,0.072231033955914,-91.9606969576599));
#7120=CARTESIAN_POINT('Ctrl Pts',(-155.807999540335,0.24280445347669,-92.3476664439477));
#7121=CARTESIAN_POINT('Ctrl Pts',(-155.762656359573,0.310572716671332,-92.4722458092173));
#7122=CARTESIAN_POINT('Ctrl Pts',(-155.71953455293,0.390797626448731,-92.5907219992544));
#7123=CARTESIAN_POINT('',(-183.509144811979,0.999999999999996,-16.2393953170741));
#7124=CARTESIAN_POINT('',(-183.509144811979,0.,-16.2393953170741));
#7125=CARTESIAN_POINT('',(-155.71953455293,0.999999999999996,-92.5907219992544));
#7126=CARTESIAN_POINT('',(-155.71953455293,0.999999999999996,-92.5907219992544));
#7127=CARTESIAN_POINT('',(-155.71953455293,0.,-92.5907219992544));
#7128=CARTESIAN_POINT('Origin',(-155.71953455293,0.,-92.5907219992544));
#7129=CARTESIAN_POINT('',(-157.64843569152,0.397195789960252,-93.2927845985432));
#7130=CARTESIAN_POINT('Ctrl Pts',(-155.71953455293,0.390797626448723,-92.5907219992543));
#7131=CARTESIAN_POINT('Ctrl Pts',(-155.891462903679,0.390154742204578,-92.6532988013533));
#7132=CARTESIAN_POINT('Ctrl Pts',(-156.062277371869,0.389840509934087,-92.7154701833565));
#7133=CARTESIAN_POINT('Ctrl Pts',(-156.695647856692,0.389840509934087,-92.9459981870948));
#7134=CARTESIAN_POINT('Ctrl Pts',(-157.168622713136,0.392183364139074,-93.1181469563969));
#7135=CARTESIAN_POINT('Ctrl Pts',(-157.64843569152,0.397195789960246,-93.2927845985431));
#7136=CARTESIAN_POINT('',(-157.64843569152,0.999999999999996,-93.2927845985432));
#7137=CARTESIAN_POINT('',(-157.64843569152,0.999999999999996,-93.2927845985432));
#7138=CARTESIAN_POINT('',(-157.64843569152,0.,-93.2927845985432));
#7139=CARTESIAN_POINT('Origin',(-157.64843569152,0.,-93.2927845985432));
#7140=CARTESIAN_POINT('Ctrl Pts',(-157.64843569152,0.397195789960253,-93.2927845985432));
#7141=CARTESIAN_POINT('Ctrl Pts',(-157.692582457343,0.31420854974641,-93.1714923563035));
#7142=CARTESIAN_POINT('Ctrl Pts',(-157.73917652174,0.244204937298562,-93.0434762164919));
#7143=CARTESIAN_POINT('Ctrl Pts',(-157.881183035452,0.0722354653105217,
-92.6533165266526));
#7144=CARTESIAN_POINT('Ctrl Pts',(-158.005399514929,-8.46030099212567E-15,
-92.312034554165));
#7145=CARTESIAN_POINT('Ctrl Pts',(-158.110940842501,-4.12647346847983E-15,
-92.0220621398419));
#7146=CARTESIAN_POINT('',(-185.438045950568,0.999999999999996,-16.9414579163629));
#7147=CARTESIAN_POINT('',(-185.438045950568,0.999999999999996,-16.9414579163629));
#7148=CARTESIAN_POINT('',(-185.438045950568,0.,-16.9414579163629));
#7149=CARTESIAN_POINT('Origin',(-190.,0.,0.));
#7150=CARTESIAN_POINT('',(-184.533801449257,0.999999999999996,-16.6123398333869));
#7151=CARTESIAN_POINT('',(-184.533801449257,0.,-16.6123398333869));
#7152=CARTESIAN_POINT('Origin',(-190.,0.999999999999996,0.));
#7153=CARTESIAN_POINT('Origin',(-185.438045950568,0.,-16.9414579163629));
#7154=CARTESIAN_POINT('',(-183.509144811979,0.999999999999996,-16.2393953170741));
#7155=CARTESIAN_POINT('Origin',(-170.578790251749,0.999999999999996,-54.7660899578086));
#7156=CARTESIAN_POINT('Origin',(-201.653609036641,0.,13.0400367237666));
#7157=CARTESIAN_POINT('',(-253.88099242653,0.390797626448762,75.2822085104614));
#7158=CARTESIAN_POINT('Ctrl Pts',(-253.018285953413,7.77156117237584E-15,
74.2540749717702));
#7159=CARTESIAN_POINT('Ctrl Pts',(-253.216611766601,1.00070169972482E-14,
74.4904304721409));
#7160=CARTESIAN_POINT('Ctrl Pts',(-253.45002991648,0.0722310339559318,74.7686073908361));
#7161=CARTESIAN_POINT('Ctrl Pts',(-253.714732634806,0.242804453476708,75.0840678063702));
#7162=CARTESIAN_POINT('Ctrl Pts',(-253.799949939536,0.310572716671353,75.1856258354332));
#7163=CARTESIAN_POINT('Ctrl Pts',(-253.88099242653,0.39079762644877,75.2822085104614));
#7164=CARTESIAN_POINT('',(-201.653609036641,0.999999999999996,13.0400367237666));
#7165=CARTESIAN_POINT('',(-201.653609036641,0.,13.0400367237666));
#7166=CARTESIAN_POINT('',(-253.88099242653,1.00000000000001,75.2822085104614));
#7167=CARTESIAN_POINT('',(-253.88099242653,1.00000000000001,75.2822085104614));
#7168=CARTESIAN_POINT('',(-253.88099242653,8.88178419700125E-15,75.2822085104614));
#7169=CARTESIAN_POINT('Origin',(-253.88099242653,8.88178419700125E-15,75.2822085104614));
#7170=CARTESIAN_POINT('',(-252.308537811204,0.397195789960278,76.6016545982243));
#7171=CARTESIAN_POINT('Ctrl Pts',(-253.88099242653,0.390797626448766,75.2822085104614));
#7172=CARTESIAN_POINT('Ctrl Pts',(-253.74083515085,0.390154742204619,75.3998144287911));
#7173=CARTESIAN_POINT('Ctrl Pts',(-253.601585920552,0.389840509934123,75.516658406576));
#7174=CARTESIAN_POINT('Ctrl Pts',(-253.085257570619,0.389840509934114,75.9499093345708));
#7175=CARTESIAN_POINT('Ctrl Pts',(-252.699684934951,0.392183364139117,76.2734431909519));
#7176=CARTESIAN_POINT('Ctrl Pts',(-252.308537811204,0.397195789960286,76.6016545982243));
#7177=CARTESIAN_POINT('',(-252.308537811204,1.00000000000001,76.6016545982243));
#7178=CARTESIAN_POINT('',(-252.308537811204,1.00000000000001,76.6016545982243));
#7179=CARTESIAN_POINT('',(-252.308537811204,8.88178419700125E-15,76.6016545982243));
#7180=CARTESIAN_POINT('Origin',(-252.308537811204,8.88178419700125E-15,
76.6016545982243));
#7181=CARTESIAN_POINT('Ctrl Pts',(-252.308537811204,0.397195789960282,76.6016545982243));
#7182=CARTESIAN_POINT('Ctrl Pts',(-252.225569031054,0.314208549746434,76.5027762564071));
#7183=CARTESIAN_POINT('Ctrl Pts',(-252.138000834081,0.24420493729858,76.3984165430679));
#7184=CARTESIAN_POINT('Ctrl Pts',(-251.871115888004,0.0722354653105306,
76.0803554497708));
#7185=CARTESIAN_POINT('Ctrl Pts',(-251.637665269714,7.73192540681263E-15,
75.8021398367311));
#7186=CARTESIAN_POINT('Ctrl Pts',(-251.4393124563,7.51352105532455E-15,
75.5657521587431));
#7187=CARTESIAN_POINT('',(-200.081154421316,0.999999999999996,14.3594828115295));
#7188=CARTESIAN_POINT('',(-200.081154421316,0.999999999999996,14.3594828115295));
#7189=CARTESIAN_POINT('',(-200.081154421316,0.,14.3594828115295));
#7190=CARTESIAN_POINT('Origin',(-190.,0.,0.));
#7191=CARTESIAN_POINT('',(-200.818301292673,0.999999999999996,13.7409431436501));
#7192=CARTESIAN_POINT('',(-200.818301292673,0.,13.7409431436501));
#7193=CARTESIAN_POINT('Origin',(-190.,0.999999999999996,0.));
#7194=CARTESIAN_POINT('Origin',(-200.081154421316,0.,14.3594828115295));
#7195=CARTESIAN_POINT('',(-201.653609036641,0.999999999999996,13.0400367237666));
#7196=CARTESIAN_POINT('Origin',(-226.981073423923,1.00000000000001,44.8208456609955));
#7197=CARTESIAN_POINT('Origin',(-190.,2.5,0.));
#7198=CARTESIAN_POINT('',(-190.,2.5,-99.8908209967419));
#7199=CARTESIAN_POINT('Origin',(-190.,2.5,-97.3908209967419));
#7200=CARTESIAN_POINT('',(-90.1091790032581,2.49999999999999,1.22330974197861E-14));
#7201=CARTESIAN_POINT('Origin',(-190.,2.5,0.));
#7202=CARTESIAN_POINT('Origin',(-190.,2.5,0.));
#7203=CARTESIAN_POINT('Origin',(-190.,10.,0.));
#7204=CARTESIAN_POINT('',(-90.1091790032581,9.99999999999999,1.22330974197861E-14));
#7205=CARTESIAN_POINT('Origin',(-190.,26.5,0.));
#7206=CARTESIAN_POINT('',(-172.5,26.5,-2.14313189850787E-15));
#7207=CARTESIAN_POINT('',(-190.,26.5,-17.5));
#7208=CARTESIAN_POINT('Origin',(-190.,26.5,0.));
#7209=CARTESIAN_POINT('Origin',(-190.,26.5,-14.));
#7210=CARTESIAN_POINT('Origin',(-190.,26.5,0.));
#7211=CARTESIAN_POINT('Origin',(-190.,30.,0.));
#7212=CARTESIAN_POINT('',(-172.5,30.,2.14313189850787E-15));
#7213=UNCERTAINTY_MEASURE_WITH_UNIT(LENGTH_MEASURE(0.01),#7217,
'DISTANCE_ACCURACY_VALUE',
'Maximum model space distance between geometric entities at asserted c
onnectivities');
#7214=UNCERTAINTY_MEASURE_WITH_UNIT(LENGTH_MEASURE(0.01),#7217,
'DISTANCE_ACCURACY_VALUE',
'Maximum model space distance between geometric entities at asserted c
onnectivities');
#7215=(
GEOMETRIC_REPRESENTATION_CONTEXT(3)
GLOBAL_UNCERTAINTY_ASSIGNED_CONTEXT((#7213))
GLOBAL_UNIT_ASSIGNED_CONTEXT((#7217,#7219,#7220))
REPRESENTATION_CONTEXT('','3D')
);
#7216=(
GEOMETRIC_REPRESENTATION_CONTEXT(3)
GLOBAL_UNCERTAINTY_ASSIGNED_CONTEXT((#7214))
GLOBAL_UNIT_ASSIGNED_CONTEXT((#7217,#7219,#7220))
REPRESENTATION_CONTEXT('','3D')
);
#7217=(
LENGTH_UNIT()
NAMED_UNIT(*)
SI_UNIT(.MILLI.,.METRE.)
);
#7218=(
LENGTH_UNIT()
NAMED_UNIT(*)
SI_UNIT($,.METRE.)
);
#7219=(
NAMED_UNIT(*)
PLANE_ANGLE_UNIT()
SI_UNIT($,.RADIAN.)
);
#7220=(
NAMED_UNIT(*)
SI_UNIT($,.STERADIAN.)
SOLID_ANGLE_UNIT()
);
#7221=SHAPE_DEFINITION_REPRESENTATION(#7222,#7223);
#7222=PRODUCT_DEFINITION_SHAPE('',$,#7225);
#7223=SHAPE_REPRESENTATION('',(#4113),#7215);
#7224=PRODUCT_DEFINITION_CONTEXT('part definition',#7229,'design');
#7225=PRODUCT_DEFINITION('2026-07-16-17-54-16-538','table',#7226,#7224);
#7226=PRODUCT_DEFINITION_FORMATION('',$,#7231);
#7227=PRODUCT_RELATED_PRODUCT_CATEGORY('table','table',(#7231));
#7228=APPLICATION_PROTOCOL_DEFINITION('international standard',
'automotive_design',2009,#7229);
#7229=APPLICATION_CONTEXT(
'Core Data for Automotive Mechanical Design Process');
#7230=PRODUCT_CONTEXT('part definition',#7229,'mechanical');
#7231=PRODUCT('2026-07-16-17-54-16-538','table',$,(#7230));
#7232=PRESENTATION_STYLE_ASSIGNMENT((#7236));
#7233=PRESENTATION_STYLE_ASSIGNMENT((#7237));
#7234=PRESENTATION_STYLE_ASSIGNMENT((#7238));
#7235=PRESENTATION_STYLE_ASSIGNMENT((#7239));
#7236=SURFACE_STYLE_USAGE(.BOTH.,#7240);
#7237=SURFACE_STYLE_USAGE(.BOTH.,#7241);
#7238=SURFACE_STYLE_USAGE(.BOTH.,#7242);
#7239=SURFACE_STYLE_USAGE(.BOTH.,#7243);
#7240=SURFACE_SIDE_STYLE('',(#7244));
#7241=SURFACE_SIDE_STYLE('',(#7245));
#7242=SURFACE_SIDE_STYLE('',(#7246));
#7243=SURFACE_SIDE_STYLE('',(#7247));
#7244=SURFACE_STYLE_FILL_AREA(#7248);
#7245=SURFACE_STYLE_FILL_AREA(#7249);
#7246=SURFACE_STYLE_FILL_AREA(#7250);
#7247=SURFACE_STYLE_FILL_AREA(#7251);
#7248=FILL_AREA_STYLE('Steel - Satin',(#7252));
#7249=FILL_AREA_STYLE('Rilsan Invent Natural - PA 11',(#7253));
#7250=FILL_AREA_STYLE('PEEK',(#7254));
#7251=FILL_AREA_STYLE('Paek (Beige)',(#7255));
#7252=FILL_AREA_STYLE_COLOUR('Steel - Satin',#7256);
#7253=FILL_AREA_STYLE_COLOUR('Rilsan Invent Natural - PA 11',#7257);
#7254=FILL_AREA_STYLE_COLOUR('PEEK',#7258);
#7255=FILL_AREA_STYLE_COLOUR('Paek (Beige)',#7259);
#7256=COLOUR_RGB('Steel - Satin',0.627450980392157,0.627450980392157,0.627450980392157);
#7257=COLOUR_RGB('Rilsan Invent Natural - PA 11',0.964705882352941,0.964705882352941,
0.952941176470588);
#7258=COLOUR_RGB('PEEK',0.6,0.509803921568627,0.368627450980392);
#7259=COLOUR_RGB('Paek (Beige)',0.898039215686275,0.792156862745098,0.619607843137255);
ENDSEC;
END-ISO-10303-21;
